Workbook

Sheet seed1
C2: 1000/1000 | D2: a = 0.5 | H2: 1250/750 | I2: a = 0.5
B3: d | C3: vehicle0 | D3: vehicle1 | E3: all | G3: d | H3: vehicle0 | I3: vehicle1 | J3: all
B4: 200 | C4: 14.4062 | D4: 13.6768 | E4: 14.0458 | F4: excel9 | G4: 200 | H4: 11.8526 | I4: 14.108 | J4: 12.6545 | K4: excel9
B5: 190 | G5: 190 | M5: 12.3151 | N5: 15.3535 | O5: 13.3705
B6: 180 | G6: 180
B7: 170 | C7: 14.4062 | D7: 13.6768 | E7: 14.0458 | G7: 170 | H7: 11.8526 | I7: 14.1156 | J7: 12.6573
B8: 160 | C8: 14.4062 | D8: 13.6768 | E8: 14.0458 | G8: 160 | H8: 11.8526 | I8: 14.1156 | J8: 12.6573
B9: 150 | C9: 14.3002 | D9: 13.9987 | E9: 14.1521 | F9: excel9 | G9: 150 | H9: 12.218 | I9: 13.3914 | J9: 12.6407 | K9: excel9
B10: 140 | C10: 14.2485 | D10: 14.1894 | E10: 14.2195 | G10: 140 | H10: 11.9334 | I10: 14.4274 | J10: 12.8326
B11: 130 | C11: 14.2485 | D11: 14.1894 | E11: 14.2195 | G11: 130 | H11: 11.9334 | I11: 14.4274 | J11: 12.8326
B12: 120 | C12: 14.2485 | D12: 14.1894 | E12: 14.2195 | G12: 120 | H12: 11.9334 | I12: 14.4274 | J12: 12.8326
B13: 110 | C13: 14.2485 | D13: 14.1894 | E13: 14.2195 | G13: 110 | H13: 12.4483 | I13: 14.1194 | J13: 13.051
B14: 100 | C14: 14.4103 | D14: 13.6697 | E14: 14.0444 | F14: excel9 | G14: 100 | H14: 12.8198 | I14: 12.7034 | J14: 12.7772 | K14: excel9
B15: 90 | C15: 14.4103 | D15: 13.6697 | E15: 14.0444 | F15: mac | G15: 90 | H15: 12.7196 | I15: 13.0648 | J15: 12.8454 | K15: mac
B16: 80 | C16: 14.3349 | D16: 15.0866 | E16: 14.7016 | F16: mac | G16: 80 | H16: 12.8198 | I16: 12.7037 | J16: 12.7774 | K16: mac
B17: 70 | C17: 14.0389 | D17: 14.7529 | E17: 14.3893 | F17: mac | G17: 70 | H17: 12.4436 | I17: 14.9077 | J17: 13.3284 | K17: mac/collision2
B18: 60 | C18: 14.0389 | D18: 14.7529 | E18: 14.3893 | F18: mac | G18: 60 | H18: 12.4436 | I18: 14.9077 | J18: 13.3284 | K18: mac
G19: 50 | H19: 12.1982 | I19: 14.4717 | J19: 13.0191 | K19: mac
D20: hpc | G20: 40 | H20: 12.6585 | I20: 13.3443 | J20: 12.9092 | K20: mac
I22: hpc

Sheet seed2
C2: 1000/1000 | D2: a = 0.5 | H2: 1250/750 | I2: a = 0.5
B3: d | C3: vehicle0 | D3: vehicle1 | E3: all | G3: d | H3: vehicle0 | I3: vehicle1 | J3: all
B4: 200 | C4: 15.2775 | D4: 15.2418 | E4: 15.2592 | G4: 200 | H4: 14.7995 | I4: 15.2379 | J4: 14.9604
B5: 190 | G5: 190
B6: 180 | G6: 180
B7: 170 | C7: 15.2775 | D7: 15.2418 | E7: 15.2592 | G7: 170 | H7: 14.7995 | I7: 15.2379 | J7: 14.9604
B8: 160 | C8: 14.2632 | D8: 16.3589 | E8: 15.2882 | G8: 160 | H8: 14.7816 | I8: 15.2098 | J8: 14.9387
B9: 150 | C9: 14.2826 | D9: 16.3791 | E9: 15.3081 | G9: 150 | H9: 14.7995 | I9: 15.2379 | J9: 14.9604
B10: 140 | C10: 14.2567 | D10: 16.3505 | E10: 15.2808 | G10: 140 | H10: 14.7995 | I10: 15.2379 | J10: 14.9604
B11: 130 | C11: 15.2775 | D11: 15.2418 | E11: 15.2592 | G11: 130 | H11: 14.8469 | I11: 15.0816 | J11: 14.933
B12: 120 | C12: 15.2824 | D12: 15.5678 | E12: 15.4284 | G12: 120 | H12: 14.8342 | I12: 15.2293 | J12: 14.9791
B13: 110 | C13: 15.2865 | D13: 15.5626 | E13: 15.4277 | G13: 110 | H13: 14.8469 | I13: 15.0816 | J13: 14.933
B14: 100 | C14: 15.2828 | D14: 15.5676 | E14: 15.4284 | G14: 100 | H14: 14.8957 | I14: 14.3264 | J14: 14.6869
B15: 90 | C15: 14.4222 | D15: 16.3578 | E15: 15.3688 | G15: 90 | H15: 14.8665 | I15: 14.727 | J15: 14.8142
B16: 80 | C16: 14.3825 | D16: 16.3059 | E16: 15.3231 | G16: 80 | H16: 14.3789 | I16: 15.9843 | J16: 14.9401
B17: 70 | C17: 14.3766 | D17: 16.2782 | E17: 15.3067 | G17: 70 | H17: 14.3789 | I17: 15.9843 | J17: 14.9401
G18: 60 | H18: 14.3781 | I18: 15.9849 | J18: 14.9398
D19: mac | G19: 50 | H19: 14.3502 | I19: 16.0469 | J19: 14.9434
G20: 40 | H20: 14.7386 | I20: 15.1591 | J20: 14.8942
I21: mac

Sheet seed4
C2: 1000/1000 | D2: a = 0.5 | H2: 1250/750 | I2: a = 0.5
B3: d | C3: vehicle0 | D3: vehicle1 | E3: all | G3: d | H3: vehicle0 | I3: vehicle1 | J3: all
B4: 200 | C4: 14.8594 | D4: 15.6086 | E4: 15.2206 | G4: 200 | H4: 13.7891 | I4: 13.9856 | J4: 13.8609
B5: 190 | G5: 190
B6: 180 | G6: 180
B7: 170 | C7: 15.1071 | D7: 15.6166 | E7: 15.3527 | G7: 170 | H7: 13.791 | I7: 13.9682 | J7: 13.8557
B8: 160 | C8: 15.1093 | D8: 15.582 | E8: 15.3372 | G8: 160 | H8: 13.791 | I8: 13.9682 | J8: 13.8557
B9: 150 | C9: 14.8178 | D9: 15.0007 | E9: 14.906 | G9: 150 | H9: 13.791 | I9: 13.9682 | J9: 13.8557
B10: 140 | C10: 15.1093 | D10: 15.582 | E10: 15.3372 | G10: 140 | H10: 13.791 | I10: 13.9682 | J10: 13.8557
B11: 130 | C11: 14.9597 | D11: 15.4615 | E11: 15.2017 | G11: 130 | H11: 13.791 | I11: 13.9682 | J11: 13.8557
B12: 120 | C12: 15.2088 | D12: 16.0801 | E12: 15.6217 | G12: 120 | H12: 13.791 | I12: 13.9682 | J12: 13.8557
B13: 110 | C13: 15.2088 | D13: 16.0801 | E13: 15.6217 | G13: 110 | H13: 13.237 | I13: 15.5052 | J13: 13.978
B14: 100 | C14: 14.8178 | D14: 15.0007 | E14: 14.906 | G14: 100 | H14: 13.237 | I14: 15.5052 | J14: 13.978
B15: 90 | C15: 15.1093 | D15: 15.582 | E15: 15.3372 | G15: 90 | H15: 12.2737 | I15: 14.5779 | J15: 13.0523
B16: 80 | C16: 15.1093 | D16: 15.582 | E16: 15.3372 | G16: 80 | H16: 12.0478 | I16: 15.0566 | J16: 13.0245
B17: 70 | C17: 14.8178 | D17: 15.0007 | E17: 14.906 | G17: 70 | H17: 13.3754 | I17: 14.6344 | J17: 13.8186
G18: 60 | H18: 14.3079 | I18: 15.5226 | J18: 14.7286
D19: mac | G19: 50 | H19: 13.4731 | I19: 14.7196 | J19: 13.9121
G20: 40 | H20: 13.3722 | I20: 14.6514 | J20: 13.8225
I21: mac

Sheet seed5
C2: 1000/1000 | D2: a = 0.5 | H2: 1250/750 | I2: a = 0.5
B3: d | C3: vehicle0 | D3: vehicle1 | E3: all | G3: d | H3: vehicle0 | I3: vehicle1 | J3: all
B4: 200 | C4: 15.3392 | D4: 14.9591 | E4: 15.1636 | G4: 200 | H4: 15.823 | I4: 15.7512 | J4: 15.7981
B5: 190 | G5: 190
B6: 180 | G6: 180
B7: 170 | C7: 14.9293 | D7: 15.9143 | E7: 15.3844 | G7: 170 | H7: 15.823 | I7: 15.7512 | J7: 15.7981
B8: 160 | C8: 14.7816 | D8: 14.7789 | E8: 14.7804 | G8: 160 | H8: 15.823 | I8: 15.7512 | J8: 15.7981
B9: 150 | C9: 14.8776 | D9: 13.5655 | E9: 14.2513 | G9: 150 | H9: 15.823 | I9: 15.7512 | J9: 15.7981
B10: 140 | C10: 14.8776 | D10: 13.5655 | E10: 14.2513 | G10: 140 | H10: 15.823 | I10: 15.7512 | J10: 15.7981
B11: 130 | C11: 14.8776 | D11: 13.5655 | E11: 14.2513 | G11: 130 | H11: 15.823 | I11: 15.7512 | J11: 15.7981
B12: 120 | C12: 14.9306 | D12: 15.9321 | E12: 15.3933 | G12: 120 | H12: 15.8611 | I12: 15.9842 | J12: 15.9038
B13: 110 | C13: 14.9308 | D13: 15.9299 | E13: 15.3924 | G13: 110 | H13: 15.8611 | I13: 15.9842 | J13: 15.9038
B14: 100 | C14: 15.4971 | D14: 15.646 | E14: 15.5659 | G14: 100 | H14: 15.8611 | I14: 15.9842 | J14: 15.9038
B15: 90 | C15: 15.2683 | D15: 15.1117 | E15: 15.196 | G15: 90 | H15: 15.8611 | I15: 15.9842 | J15: 15.9038
B16: 80 | C16: 14.9306 | D16: 15.9321 | E16: 15.3933 | G16: 80 | H16: 15.8214 | I16: 16.4233 | J16: 16.0302
B17: 70 | C17: 15.5706 | D17: 14.095 | E17: 14.8828 | G17: 70 | H17: 15.823 | I17: 15.7512 | J17: 15.7981
G18: 60 | H18: 15.823 | I18: 15.7512 | J18: 15.7981
D19: mac | G19: 50 | H19: 15.829 | I19: 16.3417 | J19: 16.0069
G20: 40 | H20: 15.745 | I20: 14.7419 | J20: 15.3971
I21: mac

Sheet seed7
C2: 1000/1000 | D2: a = 0.5 | H2: 1250/750 | I2: a = 0.5
B3: d | C3: vehicle0 | D3: vehicle1 | E3: all | G3: d | H3: vehicle0 | I3: vehicle1 | J3: all
B4: 200 | C4: 12.7701 | D4: 15.6074 | E4: 14.1123 | G4: 200 | H4: 11.4959 | I4: 15.3592 | J4: 12.8338
B5: 190 | G5: 190
B6: 180 | G6: 180
B7: 170 | C7: 12.7701 | D7: 15.6074 | E7: 14.1123 | G7: 170 | H7: 11.4959 | I7: 15.3592 | J7: 12.8338
B8: 160 | C8: 13.971 | D8: 15.2024 | E8: 14.5588 | G8: 160 | H8: 11.4959 | I8: 15.3592 | J8: 12.8338
B9: 150 | C9: 13.7858 | D9: 15.8905 | E9: 14.7905 | G9: 150 | H9: 11.4959 | I9: 15.3592 | J9: 12.8338
B10: 140 | C10: 13.8478 | D10: 15.2922 | E10: 14.5373 | G10: 140 | H10: 11.4959 | I10: 15.3592 | J10: 12.8338
B11: 130 | C11: 13.971 | D11: 15.2024 | E11: 14.5588 | G11: 130 | H11: 11.4959 | I11: 15.3592 | J11: 12.8338
B12: 120 | C12: 13.971 | D12: 15.2024 | E12: 14.5588 | G12: 120 | H12: 11.4959 | I12: 15.3592 | J12: 12.8338
B13: 110 | C13: 10.4853 | D13: 12.8689 | E13: 11.6334 | G13: 110 | H13: 12.6883 | I13: 15.4151 | J13: 13.6409
B14: 100 | C14: 10.979 | D14: 14.1107 | E14: 12.4802 | G14: 100 | H14: 13.2559 | I14: 16.3381 | J14: 14.3257
B15: 90 | C15: 11.2395 | D15: 13.9244 | E15: 12.5279 | G15: 90 | H15: 13.205 | I15: 16.3497 | J15: 14.2965
B16: 80 | C16: 12.7704 | D16: 15.6121 | E16: 14.1147 | G16: 80 | H16: 13.202 | I16: 16.3555 | J16: 14.2965
B17: 70 | C17: 12.7704 | D17: 15.6121 | E17: 14.1147 | G17: 70 | H17: 13.2225 | I17: 16.3424 | J17: 14.3054
G18: 60 | H18: 13.2638 | I18: 16.3077 | J18: 14.3203
D19: mac | G19: 50 | H19: 13.2363 | I19: 16.0248 | J19: 14.216
G20: 40
I21: mac

Sheet average
C2: 1000/1000 | D2: a = 0.5 | H2: 1250/750 | I2: a = 0.5
B3: d | C3: vehicle0 | D3: vehicle1 | E3: all | G3: d | H3: vehicle0 | I3: vehicle1 | J3: all
B4: 200 | C4: =ROUND(AVERAGE(seed1!C4,seed2!C4,seed4!C4,seed5!C4,seed7!C4), 4) -> 14.5305 | D4: =ROUND(AVERAGE(seed1!D4,seed2!D4,seed4!D4,seed5!D4,seed7!D4), 4) -> 15.0187 | E4: =ROUND(AVERAGE(seed1!E4,seed2!E4,seed4!E4,seed5!E4,seed7!E4), 4) -> 14.7603 | G4: 200 | H4: =ROUND(AVERAGE(seed1!H4,seed2!H4,seed4!H4,seed5!H4,seed7!H4), 4) -> 13.552 | I4: =ROUND(AVERAGE(seed1!I4,seed2!I4,seed4!I4,seed5!I4,seed7!I4), 4) -> 14.8884 | J4: =ROUND(AVERAGE(seed1!J4,seed2!J4,seed4!J4,seed5!J4,seed7!J4), 4) -> 14.0215
B5: 190 | G5: 190
B6: 180 | G6: 180
B7: 170 | C7: =ROUND(AVERAGE(seed1!C7,seed2!C7,seed4!C7,seed5!C7,seed7!C7), 4) -> 14.498 | D7: =ROUND(AVERAGE(seed1!D7,seed2!D7,seed4!D7,seed5!D7,seed7!D7), 4) -> 15.2114 | E7: =ROUND(AVERAGE(seed1!E7,seed2!E7,seed4!E7,seed5!E7,seed7!E7), 4) -> 14.8309 | G7: 170 | H7: =ROUND(AVERAGE(seed1!H7,seed2!H7,seed4!H7,seed5!H7,seed7!H7), 4) -> 13.5524 | I7: =ROUND(AVERAGE(seed1!I7,seed2!I7,seed4!I7,seed5!I7,seed7!I7), 4) -> 14.8864 | J7: =ROUND(AVERAGE(seed1!J7,seed2!J7,seed4!J7,seed5!J7,seed7!J7), 4) -> 14.0211
B8: 160 | C8: =ROUND(AVERAGE(seed1!C8,seed2!C8,seed4!C8,seed5!C8,seed7!C8), 4) -> 14.5063 | D8: =ROUND(AVERAGE(seed1!D8,seed2!D8,seed4!D8,seed5!D8,seed7!D8), 4) -> 15.1198 | E8: =ROUND(AVERAGE(seed1!E8,seed2!E8,seed4!E8,seed5!E8,seed7!E8), 4) -> 14.8021 | G8: 160 | H8: =ROUND(AVERAGE(seed1!H8,seed2!H8,seed4!H8,seed5!H8,seed7!H8), 4) -> 13.5488 | I8: =ROUND(AVERAGE(seed1!I8,seed2!I8,seed4!I8,seed5!I8,seed7!I8), 4) -> 14.8808 | J8: =ROUND(AVERAGE(seed1!J8,seed2!J8,seed4!J8,seed5!J8,seed7!J8), 4) -> 14.0167
B9: 150 | C9: =ROUND(AVERAGE(seed1!C9,seed2!C9,seed4!C9,seed5!C9,seed7!C9), 4) -> 14.4128 | D9: =ROUND(AVERAGE(seed1!D9,seed2!D9,seed4!D9,seed5!D9,seed7!D9), 4) -> 14.9669 | E9: =ROUND(AVERAGE(seed1!E9,seed2!E9,seed4!E9,seed5!E9,seed7!E9), 4) -> 14.6816 | G9: 150 | H9: =ROUND(AVERAGE(seed1!H9,seed2!H9,seed4!H9,seed5!H9,seed7!H9), 4) -> 13.6255 | I9: =ROUND(AVERAGE(seed1!I9,seed2!I9,seed4!I9,seed5!I9,seed7!I9), 4) -> 14.7416 | J9: =ROUND(AVERAGE(seed1!J9,seed2!J9,seed4!J9,seed5!J9,seed7!J9), 4) -> 14.0177
B10: 140 | C10: =ROUND(AVERAGE(seed1!C10,seed2!C10,seed4!C10,seed5!C10,seed7!C10), 4) -> 14.468 | D10: =ROUND(AVERAGE(seed1!D10,seed2!D10,seed4!D10,seed5!D10,seed7!D10), 4) -> 14.9959 | E10: =ROUND(AVERAGE(seed1!E10,seed2!E10,seed4!E10,seed5!E10,seed7!E10), 4) -> 14.7252 | G10: 140 | H10: =ROUND(AVERAGE(seed1!H10,seed2!H10,seed4!H10,seed5!H10,seed7!H10), 4) -> 13.5686 | I10: =ROUND(AVERAGE(seed1!I10,seed2!I10,seed4!I10,seed5!I10,seed7!I10), 4) -> 14.9488 | J10: =ROUND(AVERAGE(seed1!J10,seed2!J10,seed4!J10,seed5!J10,seed7!J10), 4) -> 14.0561
B11: 130 | C11: =ROUND(AVERAGE(seed1!C11,seed2!C11,seed4!C11,seed5!C11,seed7!C11), 4) -> 14.6669 | D11: =ROUND(AVERAGE(seed1!D11,seed2!D11,seed4!D11,seed5!D11,seed7!D11), 4) -> 14.7321 | E11: =ROUND(AVERAGE(seed1!E11,seed2!E11,seed4!E11,seed5!E11,seed7!E11), 4) -> 14.6981 | G11: 130 | H11: =ROUND(AVERAGE(seed1!H11,seed2!H11,seed4!H11,seed5!H11,seed7!H11), 4) -> 13.578 | I11: =ROUND(AVERAGE(seed1!I11,seed2!I11,seed4!I11,seed5!I11,seed7!I11), 4) -> 14.9175 | J11: =ROUND(AVERAGE(seed1!J11,seed2!J11,seed4!J11,seed5!J11,seed7!J11), 4) -> 14.0506
B12: 120 | C12: =ROUND(AVERAGE(seed1!C12,seed2!C12,seed4!C12,seed5!C12,seed7!C12), 4) -> 14.7283 | D12: =ROUND(AVERAGE(seed1!D12,seed2!D12,seed4!D12,seed5!D12,seed7!D12), 4) -> 15.3944 | E12: =ROUND(AVERAGE(seed1!E12,seed2!E12,seed4!E12,seed5!E12,seed7!E12), 4) -> 15.0443 | G12: 120 | H12: =ROUND(AVERAGE(seed1!H12,seed2!H12,seed4!H12,seed5!H12,seed7!H12), 4) -> 13.5831 | I12: =ROUND(AVERAGE(seed1!I12,seed2!I12,seed4!I12,seed5!I12,seed7!I12), 4) -> 14.9937 | J12: =ROUND(AVERAGE(seed1!J12,seed2!J12,seed4!J12,seed5!J12,seed7!J12), 4) -> 14.081
B13: 110 | C13: =ROUND(AVERAGE(seed1!C13,seed2!C13,seed4!C13,seed5!C13,seed7!C13), 4) -> 14.032 | D13: =ROUND(AVERAGE(seed1!D13,seed2!D13,seed4!D13,seed5!D13,seed7!D13), 4) -> 14.9262 | E13: =ROUND(AVERAGE(seed1!E13,seed2!E13,seed4!E13,seed5!E13,seed7!E13), 4) -> 14.4589 | G13: 110 | H13: =ROUND(AVERAGE(seed1!H13,seed2!H13,seed4!H13,seed5!H13,seed7!H13), 4) -> 13.8163 | I13: =ROUND(AVERAGE(seed1!I13,seed2!I13,seed4!I13,seed5!I13,seed7!I13), 4) -> 15.2211 | J13: =ROUND(AVERAGE(seed1!J13,seed2!J13,seed4!J13,seed5!J13,seed7!J13), 4) -> 14.3013
B14: 100 | C14: =ROUND(AVERAGE(seed1!C14,seed2!C14,seed4!C14,seed5!C14,seed7!C14), 4) -> 14.1974 | D14: =ROUND(AVERAGE(seed1!D14,seed2!D14,seed4!D14,seed5!D14,seed7!D14), 4) -> 14.7989 | E14: =ROUND(AVERAGE(seed1!E14,seed2!E14,seed4!E14,seed5!E14,seed7!E14), 4) -> 14.485 | G14: 100 | H14: =ROUND(AVERAGE(seed1!H14,seed2!H14,seed4!H14,seed5!H14,seed7!H14), 4) -> 14.0139 | I14: =ROUND(AVERAGE(seed1!I14,seed2!I14,seed4!I14,seed5!I14,seed7!I14), 4) -> 14.9715 | J14: =ROUND(AVERAGE(seed1!J14,seed2!J14,seed4!J14,seed5!J14,seed7!J14), 4) -> 14.3343
B15: 90 | C15: =ROUND(AVERAGE(seed1!C15,seed2!C15,seed4!C15,seed5!C15,seed7!C15), 4) -> 14.0899 | D15: =ROUND(AVERAGE(seed1!D15,seed2!D15,seed4!D15,seed5!D15,seed7!D15), 4) -> 14.9291 | E15: =ROUND(AVERAGE(seed1!E15,seed2!E15,seed4!E15,seed5!E15,seed7!E15), 4) -> 14.4949 | G15: 90 | H15: =ROUND(AVERAGE(seed1!H15,seed2!H15,seed4!H15,seed5!H15,seed7!H15), 4) -> 13.7852 | I15: =ROUND(AVERAGE(seed1!I15,seed2!I15,seed4!I15,seed5!I15,seed7!I15), 4) -> 14.9407 | J15: =ROUND(AVERAGE(seed1!J15,seed2!J15,seed4!J15,seed5!J15,seed7!J15), 4) -> 14.1824
B16: 80 | C16: =ROUND(AVERAGE(seed1!C16,seed2!C16,seed4!C16,seed5!C16,seed7!C16), 4) -> 14.3055 | D16: =ROUND(AVERAGE(seed1!D16,seed2!D16,seed4!D16,seed5!D16,seed7!D16), 4) -> 15.7037 | E16: =ROUND(AVERAGE(seed1!E16,seed2!E16,seed4!E16,seed5!E16,seed7!E16), 4) -> 14.974 | G16: 80 | H16: =ROUND(AVERAGE(seed1!H16,seed2!H16,seed4!H16,seed5!H16,seed7!H16), 4) -> 13.654 | I16: =ROUND(AVERAGE(seed1!I16,seed2!I16,seed4!I16,seed5!I16,seed7!I16), 4) -> 15.3047 | J16: =ROUND(AVERAGE(seed1!J16,seed2!J16,seed4!J16,seed5!J16,seed7!J16), 4) -> 14.2137
B17: 70 | C17: =ROUND(AVERAGE(seed1!C17,seed2!C17,seed4!C17,seed5!C17,seed7!C17), 4) -> 14.3149 | D17: =ROUND(AVERAGE(seed1!D17,seed2!D17,seed4!D17,seed5!D17,seed7!D17), 4) -> 15.1478 | E17: =ROUND(AVERAGE(seed1!E17,seed2!E17,seed4!E17,seed5!E17,seed7!E17), 4) -> 14.7199 | G17: 70 | H17: =ROUND(AVERAGE(seed1!H17,seed2!H17,seed4!H17,seed5!H17,seed7!H17), 4) -> 13.8487 | I17: =ROUND(AVERAGE(seed1!I17,seed2!I17,seed4!I17,seed5!I17,seed7!I17), 4) -> 15.524 | J17: =ROUND(AVERAGE(seed1!J17,seed2!J17,seed4!J17,seed5!J17,seed7!J17), 4) -> 14.4381
G18: 60 | H18: =ROUND(AVERAGE(seed1!H18,seed2!H18,seed4!H18,seed5!H18,seed7!H18), 4) -> 14.0433 | I18: =ROUND(AVERAGE(seed1!I18,seed2!I18,seed4!I18,seed5!I18,seed7!I18), 4) -> 15.6948 | J18: =ROUND(AVERAGE(seed1!J18,seed2!J18,seed4!J18,seed5!J18,seed7!J18), 4) -> 14.623
G19: 50 | H19: =ROUND(AVERAGE(seed1!H19,seed2!H19,seed4!H19,seed5!H19,seed7!H19), 4) -> 13.8174 | I19: =ROUND(AVERAGE(seed1!I19,seed2!I19,seed4!I19,seed5!I19,seed7!I19), 4) -> 15.5209 | J19: =ROUND(AVERAGE(seed1!J19,seed2!J19,seed4!J19,seed5!J19,seed7!J19), 4) -> 14.4195
G20: 40 | H20: =ROUND(AVERAGE(seed1!H20,seed2!H20,seed4!H20,seed5!H20,seed7!H20), 4) -> 14.1286 | I20: =ROUND(AVERAGE(seed1!I20,seed2!I20,seed4!I20,seed5!I20,seed7!I20), 4) -> 14.4742 | J20: =ROUND(AVERAGE(seed1!J20,seed2!J20,seed4!J20,seed5!J20,seed7!J20), 4) -> 14.2558
