Workbook

Sheet seed1
C2: 1000/1000 | D2: a = 0.5 | H2: 1250/750 | I2: a = 0.5
B3: d | C3: vehicle0 | D3: vehicle1 | E3: all | G3: d | H3: vehicle0 | I3: vehicle1 | J3: all
B4: 200 | C4: 14.4062 | D4: 13.6768 | E4: 14.0458 | F4: excel9 | G4: 200 | H4: 11.8526 | I4: 14.108 | J4: 12.6545 | K4: excel9
B5: 190 | G5: 190 | M5: 12.3151 | N5: 15.3535 | O5: 13.3705
B6: 180 | G6: 180
B7: 170 | C7: 14.4062 | D7: 13.6768 | E7: 14.0458 | G7: 170 | H7: 11.8526 | I7: 14.1156 | J7: 12.6573
B8: 160 | C8: 14.4062 | D8: 13.6768 | E8: 14.0458 | G8: 160 | H8: 11.8526 | I8: 14.1156 | J8: 12.6573
B9: 150 | C9: 14.3002 | D9: 13.9987 | E9: 14.1521 | F9: excel9 | G9: 150 | H9: 12.218 | I9: 13.3914 | J9: 12.6407 | K9: excel9
B10: 140 | C10: 14.2485 | D10: 14.1894 | E10: 14.2195 | G10: 140 | H10: 11.9334 | I10: 14.4274 | J10: 12.8326
B11: 130 | C11: 14.2485 | D11: 14.1894 | E11: 14.2195 | G11: 130 | H11: 11.9334 | I11: 14.4274 | J11: 12.8326
B12: 120 | C12: 14.2485 | D12: 14.1894 | E12: 14.2195 | G12: 120 | H12: 11.9334 | I12: 14.4274 | J12: 12.8326
B13: 110 | C13: 14.2485 | D13: 14.1894 | E13: 14.2195 | G13: 110 | H13: 12.4483 | I13: 14.1194 | J13: 13.051
B14: 100 | C14: 14.4103 | D14: 13.6697 | E14: 14.0444 | F14: excel9 | G14: 100 | H14: 12.8198 | I14: 12.7034 | J14: 12.7772 | K14: excel9
B15: 90 | C15: 14.4103 | D15: 13.6697 | E15: 14.0444 | F15: mac | G15: 90 | H15: 12.7196 | I15: 13.0648 | J15: 12.8454 | K15: mac
B16: 80 | C16: 14.3349 | D16: 15.0866 | E16: 14.7016 | F16: mac | G16: 80 | H16: 12.8198 | I16: 12.7037 | J16: 12.7774 | K16: mac
B17: 70 | C17: 14.0389 | D17: 14.7529 | E17: 14.3893 | F17: mac | G17: 70 | H17: 12.4436 | I17: 14.9077 | J17: 13.3284 | K17: mac/collision2
B18: 60 | C18: 14.0389 | D18: 14.7529 | E18: 14.3893 | F18: mac | G18: 60 | H18: 12.4436 | I18: 14.9077 | J18: 13.3284 | K18: mac
G19: 50 | H19: 12.1982 | I19: 14.4717 | J19: 13.0191 | K19: mac
D20: hpc | G20: 40 | H20: 12.6585 | I20: 13.3443 | J20: 12.9092 | K20: mac
I22: hpc

Sheet seed2
C2: 1000/1000 | D2: a = 0.5 | H2: 1250/750 | I2: a = 0.5
B3: d | C3: vehicle0 | D3: vehicle1 | E3: all | G3: d | H3: vehicle0 | I3: vehicle1 | J3: all
B4: 200 | C4: 15.2775 | D4: 15.2418 | E4: 15.2592 | G4: 200 | H4: 14.7995 | I4: 15.2379 | J4: 14.9604
B5: 190 | G5: 190
B6: 180 | G6: 180
B7: 170 | C7: 15.2775 | D7: 15.2418 | E7: 15.2592 | G7: 170 | H7: 14.7995 | I7: 15.2379 | J7: 14.9604
B8: 160 | C8: 14.2632 | D8: 16.3589 | E8: 15.2882 | G8: 160 | H8: 14.7816 | I8: 15.2098 | J8: 14.9387
B9: 150 | C9: 14.2826 | D9: 16.3791 | E9: 15.3081 | G9: 150 | H9: 14.7995 | I9: 15.2379 | J9: 14.9604
B10: 140 | C10: 14.2567 | D10: 16.3505 | E10: 15.2808 | G10: 140 | H10: 14.7995 | I10: 15.2379 | J10: 14.9604
B11: 130 | C11: 15.2775 | D11: 15.2418 | E11: 15.2592 | G11: 130 | H11: 14.8469 | I11: 15.0816 | J11: 14.933
B12: 120 | C12: 15.2824 | D12: 15.5678 | E12: 15.4284 | G12: 120 | H12: 14.8342 | I12: 15.2293 | J12: 14.9791
B13: 110 | C13: 15.2865 | D13: 15.5626 | E13: 15.4277 | G13: 110 | H13: 14.8469 | I13: 15.0816 | J13: 14.933
B14: 100 | C14: 15.2828 | D14: 15.5676 | E14: 15.4284 | G14: 100 | H14: 14.8957 | I14: 14.3264 | J14: 14.6869
B15: 90 | C15: 14.4222 | D15: 16.3578 | E15: 15.3688 | G15: 90 | H15: 14.8665 | I15: 14.727 | J15: 14.8142
B16: 80 | C16: 14.3825 | D16: 16.3059 | E16: 15.3231 | G16: 80 | H16: 14.3789 | I16: 15.9843 | J16: 14.9401
B17: 70 | C17: 14.3766 | D17: 16.2782 | E17: 15.3067 | G17: 70 | H17: 14.3789 | I17: 15.9843 | J17: 14.9401
G18: 60 | H18: 14.3781 | I18: 15.9849 | J18: 14.9398
D19: mac | G19: 50 | H19: 14.3502 | I19: 16.0469 | J19: 14.9434
G20: 40 | H20: 14.7386 | I20: 15.1591 | J20: 14.8942
I21: mac

Sheet seed4
C2: 1000/1000 | D2: a = 0.5 | H2: 1250/750 | I2: a = 0.5
B3: d | C3: vehicle0 | D3: vehicle1 | E3: all | G3: d | H3: vehicle0 | I3: vehicle1 | J3: all
B4: 200 | C4: 14.8594 | D4: 15.6086 | E4: 15.2206 | G4: 200 | H4: 13.7891 | I4: 13.9856 | J4: 13.8609
B5: 190 | G5: 190
B6: 180 | G6: 180
B7: 170 | C7: 15.1071 | D7: 15.6166 | E7: 15.3527 | G7: 170 | H7: 13.791 | I7: 13.9682 | J7: 13.8557
B8: 160 | C8: 15.1093 | D8: 15.582 | E8: 15.3372 | G8: 160 | H8: 13.791 | I8: 13.9682 | J8: 13.8557
B9: 150 | C9: 14.8178 | D9: 15.0007 | E9: 14.906 | G9: 150 | H9: 13.791 | I9: 13.9682 | J9: 13.8557
B10: 140 | C10: 15.1093 | D10: 15.582 | E10: 15.3372 | G10: 140 | H10: 13.791 | I10: 13.9682 | J10: 13.8557
B11: 130 | C11: 14.9597 | D11: 15.4615 | E11: 15.2017 | G11: 130 | H11: 13.791 | I11: 13.9682 | J11: 13.8557
B12: 120 | C12: 15.2088 | D12: 16.0801 | E12: 15.6217 | G12: 120 | H12: 13.791 | I12: 13.9682 | J12: 13.8557
B13: 110 | C13: 15.2088 | D13: 16.0801 | E13: 15.6217 | G13: 110 | H13: 13.237 | I13: 15.5052 | J13: 13.978
B14: 100 | C14: 14.8178 | D14: 15.0007 | E14: 14.906 | G14: 100 | H14: 13.237 | I14: 15.5052 | J14: 13.978
B15: 90 | C15: 15.1093 | D15: 15.582 | E15: 15.3372 | G15: 90 | H15: 12.2737 | I15: 14.5779 | J15: 13.0523
B16: 80 | C16: 15.1093 | D16: 15.582 | E16: 15.3372 | G16: 80 | H16: 12.0478 | I16: 15.0566 | J16: 13.0245
B17: 70 | C17: 14.8178 | D17: 15.0007 | E17: 14.906 | G17: 70 | H17: 13.3754 | I17: 14.6344 | J17: 13.8186
G18: 60 | H18: 14.3079 | I18: 15.5226 | J18: 14.7286
D19: mac | G19: 50 | H19: 13.4731 | I19: 14.7196 | J19: 13.9121
G20: 40 | H20: 13.3722 | I20: 14.6514 | J20: 13.8225
I21: mac

Sheet seed5
C2: 1000/1000 | D2: a = 0.5 | H2: 1250/750 | I2: a = 0.5
B3: d | C3: vehicle0 | D3: vehicle1 | E3: all | G3: d | H3: vehicle0 | I3: vehicle1 | J3: all
B4: 200 | C4: 15.3392 | D4: 14.9591 | E4: 15.1636 | G4: 200 | H4: 15.823 | I4: 15.7512 | J4: 15.7981
B5: 190 | G5: 190
B6: 180 | G6: 180
B7: 170 | C7: 14.9293 | D7: 15.9143 | E7: 15.3844 | G7: 170 | H7: 15.823 | I7: 15.7512 | J7: 15.7981
B8: 160 | C8: 14.7816 | D8: 14.7789 | E8: 14.7804 | G8: 160 | H8: 15.823 | I8: 15.7512 | J8: 15.7981
B9: 150 | C9: 14.8776 | D9: 13.5655 | E9: 14.2513 | G9: 150 | H9: 15.823 | I9: 15.7512 | J9: 15.7981
B10: 140 | C10: 14.8776 | D10: 13.5655 | E10: 14.2513 | G10: 140 | H10: 15.823 | I10: 15.7512 | J10: 15.7981
B11: 130 | C11: 14.8776 | D11: 13.5655 | E11: 14.2513 | G11: 130 | H11: 15.823 | I11: 15.7512 | J11: 15.7981
B12: 120 | C12: 14.9306 | D12: 15.9321 | E12: 15.3933 | G12: 120 | H12: 15.8611 | I12: 15.9842 | J12: 15.9038
B13: 110 | C13: 14.9308 | D13: 15.9299 | E13: 15.3924 | G13: 110 | H13: 15.8611 | I13: 15.9842 | J13: 15.9038
B14: 100 | C14: 15.4971 | D14: 15.646 | E14: 15.5659 | G14: 100 | H14: 15.8611 | I14: 15.9842 | J14: 15.9038
B15: 90 | C15: 15.2683 | D15: 15.1117 | E15: 15.196 | G15: 90 | H15: 15.8611 | I15: 15.9842 | J15: 15.9038
B16: 80 | C16: 14.9306 | D16: 15.9321 | E16: 15.3933 | G16: 80 | H16: 15.8214 | I16: 16.4233 | J16: 16.0302
B17: 70 | C17: 15.5706 | D17: 14.095 | E17: 14.8828 | G17: 70 | H17: 15.823 | I17: 15.7512 | J17: 15.7981
G18: 60 | H18: 15.823 | I18: 15.7512 | J18: 15.7981
D19: mac | G19: 50 | H19: 15.829 | I19: 16.3417 | J19: 16.0069
G20: 40 | H20: 15.745 | I20: 14.7419 | J20: 15.3971
I21: mac

Sheet seed7
C2: 1000/1000 | D2: a = 0.5 | H2: 1250/750 | I2: a = 0.5
B3: d | C3: vehicle0 | D3: vehicle1 | E3: all | G3: d | H3: vehicle0 | I3: vehicle1 | J3: all
B4: 200 | C4: 12.7701 | D4: 15.6074 | E4: 14.1123 | G4: 200 | H4: 11.4959 | I4: 15.3592 | J4: 12.8338
B5: 190 | G5: 190
B6: 180 | G6: 180
B7: 170 | C7: 12.7701 | D7: 15.6074 | E7: 14.1123 | G7: 170 | H7: 11.4959 | I7: 15.3592 | J7: 12.8338
B8: 160 | C8: 13.971 | D8: 15.2024 | E8: 14.5588 | G8: 160 | H8: 11.4959 | I8: 15.3592 | J8: 12.8338
B9: 150 | C9: 13.7858 | D9: 15.8905 | E9: 14.7905 | G9: 150 | H9: 11.4959 | I9: 15.3592 | J9: 12.8338
B10: 140 | C10: 13.8478 | D10: 15.2922 | E10: 14.5373 | G10: 140 | H10: 11.4959 | I10: 15.3592 | J10: 12.8338
B11: 130 | C11: 13.971 | D11: 15.2024 | E11: 14.5588 | G11: 130 | H11: 11.4959 | I11: 15.3592 | J11: 12.8338
B12: 120 | C12: 13.971 | D12: 15.2024 | E12: 14.5588 | G12: 120 | H12: 11.4959 | I12: 15.3592 | J12: 12.8338
B13: 110 | C13: 10.4853 | D13: 12.8689 | E13: 11.6334 | G13: 110 | H13: 12.6883 | I13: 15.4151 | J13: 13.6409
B14: 100 | C14: 10.979 | D14: 14.1107 | E14: 12.4802 | G14: 100 | H14: 13.2559 | I14: 16.3381 | J14: 14.3257
B15: 90 | C15: 11.2395 | D15: 13.9244 | E15: 12.5279 | G15: 90 | H15: 13.205 | I15: 16.3497 | J15: 14.2965
B16: 80 | C16: 12.7704 | D16: 15.6121 | E16: 14.1147 | G16: 80 | H16: 13.202 | I16: 16.3555 | J16: 14.2965
B17: 70 | C17: 12.7704 | D17: 15.6121 | E17: 14.1147 | G17: 70 | H17: 13.2225 | I17: 16.3424 | J17: 14.3054
G18: 60 | H18: 13.2638 | I18: 16.3077 | J18: 14.3203
D19: mac | G19: 50 | H19: 13.2363 | I19: 16.0248 | J19: 14.216
G20: 40 | H20: 14.3254 | I20: 16.6594 | J20: 15.1558
I21: mac

Sheet average1-7
C2: 1000/1000 | D2: a = 0.5 | H2: 1250/750 | I2: a = 0.5
B3: d | C3: vehicle0 | D3: vehicle1 | E3: all | G3: d | H3: vehicle0 | I3: vehicle1 | J3: all
B4: 200 | C4: =ROUND(AVERAGE(seed1!C4,seed2!C4,seed4!C4,seed5!C4,seed7!C4), 4) -> 14.5305 | D4: =ROUND(AVERAGE(seed1!D4,seed2!D4,seed4!D4,seed5!D4,seed7!D4), 4) -> 15.0187 | E4: =ROUND(AVERAGE(seed1!E4,seed2!E4,seed4!E4,seed5!E4,seed7!E4), 4) -> 14.7603 | G4: 200 | H4: =ROUND(AVERAGE(seed1!H4,seed2!H4,seed4!H4,seed5!H4,seed7!H4), 4) -> 13.552 | I4: =ROUND(AVERAGE(seed1!I4,seed2!I4,seed4!I4,seed5!I4,seed7!I4), 4) -> 14.8884 | J4: =ROUND(AVERAGE(seed1!J4,seed2!J4,seed4!J4,seed5!J4,seed7!J4), 4) -> 14.0215
B5: 190 | G5: 190
B6: 180 | G6: 180
B7: 170 | C7: =ROUND(AVERAGE(seed1!C7,seed2!C7,seed4!C7,seed5!C7,seed7!C7), 4) -> 14.498 | D7: =ROUND(AVERAGE(seed1!D7,seed2!D7,seed4!D7,seed5!D7,seed7!D7), 4) -> 15.2114 | E7: =ROUND(AVERAGE(seed1!E7,seed2!E7,seed4!E7,seed5!E7,seed7!E7), 4) -> 14.8309 | G7: 170 | H7: =ROUND(AVERAGE(seed1!H7,seed2!H7,seed4!H7,seed5!H7,seed7!H7), 4) -> 13.5524 | I7: =ROUND(AVERAGE(seed1!I7,seed2!I7,seed4!I7,seed5!I7,seed7!I7), 4) -> 14.8864 | J7: =ROUND(AVERAGE(seed1!J7,seed2!J7,seed4!J7,seed5!J7,seed7!J7), 4) -> 14.0211
B8: 160 | C8: =ROUND(AVERAGE(seed1!C8,seed2!C8,seed4!C8,seed5!C8,seed7!C8), 4) -> 14.5063 | D8: =ROUND(AVERAGE(seed1!D8,seed2!D8,seed4!D8,seed5!D8,seed7!D8), 4) -> 15.1198 | E8: =ROUND(AVERAGE(seed1!E8,seed2!E8,seed4!E8,seed5!E8,seed7!E8), 4) -> 14.8021 | G8: 160 | H8: =ROUND(AVERAGE(seed1!H8,seed2!H8,seed4!H8,seed5!H8,seed7!H8), 4) -> 13.5488 | I8: =ROUND(AVERAGE(seed1!I8,seed2!I8,seed4!I8,seed5!I8,seed7!I8), 4) -> 14.8808 | J8: =ROUND(AVERAGE(seed1!J8,seed2!J8,seed4!J8,seed5!J8,seed7!J8), 4) -> 14.0167
B9: 150 | C9: =ROUND(AVERAGE(seed1!C9,seed2!C9,seed4!C9,seed5!C9,seed7!C9), 4) -> 14.4128 | D9: =ROUND(AVERAGE(seed1!D9,seed2!D9,seed4!D9,seed5!D9,seed7!D9), 4) -> 14.9669 | E9: =ROUND(AVERAGE(seed1!E9,seed2!E9,seed4!E9,seed5!E9,seed7!E9), 4) -> 14.6816 | G9: 150 | H9: =ROUND(AVERAGE(seed1!H9,seed2!H9,seed4!H9,seed5!H9,seed7!H9), 4) -> 13.6255 | I9: =ROUND(AVERAGE(seed1!I9,seed2!I9,seed4!I9,seed5!I9,seed7!I9), 4) -> 14.7416 | J9: =ROUND(AVERAGE(seed1!J9,seed2!J9,seed4!J9,seed5!J9,seed7!J9), 4) -> 14.0177
B10: 140 | C10: =ROUND(AVERAGE(seed1!C10,seed2!C10,seed4!C10,seed5!C10,seed7!C10), 4) -> 14.468 | D10: =ROUND(AVERAGE(seed1!D10,seed2!D10,seed4!D10,seed5!D10,seed7!D10), 4) -> 14.9959 | E10: =ROUND(AVERAGE(seed1!E10,seed2!E10,seed4!E10,seed5!E10,seed7!E10), 4) -> 14.7252 | G10: 140 | H10: =ROUND(AVERAGE(seed1!H10,seed2!H10,seed4!H10,seed5!H10,seed7!H10), 4) -> 13.5686 | I10: =ROUND(AVERAGE(seed1!I10,seed2!I10,seed4!I10,seed5!I10,seed7!I10), 4) -> 14.9488 | J10: =ROUND(AVERAGE(seed1!J10,seed2!J10,seed4!J10,seed5!J10,seed7!J10), 4) -> 14.0561
B11: 130 | C11: =ROUND(AVERAGE(seed1!C11,seed2!C11,seed4!C11,seed5!C11,seed7!C11), 4) -> 14.6669 | D11: =ROUND(AVERAGE(seed1!D11,seed2!D11,seed4!D11,seed5!D11,seed7!D11), 4) -> 14.7321 | E11: =ROUND(AVERAGE(seed1!E11,seed2!E11,seed4!E11,seed5!E11,seed7!E11), 4) -> 14.6981 | G11: 130 | H11: =ROUND(AVERAGE(seed1!H11,seed2!H11,seed4!H11,seed5!H11,seed7!H11), 4) -> 13.578 | I11: =ROUND(AVERAGE(seed1!I11,seed2!I11,seed4!I11,seed5!I11,seed7!I11), 4) -> 14.9175 | J11: =ROUND(AVERAGE(seed1!J11,seed2!J11,seed4!J11,seed5!J11,seed7!J11), 4) -> 14.0506
B12: 120 | C12: =ROUND(AVERAGE(seed1!C12,seed2!C12,seed4!C12,seed5!C12,seed7!C12), 4) -> 14.7283 | D12: =ROUND(AVERAGE(seed1!D12,seed2!D12,seed4!D12,seed5!D12,seed7!D12), 4) -> 15.3944 | E12: =ROUND(AVERAGE(seed1!E12,seed2!E12,seed4!E12,seed5!E12,seed7!E12), 4) -> 15.0443 | G12: 120 | H12: =ROUND(AVERAGE(seed1!H12,seed2!H12,seed4!H12,seed5!H12,seed7!H12), 4) -> 13.5831 | I12: =ROUND(AVERAGE(seed1!I12,seed2!I12,seed4!I12,seed5!I12,seed7!I12), 4) -> 14.9937 | J12: =ROUND(AVERAGE(seed1!J12,seed2!J12,seed4!J12,seed5!J12,seed7!J12), 4) -> 14.081
B13: 110 | C13: =ROUND(AVERAGE(seed1!C13,seed2!C13,seed4!C13,seed5!C13,seed7!C13), 4) -> 14.032 | D13: =ROUND(AVERAGE(seed1!D13,seed2!D13,seed4!D13,seed5!D13,seed7!D13), 4) -> 14.9262 | E13: =ROUND(AVERAGE(seed1!E13,seed2!E13,seed4!E13,seed5!E13,seed7!E13), 4) -> 14.4589 | G13: 110 | H13: =ROUND(AVERAGE(seed1!H13,seed2!H13,seed4!H13,seed5!H13,seed7!H13), 4) -> 13.8163 | I13: =ROUND(AVERAGE(seed1!I13,seed2!I13,seed4!I13,seed5!I13,seed7!I13), 4) -> 15.2211 | J13: =ROUND(AVERAGE(seed1!J13,seed2!J13,seed4!J13,seed5!J13,seed7!J13), 4) -> 14.3013
B14: 100 | C14: =ROUND(AVERAGE(seed1!C14,seed2!C14,seed4!C14,seed5!C14,seed7!C14), 4) -> 14.1974 | D14: =ROUND(AVERAGE(seed1!D14,seed2!D14,seed4!D14,seed5!D14,seed7!D14), 4) -> 14.7989 | E14: =ROUND(AVERAGE(seed1!E14,seed2!E14,seed4!E14,seed5!E14,seed7!E14), 4) -> 14.485 | G14: 100 | H14: =ROUND(AVERAGE(seed1!H14,seed2!H14,seed4!H14,seed5!H14,seed7!H14), 4) -> 14.0139 | I14: =ROUND(AVERAGE(seed1!I14,seed2!I14,seed4!I14,seed5!I14,seed7!I14), 4) -> 14.9715 | J14: =ROUND(AVERAGE(seed1!J14,seed2!J14,seed4!J14,seed5!J14,seed7!J14), 4) -> 14.3343
B15: 90 | C15: =ROUND(AVERAGE(seed1!C15,seed2!C15,seed4!C15,seed5!C15,seed7!C15), 4) -> 14.0899 | D15: =ROUND(AVERAGE(seed1!D15,seed2!D15,seed4!D15,seed5!D15,seed7!D15), 4) -> 14.9291 | E15: =ROUND(AVERAGE(seed1!E15,seed2!E15,seed4!E15,seed5!E15,seed7!E15), 4) -> 14.4949 | G15: 90 | H15: =ROUND(AVERAGE(seed1!H15,seed2!H15,seed4!H15,seed5!H15,seed7!H15), 4) -> 13.7852 | I15: =ROUND(AVERAGE(seed1!I15,seed2!I15,seed4!I15,seed5!I15,seed7!I15), 4) -> 14.9407 | J15: =ROUND(AVERAGE(seed1!J15,seed2!J15,seed4!J15,seed5!J15,seed7!J15), 4) -> 14.1824
B16: 80 | C16: =ROUND(AVERAGE(seed1!C16,seed2!C16,seed4!C16,seed5!C16,seed7!C16), 4) -> 14.3055 | D16: =ROUND(AVERAGE(seed1!D16,seed2!D16,seed4!D16,seed5!D16,seed7!D16), 4) -> 15.7037 | E16: =ROUND(AVERAGE(seed1!E16,seed2!E16,seed4!E16,seed5!E16,seed7!E16), 4) -> 14.974 | G16: 80 | H16: =ROUND(AVERAGE(seed1!H16,seed2!H16,seed4!H16,seed5!H16,seed7!H16), 4) -> 13.654 | I16: =ROUND(AVERAGE(seed1!I16,seed2!I16,seed4!I16,seed5!I16,seed7!I16), 4) -> 15.3047 | J16: =ROUND(AVERAGE(seed1!J16,seed2!J16,seed4!J16,seed5!J16,seed7!J16), 4) -> 14.2137
B17: 70 | C17: =ROUND(AVERAGE(seed1!C17,seed2!C17,seed4!C17,seed5!C17,seed7!C17), 4) -> 14.3149 | D17: =ROUND(AVERAGE(seed1!D17,seed2!D17,seed4!D17,seed5!D17,seed7!D17), 4) -> 15.1478 | E17: =ROUND(AVERAGE(seed1!E17,seed2!E17,seed4!E17,seed5!E17,seed7!E17), 4) -> 14.7199 | G17: 70 | H17: =ROUND(AVERAGE(seed1!H17,seed2!H17,seed4!H17,seed5!H17,seed7!H17), 4) -> 13.8487 | I17: =ROUND(AVERAGE(seed1!I17,seed2!I17,seed4!I17,seed5!I17,seed7!I17), 4) -> 15.524 | J17: =ROUND(AVERAGE(seed1!J17,seed2!J17,seed4!J17,seed5!J17,seed7!J17), 4) -> 14.4381
G18: 60 | H18: =ROUND(AVERAGE(seed1!H18,seed2!H18,seed4!H18,seed5!H18,seed7!H18), 4) -> 14.0433 | I18: =ROUND(AVERAGE(seed1!I18,seed2!I18,seed4!I18,seed5!I18,seed7!I18), 4) -> 15.6948 | J18: =ROUND(AVERAGE(seed1!J18,seed2!J18,seed4!J18,seed5!J18,seed7!J18), 4) -> 14.623
G19: 50 | H19: =ROUND(AVERAGE(seed1!H19,seed2!H19,seed4!H19,seed5!H19,seed7!H19), 4) -> 13.8174 | I19: =ROUND(AVERAGE(seed1!I19,seed2!I19,seed4!I19,seed5!I19,seed7!I19), 4) -> 15.5209 | J19: =ROUND(AVERAGE(seed1!J19,seed2!J19,seed4!J19,seed5!J19,seed7!J19), 4) -> 14.4195
G20: 40 | H20: =ROUND(AVERAGE(seed1!H20,seed2!H20,seed4!H20,seed5!H20,seed7!H20), 4) -> 14.1679 | I20: =ROUND(AVERAGE(seed1!I20,seed2!I20,seed4!I20,seed5!I20,seed7!I20), 4) -> 14.9112 | J20: =ROUND(AVERAGE(seed1!J20,seed2!J20,seed4!J20,seed5!J20,seed7!J20), 4) -> 14.4358

Sheet seed8
C2: 1000/1000 | D2: a = 0.5
B3: d | C3: vehicle0 | D3: vehicle1 | E3: all
B4: 200
B5: 190
B6: 180
B7: 170 | C7: 15.6473 | D7: 16.2887 | E7: 15.9661
B8: 160 | C8: 15.6473 | D8: 16.2887 | E8: 15.9661
B9: 150 | C9: 15.6473 | D9: 16.2887 | E9: 15.9661
B10: 140 | C10: 15.577 | D10: 16.3178 | E10: 15.9452
B11: 130 | C11: 15.6473 | D11: 16.2887 | E11: 15.9661 | H11: 7
B12: 120 | C12: 15.6473 | D12: 16.2887 | E12: 15.9661 | H12: 7
B13: 110 | C13: 15.6473 | D13: 16.2887 | E13: 15.9661 | H13: 7
B14: 100 | C14: 15.6473 | D14: 16.2887 | E14: 15.9661 | H14: 7
B15: 90 | C15: 13.9446 | D15: 16.4392 | E15: 15.1347 | H15: 3
B16: 80 | C16: 13.9818 | D16: 16.3697 | E16: 15.121 | H16: 3
B17: 70 | C17: 14.5128 | D17: 16.434 | E17: 15.4357 | H17: 3
B18: 60 | C18: 14.5128 | D18: 16.434 | E18: 15.4357 | H18: 3
B19: 50 | C19: 14.5128 | D19: 16.434 | E19: 15.4357 | H19: 3
D21: hpc

Sheet seed9
C2: 1000/1000 | D2: a = 0.5
B3: d | C3: vehicle0 | D3: vehicle1 | E3: all | H3: caution
B4: 200
B5: 190
B6: 180
B7: 170 | C7: 14.3581 | D7: 14.9521 | E7: 14.6396
B8: 160 | C8: 14.3489 | D8: 14.9641 | E8: 14.6405
B9: 150 | C9: 14.3489 | D9: 14.9641 | E9: 14.6405
B10: 140 | C10: 14.3489 | D10: 14.9641 | E10: 14.6405
B11: 130 | C11: 14.3503 | D11: 14.9536 | E11: 14.6363
B12: 120 | C12: 14.3503 | D12: 14.9536 | E12: 14.6363 | H12: 4
B13: 110 | C13: 14.3489 | D13: 14.9641 | E13: 14.6405 | H13: 4
B14: 100 | C14: 14.3489 | D14: 14.9641 | E14: 14.6405 | H14: 4
B15: 90 | C15: 14.3586 | D15: 14.9605 | E15: 14.6439 | H15: 4
B16: 80 | C16: 14.3586 | D16: 14.9605 | E16: 14.6439 | H16: 4
B17: 70 | C17: 14.3581 | D17: 14.9521 | E17: 14.6396 | H17: 4
B18: 60 | C18: 14.3581 | D18: 14.9521 | E18: 14.6396 | H18: 4
B19: 50 | C19: 13.7234 | D19: 15.8078 | E19: 14.6686
D21: hpc

Sheet seed10
C2: 1000/1000 | D2: a = 0.5
B3: d | C3: vehicle0 | D3: vehicle1 | E3: all | H3: caution
B4: 200
B5: 190
B6: 180
B7: 170 | C7: 13.2572 | D7: 13.5046 | E7: 13.3728
B8: 160 | C8: 13.2572 | D8: 13.5046 | E8: 13.3728
B9: 150 | C9: 13.2572 | D9: 13.5046 | E9: 13.3728
B10: 140 | C10: 13.2572 | D10: 13.5046 | E10: 13.3728
B11: 130 | C11: 13.2572 | D11: 13.5046 | E11: 13.3728
B12: 120 | C12: 12.9609 | D12: 14.2486 | E12: 13.5621 | H12: 21
B13: 110 | C13: 12.4921 | D13: 14.5419 | E13: 13.4293 | H13: 45
B14: 100 | C14: 12.4921 | D14: 14.5419 | E14: 13.4293 | H14: 45
B15: 90 | C15: 12.4921 | D15: 14.5419 | E15: 13.4293 | H15: 45
B16: 80 | C16: 12.4921 | D16: 14.5419 | E16: 13.4293 | H16: 45
B17: 70 | C17: 12.4921 | D17: 14.5419 | E17: 13.4293 | H17: 45
B18: 60 | C18: 12.9527 | D18: 14.8742 | E18: 13.8206 | H18: 18
B19: 50 | C19: 12.5425 | D19: 15.0079 | E19: 13.6479 | H19: 37
D21: hpc

Sheet seed11
C2: 1000/1000 | D2: a = 0.5
B3: d | C3: vehicle0 | D3: vehicle1 | E3: all | H3: caution
B4: 200
B5: 190
B6: 180
B7: 170 | C7: 14.7881 | D7: 15.7739 | E7: 15.2802
B8: 160 | C8: 14.7881 | D8: 15.7739 | E8: 15.2802
B9: 150 | C9: 14.7881 | D9: 15.7739 | E9: 15.2802
B10: 140 | C10: 14.7881 | D10: 15.7739 | E10: 15.2802
B11: 130 | C11: 14.7881 | D11: 15.7739 | E11: 15.2802
B12: 120 | C12: 14.7881 | D12: 15.7739 | E12: 15.2802 | H12: 1
B13: 110 | C13: 14.7881 | D13: 15.7739 | E13: 15.2802 | H13: 1
B14: 100 | C14: 14.7881 | D14: 15.7739 | E14: 15.2802 | H14: 1
B15: 90 | C15: 14.9338 | D15: 15.0324 | E15: 14.9831 | H15: 1
B16: 80 | C16: 14.9338 | D16: 15.0324 | E16: 14.9831 | H16: 1
B17: 70 | C17: 14.7881 | D17: 15.7739 | E17: 15.2802 | H17: 1
B18: 60 | C18: 14.7881 | D18: 15.7739 | E18: 15.2802 | H18: 1
B19: 50 | C19: 14.7881 | D19: 15.7739 | E19: 15.2802 | H19: 1
D21: hpc

Sheet seed12
C2: 1000/1000 | D2: a = 0.5 | K2: 1000/1000 | L2: a = 0.6
B3: d | C3: vehicle0 | D3: vehicle1 | E3: all | J3: d | K3: vehicle0 | L3: vehicle1 | M3: all
B4: 200 | J4: 200
B5: 190 | J5: 190
B6: 180 | J6: 180
B7: 170 | C7: 13.0663 | D7: 13.6723 | E7: 13.349 | J7: 170
B8: 160 | C8: 13.0663 | D8: 13.6723 | E8: 13.349 | H8: caution | J8: 160
B9: 150 | C9: 13.0663 | D9: 13.6723 | E9: 13.349 | H9: 12 | J9: 150
B10: 140 | C10: 13.3336 | D10: 15.7907 | E10: 14.4046 | H10: 10 | J10: 140
B11: 130 | C11: 13.33 | D11: 15.7737 | E11: 14.3951 | H11: 10 | J11: 130
B12: 120 | C12: 13.3701 | D12: 15.7243 | E12: 14.3962 | H12: 10 | J12: 120
B13: 110 | C13: 13.3701 | D13: 15.7243 | E13: 14.3962 | H13: 9 | J13: 110
B14: 100 | C14: 13.3368 | D14: 12.1958 | E14: 12.8028 | H14: 9 | J14: 100
B15: 90 | C15: 12.882 | D15: 15.847 | E15: 14.1713 | H15: 9 | J15: 90
B16: 80 | C16: 13.5231 | D16: 15.6651 | E16: 14.4727 | H16: 6 | J16: 80
B17: 70 | C17: 12.5607 | D17: 15.9661 | E17: 14.0011 | H17: 14 | J17: 70
B18: 60 | C18: 12.1583 | D18: 15.9762 | E18: 13.7516 | H18: 11 | J18: 60
B19: 50 | C19: 12.4224 | D19: 15.5616 | E19: 13.7507 | J19: 50
D21: mac

Sheet seed13
C2: 1000/1000 | D2: a = 0.5 | K2: 1000/1000 | L2: a = 0.6
B3: d | C3: vehicle0 | D3: vehicle1 | E3: all | H3: caution | J3: d | K3: vehicle0 | L3: vehicle1 | M3: all
B4: 200 | J4: 200
B5: 190 | J5: 190
B6: 180 | J6: 180
B7: 170 | C7: 12.2957 | D7: 13.4955 | E7: 12.8674 | H7: 24 | J7: 170
B8: 160 | C8: 12.2864 | D8: 13.5039 | E8: 12.8666 | H8: 24 | J8: 160
B9: 150 | C9: 12.2941 | D9: 13.5028 | E9: 12.8701 | H9: 24 | J9: 150
B10: 140 | C10: 12.2941 | D10: 13.5028 | E10: 12.8701 | H10: 24 | J10: 140
B11: 130 | C11: 12.2864 | D11: 13.5039 | E11: 12.8666 | H11: 24 | J11: 130
B12: 120 | C12: 12.2864 | D12: 13.5039 | E12: 12.8666 | H12: 24 | J12: 120
B13: 110 | C13: 12.2864 | D13: 13.5039 | E13: 12.8666 | H13: 24 | J13: 110
B14: 100 | C14: 12.2864 | D14: 13.5039 | E14: 12.8666 | H14: 24 | J14: 100
B15: 90 | C15: 11.767 | D15: 14.7876 | E15: 13.1155 | H15: 21 | J15: 90
B16: 80 | C16: 12.9441 | D16: 15.6296 | E16: 14.1497 | H16: 12 | J16: 80
B17: 70 | C17: 12.9441 | D17: 15.6296 | E17: 14.1497 | H17: 12 | J17: 70
B18: 60 | C18: 12.9441 | D18: 15.6296 | E18: 14.1497 | H18: 12 | J18: 60
B19: 50 | C19: 11.1708 | D19: 14.6151 | E19: 12.7054 | G19: 2 | H19: 15 | J19: 50
D21: mac

Sheet seed14
C2: 1000/1000 | D2: a = 0.5
B3: d | C3: vehicle0 | D3: vehicle1 | E3: all | H3: caution
B4: 200
B5: 190
B6: 180
B7: 170 | C7: 11.3517 | D7: 13.9652 | E7: 12.6082 | H7: 18
B8: 160 | C8: 11.3517 | D8: 13.9652 | E8: 12.6082 | H8: 18
B9: 150 | C9: 11.3517 | D9: 13.9652 | E9: 12.6082 | H9: 18
B10: 140 | C10: 11.0761 | D10: 14.4413 | E10: 12.5765 | H10: 13
B11: 130 | C11: 10.9892 | D11: 14.8229 | E11: 12.6984 | H11: 13
B12: 120 | C12: 11.0029 | D12: 15.6013 | E12: 13.0494 | H12: 15
B13: 110 | C13: 11.2361 | D13: 14.9602 | E13: 12.8988 | H13: 22
B14: 100 | C14: 11.2361 | D14: 14.9602 | E14: 12.8988 | H14: 22
B15: 90 | C15: 11.9481 | D15: 15.0317 | E15: 13.3892 | H15: 5
B16: 80 | C16: 11.9481 | D16: 15.0317 | E16: 13.3892 | H16: 5
B17: 70 | C17: 11.5245 | D17: 12.9024 | E17: 12.2012 | H17: 7
B18: 60 | C18: 10.6018 | D18: 12.1036 | E18: 11.3272 | G18: 2 | H18: 32
B19: 50 | C19: 10.5056 | D19: 12.0609 | E19: 11.3032 | G19: 1 | H19: 36
D21: hpc

Sheet seed15
C2: 1000/1000 | D2: a = 0.5 | K2: 1000/1000 | L2: a = 0.6
B3: d | C3: vehicle0 | D3: vehicle1 | E3: all | H3: caution | J3: d | K3: vehicle0 | L3: vehicle1 | M3: all
B4: 200 | J4: 200
B5: 190 | J5: 190
B6: 180 | J6: 180
B7: 170 | C7: 10.944 | D7: 14.337 | E7: 12.5441 | H7: 17 | J7: 170
B8: 160 | C8: 10.944 | D8: 14.337 | E8: 12.5441 | H8: 17 | J8: 160
B9: 150 | C9: 11.2622 | D9: 15.1605 | E9: 13.0762 | H9: 14 | J9: 150
B10: 140 | C10: 11.2622 | D10: 15.1605 | E10: 13.0762 | H10: 14 | J10: 140
B11: 130 | C11: 11.3053 | D11: 15.0439 | E11: 13.0456 | H11: 15 | J11: 130
B12: 120 | C12: 11.2187 | D12: 15.1541 | E12: 13.0506 | H12: 15 | J12: 120
B13: 110 | C13: 12.0855 | D13: 14.7633 | E13: 13.3909 | H13: 27 | J13: 110
B14: 100 | C14: 11.2187 | D14: 15.1541 | E14: 13.0506 | H14: 15 | J14: 100
B15: 90 | C15: 11.219 | D15: 15.0435 | E15: 12.9993 | H15: 15 | J15: 90
B16: 80 | C16: 11.219 | D16: 15.0435 | E16: 12.9993 | H16: 15 | J16: 80
B17: 70 | C17: 11.4285 | D17: 15.0434 | E17: 13.1112 | H17: 15 | J17: 70
B18: 60 | C18: 11.4368 | D18: 14.9224 | E18: 13.0719 | H18: 11 | J18: 60
B19: 50 | J19: 50
D21: hpc

Sheet seed16
C2: 1000/1000 | D2: a = 0.5 | K2: 1000/1000 | L2: a = 0.6
B3: d | C3: vehicle0 | D3: vehicle1 | E3: all | H3: caution | J3: d | K3: vehicle0 | L3: vehicle1 | M3: all
B4: 200 | J4: 200
B5: 190 | J5: 190
B6: 180 | J6: 180
B7: 170 | C7: 10.8804 | D7: 13.1156 | E7: 11.8615 | J7: 170
B8: 160 | C8: 10.7647 | D8: 11.9777 | E8: 11.3079 | H8: 11 | J8: 160
B9: 150 | C9: 10.9646 | D9: 12.848 | E9: 11.7912 | H9: 18 | J9: 150
B10: 140 | C10: 10.7791 | D10: 11.9391 | E10: 11.2985 | H10: 11 | J10: 140
B11: 130 | C11: 10.6259 | D11: 13.5244 | E11: 11.8664 | H11: 36 | J11: 130
B12: 120 | C12: 10.8814 | D12: 13.1151 | E12: 11.8618 | H12: 20 | J12: 120
B13: 110 | C13: 10.8814 | D13: 13.1151 | E13: 11.8618 | H13: 22 | J13: 110
B14: 100 | C14: 10.6259 | D14: 13.5244 | E14: 11.8664 | H14: 34 | J14: 100
B15: 90 | C15: 10.6163 | D15: 13.3908 | E15: 11.8041 | H15: 38 | J15: 90
B16: 80 | C16: 10.6163 | D16: 13.3908 | E16: 11.8041 | H16: 38 | J16: 80
B17: 70 | C17: 10.9239 | D17: 12.7982 | E17: 11.7466 | H17: 23 | J17: 70
B18: 60 | C18: 10.8404 | D18: 11.6522 | E18: 11.195 | H18: 16 | J18: 60
B19: 50 | C19: 11.0324 | D19: 12.4721 | E19: 11.665 | H19: 14 | J19: 50
D21: hpc

Sheet seed17
C2: 1000/1000 | D2: a = 0.5
B3: d | C3: vehicle0 | D3: vehicle1 | E3: all | H3: caution
B4: 200
B5: 190
B6: 180
B7: 170 | C7: 12.9605 | D7: 16.3835 | E7: 14.5588 | H7: 6
B8: 160 | C8: 12.9605 | D8: 16.3835 | E8: 14.5588 | H8: 7
B9: 150 | C9: 12.9605 | D9: 16.3835 | E9: 14.5588 | H9: 7
B10: 140 | C10: 12.9605 | D10: 16.3835 | E10: 14.5588 | H10: 7
B11: 130 | C11: 12.9605 | D11: 16.3835 | E11: 14.5588 | H11: 6
B12: 120 | C12: 13.2341 | D12: 13.9463 | E12: 13.5809 | H12: 1
B13: 110 | C13: 12.5361 | D13: 16.4844 | E13: 14.3341 | H13: 7
B14: 100 | C14: 12.9257 | D14: 16.3231 | E14: 14.5121
B15: 90 | C15: 12.9257 | D15: 16.3503 | E15: 14.5247 | H15: 6
B16: 80 | C16: 12.9257 | D16: 16.3503 | E16: 14.5247 | H16: 6
B17: 70 | C17: 13.063 | D17: 15.9456 | E17: 14.4081 | H17: 5
B18: 60 | C18: 11.8574 | D18: 15.162 | E18: 13.3807
B19: 50 | C19: 12.7193 | D19: 15.5208 | E19: 14.0204 | H19: 6
D21: hpc

Sheet seed18
C2: 1000/1000 | D2: a = 0.5 | K2: 1000/1000 | L2: a = 0.6
B3: d | C3: vehicle0 | D3: vehicle1 | E3: all | H3: caution | J3: d | K3: vehicle0 | L3: vehicle1 | M3: all
B4: 200 | J4: 200
B5: 190 | J5: 190
B6: 180 | J6: 180
B7: 170 | C7: 11.9579 | D7: 13.4093 | E7: 12.6519 | J7: 170
B8: 160 | C8: 11.591 | D8: 14.3618 | E8: 12.9137 | H8: 36 | J8: 160
B9: 150 | C9: 11.8517 | D9: 13.5691 | E9: 12.6763 | H9: 26 | J9: 150
B10: 140 | C10: 12.0585 | D10: 13.5654 | E10: 12.7759 | H10: 26 | J10: 140
B11: 130 | C11: 12.0389 | D11: 14.4 | E11: 13.1645 | H11: 34 | J11: 130
B12: 120 | C12: 11.9731 | D12: 14.2998 | E12: 13.0823 | H12: 34 | J12: 120
B13: 110 | C13: 11.9611 | D13: 13.3188 | E13: 12.6103 | H13: 26 | J13: 110
B14: 100 | C14: 11.9611 | D14: 13.3188 | E14: 12.6103 | H14: 26 | J14: 100
B15: 90 | C15: 12.0189 | D15: 14.1603 | E15: 13.0398 | H15: 34 | J15: 90
B16: 80 | C16: 12.1691 | D16: 13.8957 | E16: 12.9922 | H16: 34 | J16: 80
B17: 70 | C17: 12.7201 | D17: 14.918 | E17: 13.7551 | H17: 21 | J17: 70
B18: 60 | C18: 12.0918 | D18: 13.8324 | E18: 12.9216 | H18: 34 | J18: 60
B19: 50 | J19: 50
D21: mac

Sheet seed19
C2: 1000/1000 | D2: a = 0.5
B3: d | C3: vehicle0 | D3: vehicle1 | E3: all | H3: caution
B4: 200
B5: 190
B6: 180
B7: 170 | C7: 14.9605 | D7: 15.0781 | E7: 15.0206 | H7: 0
B8: 160 | C8: 14.9605 | D8: 15.0781 | E8: 15.0206 | H8: 0
B9: 150 | C9: 14.9605 | D9: 15.0781 | E9: 15.0206 | H9: 0
B10: 140 | C10: 14.9605 | D10: 15.0781 | E10: 15.0206 | H10: 0
B11: 130 | C11: 14.9605 | D11: 15.0781 | E11: 15.0206 | H11: 0
B12: 120 | C12: 14.9605 | D12: 15.0781 | E12: 15.0206 | H12: 0
B13: 110 | C13: 14.9605 | D13: 15.0781 | E13: 15.0206 | H13: 0
B14: 100
B15: 90 | C15: 14.9605 | D15: 15.0781 | E15: 15.0206 | H15: 0
B16: 80
B17: 70 | C17: 14.9187 | D17: 15.1491 | E17: 15.0363 | H17: 0
B18: 60
B19: 50
D21: mac

Sheet seed20
C2: 1000/1000 | D2: a = 0.5 | K2: 1000/1000 | L2: a = 0.6
B3: d | C3: vehicle0 | D3: vehicle1 | E3: all | H3: caution | J3: d | K3: vehicle0 | L3: vehicle1 | M3: all
B4: 200 | J4: 200
B5: 190 | J5: 190
B6: 180 | J6: 180
B7: 170 | C7: 10.9444 | D7: 14.3992 | E7: 12.5034 | H7: 39 | J7: 170 | K7: 10.0002 | L7: 14.021 | M7: 11.8163
B8: 160 | C8: 10.9761 | D8: 13.7343 | E8: 12.2043 | H8: 29 | J8: 160 | K8: 9.762 | L8: 12.9751 | M8: 11.183
B9: 150 | C9: 10.5771 | D9: 11.3678 | E9: 10.9381 | H9: 19 | I9: veh12停止(yield15) | J9: 150 | K9: 11.9237 | L9: 15.7979 | M9: 13.6343
B10: 140 | C10: 10.9761 | D10: 13.7343 | E10: 12.2043 | H10: 29 | J10: 140 | K10: 9.5034 | L10: 14.0952 | M10: 11.5294
B11: 130 | C11: 10.848 | D11: 15.0424 | E11: 12.7251 | J11: 130 | K11: 10.8119 | L11: 14.9266 | M11: 12.634
B12: 120 | C12: 10.9761 | D12: 13.7343 | E12: 12.2043 | H12: 29 | J12: 120 | K12: 9.7017 | L12: 13.8118 | M12: 11.5037
B13: 110 | C13: 10.8364 | D13: 14.7117 | E13: 12.5486 | H13: 34 | J13: 110 | K13: 11.6811 | L13: 16.0555 | M13: 13.595
B14: 100 | C14: 10.5426 | D14: 13.9742 | E14: 12.0563 | H14: 43 | J14: 100 | K14: 11.4383 | L14: 15.9479 | M14: 13.4156
B15: 90 | C15: 10.5426 | D15: 13.9742 | E15: 12.0563 | H15: 43 | J15: 90 | K15: 10.8744 | L15: 14.6857 | M15: 12.5434
B16: 80 | C16: 10.6941 | D16: 14.3485 | E16: 12.3135 | H16: 37 | J16: 80 | K16: 10.8744 | L16: 14.6857 | M16: 12.5434
B17: 70 | C17: 11.0861 | D17: 14.3118 | E17: 12.5194 | H17: 28 | J17: 70 | K17: 10.8744 | L17: 14.6857 | M17: 12.5434
B18: 60 | C18: 10.7933 | D18: 14.1611 | E18: 12.3034 | H18: 29 | J18: 60 | K18: 10.4992 | L18: 13.9863 | M18: 12.0648
B19: 50 | C19: 10.7933 | D19: 14.1611 | E19: 12.3034 | H19: 29 | J19: 50 | K19: 10.4857 | L19: 14.1958 | M19: 12.1491
D21: mac | L21: mac

Sheet seed21
C2: 1000/1000 | D2: a = 0.5 | K2: 1000/1000 | L2: a = 0.6
B3: d | C3: vehicle0 | D3: vehicle1 | E3: all | H3: caution | J3: d | K3: vehicle0 | L3: vehicle1 | M3: all
B4: 200 | J4: 200
B5: 190 | J5: 190
B6: 180 | J6: 180
B7: 170 | C7: 13.46 | D7: 16.1227 | E7: 14.6923 | H7: 1 | J7: 170
B8: 160 | C8: 13.46 | D8: 16.1227 | E8: 14.6923 | H8: 1 | J8: 160
B9: 150 | C9: 13.343 | D9: 16.071 | E9: 14.6055 | H9: 1 | J9: 150
B10: 140 | C10: 13.343 | D10: 16.071 | E10: 14.6055 | H10: 1 | J10: 140
B11: 130 | C11: 13.8004 | D11: 15.702 | E11: 14.6884 | H11: 1 | J11: 130
B12: 120 | C12: 13.7677 | D12: 15.8 | E12: 14.7168 | H12: 1 | J12: 120
B13: 110 | C13: 13.7677 | D13: 15.8 | E13: 14.7168 | H13: 1 | J13: 110
B14: 100 | C14: 13.7677 | D14: 15.8 | E14: 14.7168 | H14: 1 | J14: 100
B15: 90 | C15: 14.1652 | D15: 15.5807 | E15: 14.8431 | H15: 2 | J15: 90
B16: 80 | C16: 14.2345 | D16: 15.5004 | E16: 14.8403 | H16: 2 | J16: 80
B17: 70 | C17: 14.234 | D17: 15.506 | E17: 14.8432 | H17: 2 | J17: 70
B18: 60 | C18: 14.2355 | D18: 15.506 | E18: 14.844 | H18: 2 | J18: 60
B19: 50 | C19: 14.2355 | D19: 15.506 | E19: 14.844 | H19: 2 | J19: 50
D21: mac

Sheet seed22
C2: 1000/1000 | D2: a = 0.5
B3: d | C3: vehicle0 | D3: vehicle1 | E3: all | H3: caution
B4: 200
B5: 190
B6: 180
B7: 170 | C7: 12.4808 | D7: 14.9585 | E7: 13.6161
B8: 160 | C8: 12.5588 | D8: 14.6097 | E8: 13.4985 | H8: 16
B9: 150 | C9: 12.5588 | D9: 14.6097 | E9: 13.4985 | H9: 16
B10: 140 | C10: 12.5588 | D10: 14.6097 | E10: 13.4985 | H10: 16
B11: 130 | C11: 12.5588 | D11: 14.6097 | E11: 13.4985 | H11: 16
B12: 120 | C12: 12.4462 | D12: 15.5139 | E12: 13.8186 | H12: 8
B13: 110 | C13: 12.4462 | D13: 15.5139 | E13: 13.8186 | H13: 8
B14: 100 | C14: 12.4462 | D14: 15.5139 | E14: 13.8186 | H14: 8
B15: 90 | C15: 12.4457 | D15: 15.5138 | E15: 13.8183 | H15: 8
B16: 80 | C16: 12.4457 | D16: 15.5138 | E16: 13.8183 | H16: 8
B17: 70 | C17: 12.8659 | D17: 16.1738 | E17: 14.3595 | H17: 14
B18: 60 | C18: 12.8528 | D18: 16.093 | E18: 14.3153 | H18: 13
B19: 50 | C19: 13.2961 | D19: 15.8927 | E19: 14.4763 | H19: 8
D21: mac

Sheet seed23
C2: 1000/1000 | D2: a = 0.5
B3: d | C3: vehicle0 | D3: vehicle1 | E3: all | H3: caution
B4: 200
B5: 190
B6: 180
B7: 170
B8: 160
B9: 150
B10: 140
B11: 130
B12: 120
B13: 110
B14: 100
B15: 90
... B19: 50
D21: mac

Sheet average
C2: 1000/1000 | D2: a = 0.5 | K2: 1000/1000 | L2: a = 0.6
B3: d | C3: vehicle0 | D3: vehicle1 | E3: all | J3: d | K3: vehicle0 | L3: vehicle1 | M3: all
B4: 200 | C4: =ROUND(AVERAGE(seed1!C4,seed2!C4,seed4!C4,seed5!C4,seed7!C4,seed8!C4,seed9!C4,seed10!C4,seed11!C4,seed12!C4,seed13!C4,seed14!C4,seed15!C4,seed16!C4,seed17!C4),4) -> 14.5305 | D4: =ROUND(AVERAGE(seed1!D4,seed2!D4,seed4!D4,seed5!D4,seed7!D4,seed8!D4,seed9!D4,seed10!D4,seed11!D4,seed12!D4,seed13!D4,seed14!D4,seed15!D4,seed16!D4,seed17!D4),4) -> 15.0187 | E4: =ROUND(AVERAGE(seed1!E4,seed2!E4,seed4!E4,seed5!E4,seed7!E4,seed8!E4,seed9!E4,seed10!E4,seed11!E4,seed12!E4,seed13!E4,seed14!E4,seed15!E4,seed16!E4,seed17!E4),4) -> 14.7603 | J4: 200
B5: 190 | J5: 190
B6: 180 | J6: 180
B7: 170 | C7: =ROUND(AVERAGE(seed1!C7,seed2!C7,seed4!C7,seed5!C7,seed7!C7,seed8!C7,seed9!C7,seed10!C7,seed11!C7,seed12!C7,seed13!C7,seed14!C7,seed15!C7,seed16!C7,seed17!C7,seed18!C7,seed20!C7,seed21!C7,seed22!C7),4) -> 13.2043 | D7: =ROUND(AVERAGE(seed1!D7,seed2!D7,seed4!D7,seed5!D7,seed7!D7,seed8!D7,seed9!D7,seed10!D7,seed11!D7,seed12!D7,seed13!D7,seed14!D7,seed15!D7,seed16!D7,seed17!D7,seed18!D7,seed20!D7,seed21!D7,seed22!D7),4) -> 14.7597 | E7: =ROUND(AVERAGE(seed1!E7,seed2!E7,seed4!E7,seed5!E7,seed7!E7,seed8!E7,seed9!E7,seed10!E7,seed11!E7,seed12!E7,seed13!E7,seed14!E7,seed15!E7,seed16!E7,seed17!E7,seed18!E7,seed20!E7,seed21!E7,seed22!E7),4) -> 13.9298 | G7: 170 | H7: 13.9298 | J7: 170
B8: 160 | C8: =ROUND(AVERAGE(seed1!C8,seed2!C8,seed4!C8,seed5!C8,seed7!C8,seed8!C8,seed9!C8,seed10!C8,seed11!C8,seed12!C8,seed13!C8,seed14!C8,seed15!C8,seed16!C8,seed17!C8,seed18!C8,seed20!C8,seed21!C8,seed22!C8),4) -> 13.1859 | D8: =ROUND(AVERAGE(seed1!D8,seed2!D8,seed4!D8,seed5!D8,seed7!D8,seed8!D8,seed9!D8,seed10!D8,seed11!D8,seed12!D8,seed13!D8,seed14!D8,seed15!D8,seed16!D8,seed17!D8,seed18!D8,seed20!D8,seed21!D8,seed22!D8),4) -> 14.6736 | E8: =ROUND(AVERAGE(seed1!E8,seed2!E8,seed4!E8,seed5!E8,seed7!E8,seed8!E8,seed9!E8,seed10!E8,seed11!E8,seed12!E8,seed13!E8,seed14!E8,seed15!E8,seed16!E8,seed17!E8,seed18!E8,seed20!E8,seed21!E8,seed22!E8),4) -> 13.8849 | G8: 160 | H8: 13.8849 | J8: 160
B9: 150 | C9: =ROUND(AVERAGE(seed1!C9,seed2!C9,seed4!C9,seed5!C9,seed7!C9,seed8!C9,seed9!C9,seed10!C9,seed11!C9,seed12!C9,seed13!C9,seed14!C9,seed15!C9,seed16!C9,seed17!C9,seed18!C9,seed20!C9,seed21!C9,seed22!C9),4) -> 13.1756 | D9: =ROUND(AVERAGE(seed1!D9,seed2!D9,seed4!D9,seed5!D9,seed7!D9,seed8!D9,seed9!D9,seed10!D9,seed11!D9,seed12!D9,seed13!D9,seed14!D9,seed15!D9,seed16!D9,seed17!D9,seed18!D9,seed20!D9,seed21!D9,seed22!D9),4) -> 14.5535 | E9: =ROUND(AVERAGE(seed1!E9,seed2!E9,seed4!E9,seed5!E9,seed7!E9,seed8!E9,seed9!E9,seed10!E9,seed11!E9,seed12!E9,seed13!E9,seed14!E9,seed15!E9,seed16!E9,seed17!E9,seed18!E9,seed20!E9,seed21!E9,seed22!E9),4) -> 13.8231 | G9: 150 | H9: 13.8231 | J9: 150
B10: 140 | C10: =ROUND(AVERAGE(seed1!C10,seed2!C10,seed4!C10,seed5!C10,seed7!C10,seed8!C10,seed9!C10,seed10!C10,seed11!C10,seed12!C10,seed13!C10,seed14!C10,seed15!C10,seed16!C10,seed17!C10,seed18!C10,seed20!C10,seed21!C10,seed22!C10),4) -> 13.2081 | D10: =ROUND(AVERAGE(seed1!D10,seed2!D10,seed4!D10,seed5!D10,seed7!D10,seed8!D10,seed9!D10,seed10!D10,seed11!D10,seed12!D10,seed13!D10,seed14!D10,seed15!D10,seed16!D10,seed17!D10,seed18!D10,seed20!D10,seed21!D10,seed22!D10),4) -> 14.7757 | E10: =ROUND(AVERAGE(seed1!E10,seed2!E10,seed4!E10,seed5!E10,seed7!E10,seed8!E10,seed9!E10,seed10!E10,seed11!E10,seed12!E10,seed13!E10,seed14!E10,seed15!E10,seed16!E10,seed17!E10,seed18!E10,seed20!E10,seed21!E10,seed22!E10),4) -> 13.9334 | G10: 140 | H10: 13.9334 | J10: 140
B11: 130 | C11: =ROUND(AVERAGE(seed1!C11,seed2!C11,seed4!C11,seed5!C11,seed7!C11,seed8!C11,seed9!C11,seed10!C11,seed11!C11,seed12!C11,seed13!C11,seed14!C11,seed15!C11,seed16!C11,seed17!C11,seed18!C11,seed20!C11,seed21!C11,seed22!C11),4) -> 13.2695 | D11: =ROUND(AVERAGE(seed1!D11,seed2!D11,seed4!D11,seed5!D11,seed7!D11,seed8!D11,seed9!D11,seed10!D11,seed11!D11,seed12!D11,seed13!D11,seed14!D11,seed15!D11,seed16!D11,seed17!D11,seed18!D11,seed20!D11,seed21!D11,seed22!D11),4) -> 14.8941 | E11: =ROUND(AVERAGE(seed1!E11,seed2!E11,seed4!E11,seed5!E11,seed7!E11,seed8!E11,seed9!E11,seed10!E11,seed11!E11,seed12!E11,seed13!E11,seed14!E11,seed15!E11,seed16!E11,seed17!E11,seed18!E11,seed20!E11,seed21!E11,seed22!E11),4) -> 14.0133 | G11: 130 | H11: 14.0133 | J11: 130
B12: 120 | C12: =ROUND(AVERAGE(seed1!C12,seed2!C12,seed4!C12,seed5!C12,seed7!C12,seed8!C12,seed9!C12,seed10!C12,seed11!C12,seed12!C12,seed13!C12,seed14!C12,seed15!C12,seed16!C12,seed17!C12,seed18!C12,seed20!C12,seed21!C12,seed22!C12),4) -> 13.2918 | D12: =ROUND(AVERAGE(seed1!D12,seed2!D12,seed4!D12,seed5!D12,seed7!D12,seed8!D12,seed9!D12,seed10!D12,seed11!D12,seed12!D12,seed13!D12,seed14!D12,seed15!D12,seed16!D12,seed17!D12,seed18!D12,seed20!D12,seed21!D12,seed22!D12),4) -> 14.9805 | E12: =ROUND(AVERAGE(seed1!E12,seed2!E12,seed4!E12,seed5!E12,seed7!E12,seed8!E12,seed9!E12,seed10!E12,seed11!E12,seed12!E12,seed13!E12,seed14!E12,seed15!E12,seed16!E12,seed17!E12,seed18!E12,seed20!E12,seed21!E12,seed22!E12),4) -> 14.0681 | G12: 120 | H12: 14.0681 | J12: 120
B13: 110 | C13: =ROUND(AVERAGE(seed1!C13,seed2!C13,seed4!C13,seed5!C13,seed7!C13,seed8!C13,seed9!C13,seed10!C13,seed11!C13,seed12!C13,seed13!C13,seed14!C13,seed15!C13,seed16!C13,seed17!C13,seed18!C13,seed20!C13,seed21!C13,seed22!C13),4) -> 13.097 | D13: =ROUND(AVERAGE(seed1!D13,seed2!D13,seed4!D13,seed5!D13,seed7!D13,seed8!D13,seed9!D13,seed10!D13,seed11!D13,seed12!D13,seed13!D13,seed14!D13,seed15!D13,seed16!D13,seed17!D13,seed18!D13,seed20!D13,seed21!D13,seed22!D13),4) -> 14.9524 | E13: =ROUND(AVERAGE(seed1!E13,seed2!E13,seed4!E13,seed5!E13,seed7!E13,seed8!E13,seed9!E13,seed10!E13,seed11!E13,seed12!E13,seed13!E13,seed14!E13,seed15!E13,seed16!E13,seed17!E13,seed18!E13,seed20!E13,seed21!E13,seed22!E13),4) -> 13.9502 | G13: 110 | H13: 13.9502 | J13: 110
B14: 100 | C14: =ROUND(AVERAGE(seed1!C14,seed2!C14,seed4!C14,seed5!C14,seed7!C14,seed8!C14,seed9!C14,seed10!C14,seed11!C14,seed12!C14,seed13!C14,seed14!C14,seed15!C14,seed16!C14,seed17!C14,seed18!C14,seed20!C14,seed21!C14,seed22!C14),4) -> 13.0848 | D14: =ROUND(AVERAGE(seed1!D14,seed2!D14,seed4!D14,seed5!D14,seed7!D14,seed8!D14,seed9!D14,seed10!D14,seed11!D14,seed12!D14,seed13!D14,seed14!D14,seed15!D14,seed16!D14,seed17!D14,seed18!D14,seed20!D14,seed21!D14,seed22!D14),4) -> 14.728 | E14: =ROUND(AVERAGE(seed1!E14,seed2!E14,seed4!E14,seed5!E14,seed7!E14,seed8!E14,seed9!E14,seed10!E14,seed11!E14,seed12!E14,seed13!E14,seed14!E14,seed15!E14,seed16!E14,seed17!E14,seed18!E14,seed20!E14,seed21!E14,seed22!E14),4) -> 13.839 | G14: 100 | H14: 13.839 | J14: 100
B15: 90 | C15: =ROUND(AVERAGE(seed1!C15,seed2!C15,seed4!C15,seed5!C15,seed7!C15,seed8!C15,seed9!C15,seed10!C15,seed11!C15,seed12!C15,seed13!C15,seed14!C15,seed15!C15,seed16!C15,seed17!C15,seed18!C15,seed20!C15,seed21!C15,seed22!C15),4) -> 12.9847 | D15: =ROUND(AVERAGE(seed1!D15,seed2!D15,seed4!D15,seed5!D15,seed7!D15,seed8!D15,seed9!D15,seed10!D15,seed11!D15,seed12!D15,seed13!D15,seed14!D15,seed15!D15,seed16!D15,seed17!D15,seed18!D15,seed20!D15,seed21!D15,seed22!D15),4) -> 15.0158 | E15: =ROUND(AVERAGE(seed1!E15,seed2!E15,seed4!E15,seed5!E15,seed7!E15,seed8!E15,seed9!E15,seed10!E15,seed11!E15,seed12!E15,seed13!E15,seed14!E15,seed15!E15,seed16!E15,seed17!E15,seed18!E15,seed20!E15,seed21!E15,seed22!E15),4) -> 13.9172 | G15: 90 | H15: 13.9172 | J15: 90
B16: 80 | C16: =ROUND(AVERAGE(seed1!C16,seed2!C16,seed4!C16,seed5!C16,seed7!C16,seed8!C16,seed9!C16,seed10!C16,seed11!C16,seed12!C16,seed13!C16,seed14!C16,seed15!C16,seed16!C16,seed17!C16,seed18!C16,seed20!C16,seed21!C16,seed22!C16),4) -> 13.1586 | D16: =ROUND(AVERAGE(seed1!D16,seed2!D16,seed4!D16,seed5!D16,seed7!D16,seed8!D16,seed9!D16,seed10!D16,seed11!D16,seed12!D16,seed13!D16,seed14!D16,seed15!D16,seed16!D16,seed17!D16,seed18!D16,seed20!D16,seed21!D16,seed22!D16),4) -> 15.2522 | E16: =ROUND(AVERAGE(seed1!E16,seed2!E16,seed4!E16,seed5!E16,seed7!E16,seed8!E16,seed9!E16,seed10!E16,seed11!E16,seed12!E16,seed13!E16,seed14!E16,seed15!E16,seed16!E16,seed17!E16,seed18!E16,seed20!E16,seed21!E16,seed22!E16),4) -> 14.1237 | G16: 80 | H16: 14.1237 | J16: 80
B17: 70 | C17: =ROUND(AVERAGE(seed1!C17,seed2!C17,seed4!C17,seed5!C17,seed7!C17,seed8!C17,seed9!C17,seed10!C17,seed11!C17,seed12!C17,seed13!C17,seed14!C17,seed15!C17,seed16!C17,seed17!C17,seed18!C17,seed20!C17,seed21!C17,seed22!C17),4) -> 13.2145 | D17: =ROUND(AVERAGE(seed1!D17,seed2!D17,seed4!D17,seed5!D17,seed7!D17,seed8!D17,seed9!D17,seed10!D17,seed11!D17,seed12!D17,seed13!D17,seed14!D17,seed15!D17,seed16!D17,seed17!D17,seed18!D17,seed20!D17,seed21!D17,seed22!D17),4) -> 15.0861 | E17: =ROUND(AVERAGE(seed1!E17,seed2!E17,seed4!E17,seed5!E17,seed7!E17,seed8!E17,seed9!E17,seed10!E17,seed11!E17,seed12!E17,seed13!E17,seed14!E17,seed15!E17,seed16!E17,seed17!E17,seed18!E17,seed20!E17,seed21!E17,seed22!E17),4) -> 14.0779 | G17: 70 | H17: 14.0779 | J17: 70
B18: 60 | C18: =ROUND(AVERAGE(seed1!C18,seed2!C18,seed4!C18,seed5!C18,seed7!C18,seed8!C18,seed9!C18,seed10!C18,seed11!C18,seed12!C18,seed13!C18,seed14!C18,seed15!C18,seed16!C18,seed17!C18,seed18!C18,seed20!C18,seed21!C18,seed22!C18),4) -> 12.6975 | D18: =ROUND(AVERAGE(seed1!D18,seed2!D18,seed4!D18,seed5!D18,seed7!D18,seed8!D18,seed9!D18,seed10!D18,seed11!D18,seed12!D18,seed13!D18,seed14!D18,seed15!D18,seed16!D18,seed17!D18,seed18!D18,seed20!D18,seed21!D18,seed22!D18),4) -> 14.7884 | E18: =ROUND(AVERAGE(seed1!E18,seed2!E18,seed4!E18,seed5!E18,seed7!E18,seed8!E18,seed9!E18,seed10!E18,seed11!E18,seed12!E18,seed13!E18,seed14!E18,seed15!E18,seed16!E18,seed17!E18,seed18!E18,seed20!E18,seed21!E18,seed22!E18),4) -> 13.6551 | G18: 60 | H18: 13.6551 | J18: 60
J19: 50
