Workbook

Sheet seed1
B2: 加藤さん | C2: α=0.4 | I2: 提案 | J2: α=0.6 | N2: 提案 | O2: α=0.5 | S2: α=0.55
B3: 流入量0 | C3: 流入量1 | E3: vehicle0 | F3: vehicle1 | G3: all | I3: 合流全て | J3: vehicle0 | K3: vehicle1 | L3: all | O3: vehicle0 | P3: vehicle1 | Q3: all | S3: vehicle0 | T3: vehicle1 | U3: all
B4: 800 | C4: 1000 | E4: 15.3497 | F4: 16.4628 | G4: 15.9261 | J4: 15.3497 | K4: 16.4628 | L4: 15.9261 | O4: 15.8025 | P4: 16.0904 | Q4: 15.9529 | S4: 15.5943 | T4: 16.2062 | U4: 15.9111
B5: 900 | C5: 1000 | E5: 12.9912 | F5: 16.2656 | G5: 14.6518 | J5: 13.1834 | K5: 15.4592 | L5: 14.3679 | O5: 13.7899 | P5: 14.804 | Q5: 14.3283 | S5: 13.6586 | T5: 15.3592 | U5: 14.5524
B6: 1000 | C6: 1000 | E6: 12.4376 | F6: 16.4761 | G6: 14.2572 | J6: 13.9006 | K6: 15.352 | L6: 14.6021 | O6: 14.4062 | P6: 13.6768 | Q6: 14.0458 | S6: 14.0902 | T6: 15.0892 | U6: 14.5785
B7: 1100 | C7: 1000 | E7: 12.9321 | F7: 16.2905 | G7: 14.3993 | J7: 13.9654 | K7: 14.574 | L7: 14.2515 | O7: 13.9294 | P7: 13.8452 | Q7: 13.8899 | S7: 14.2335 | T7: 14.0023 | U7: 14.1248
B8: 1200 | C8: 1000 | E8: 12.0073 | F8: 15.9922 | G8: 13.5399 | J8: 12.9692 | K8: 13.8365 | L8: 13.3339 | O8: 12.6442 | P8: 15.2378 | Q8: 13.6627 | S8: 12.6044 | T8: 14.2895 | U8: 13.3096
B11: データ（30s以降)
B12: 加藤さん | I12: 提案 | J12: α=0.6 | N12: 提案 | O12: α=0.5 | S12: α=0.55
B13: 流入量0 | C13: 流入量1 | E13: vehicle0 | F13: vehicle1 | G13: all | J13: vehicle0 | K13: vehicle1 | L13: all | O13: vehicle0 | P13: vehicle1 | Q13: all | S13: vehicle0 | T13: vehicle1 | U13: all
B14: 800 | C14: 1000 | E14: 14.8188 | F14: 16.5468 | G14: 15.7139 | J14: 14.8188 | K14: 16.5468 | L14: 15.7139 | O14: 15.5939 | P14: 15.9114 | Q14: 15.7609 | S14: 15.2388 | T14: 16.1064 | U14: 15.6882
B15: 900 | C15: 1000 | E15: 11.3237 | F15: 16.2317 | G15: 13.8095 | J15: 11.5665 | K15: 15.0446 | L15: 13.3971 | O15: 12.4438 | P15: 14.1027 | Q15: 13.3427 | S15: 12.2544 | T15: 14.9017 | U15: 13.668
B16: 1000 | C16: 1000 | E16: 10.5803 | F16: 16.5601 | G16: 13.1613 | J16: 12.5954 | K16: 14.8243 | L16: 13.6686 | O16: 13.3446 | P16: 12.3099 | Q16: 12.8294 | S16: 12.8724 | T16: 14.4357 | U16: 13.6382
B17: 1100 | C17: 1000 | E17: 11.2107 | F17: 16.2529 | G17: 13.3465 | J17: 12.6376 | K17: 13.6502 | L17: 13.1181 | O17: 12.5804 | P17: 12.5418 | Q17: 12.5621 | S17: 13.0506 | T17: 12.7804 | U17: 12.9224
B18: 1200 | C18: 1000 | E18: 10.5025 | F18: 15.9922 | G18: 12.4181 | J18: 11.8573 | K18: 12.4368 | L18: 12.0913 | O18: 11.4183 | P18: 14.7015 | Q18: 12.5959 | S18: 11.3065 | T18: 13.1914 | U18: 12.0619
B22: シミュ90秒
B23: 加藤さん | C23: α=0.4 | I23: 提案 | J23: α=0.6 | M23: 良い方を使う | N23: 提案 | O23: α=0.5
B24: 流入量0 | C24: 流入量1 | E24: vehicle0 | F24: vehicle1 | G24: all | I24: 合流全て | J24: vehicle0 | K24: vehicle1 | L24: all | O24: vehicle0 | P24: vehicle1 | Q24: all
B25: 800 | C25: 1000
B26: 900 | C26: 1000
B27: 1000 | C27: 1000
B28: 1100 | C28: 1000
B29: 1200 | C29: 1000 | E29: 8.7179 | F29: 15.9873 | G29: 11.1956 | J29: 9.6577 | K29: 15.0675 | L29: 11.5568 | O29: 8.0607 | P29: 11.6708 | Q29: 9.5603
B32: データ（30s以降)
B33: 加藤さん | I33: 提案 | J33: α=0.6 | N33: 提案 | O33: α=0.5
B34: 流入量0 | C34: 流入量1 | E34: vehicle0 | F34: vehicle1 | G34: all | J34: vehicle0 | K34: vehicle1 | L34: all | O34: vehicle0 | P34: vehicle1 | Q34: all
B35: 800 | C35: 1000
B36: 900 | C36: 1000
B37: 1000 | C37: 1000
B38: 1100 | C38: 1000
B39: 1200 | C39: 1000 | E39: 7.6651 | F39: 15.8396 | G39: 10.0796 | J39: 8.764 | K39: 14.5238 | L39: 10.5406 | O39: 6.8101 | P39: 10.9153 | Q39: 8.3711

Sheet seed2
B2: 加藤さん | I2: 提案 | J2: α=0.6 | N2: 提案 | O2: α=0.5 | S2: α=0.55
B3: 流入量0 | C3: 流入量1 | E3: vehicle0 | F3: vehicle1 | G3: all | J3: vehicle0 | K3: vehicle1 | L3: all | O3: vehicle0 | P3: vehicle1 | Q3: all | S3: vehicle0 | T3: vehicle1 | U3: all
B4: 800 | C4: 1000 | E4: 15.9061 | F4: 16.461 | G4: 16.2249 | J4: 14.5989 | K4: 16.4192 | L4: 15.6209 | O4: 15.9112 | P4: 16.4484 | Q4: 16.2199 | S4: 15.9061 | T4: 16.461 | U4: 16.2249
B5: 900 | C5: 1000 | E5: 14.8916 | F5: 16.633 | G5: 15.7897 | J5: 15.884 | K5: 16.4645 | L5: 16.1905 | O5: 15.884 | P5: 16.4645 | Q5: 16.1905 | S5: 15.884 | T5: 16.4645 | U5: 16.1905
B6: 1000 | C6: 1000 | E6: 13.3664 | F6: 16.4565 | G6: 14.8537 | J6: 14.2567 | K6: 16.3505 | L6: 15.2808 | O6: 14.2567 | P6: 16.3433 | Q6: 15.2771 | S6: 14.2567 | T6: 16.3433 | U6: 15.2771
B7: 1100 | C7: 1000 | E7: 14.463 | F7: 16.5711 | G7: 15.3938 | J7: 14.8859 | K7: 16.2166 | L7: 15.4734 | O7: 15.0575 | P7: 16.1368 | Q7: 15.534 | S7: 15.0575 | T7: 16.1368 | U7: 15.534
B8: 1200 | C8: 1000 | E8: 12.6514 | F8: 15.9696 | G8: 13.9391 | J8: 13.0898 | K8: 14.6536 | L8: 13.7558 | O8: 13.1592 | P8: 14.2868 | Q8: 13.64 | S8: 13.1163 | T8: 14.6549 | U8: 13.7715
B11: データ（30s以降)
B12: 加藤さん | I12: 提案 | J12: α=0.6 | N12: 提案 | O12: α=0.5 | S12: α=0.55
B13: 流入量0 | C13: 流入量1 | E13: vehicle0 | F13: vehicle1 | G13: all | J13: vehicle0 | K13: vehicle1 | L13: all | O13: vehicle0 | P13: vehicle1 | Q13: all | S13: vehicle0 | T13: vehicle1 | U13: all
B14: 800 | C14: 1000 | E14: 15.8734 | F14: 16.322 | G14: 16.1294 | J14: 13.7813 | K14: 16.2503 | L14: 15.1371 | O14: 15.8819 | P14: 16.3009 | Q14: 16.121 | S14: 15.8734 | T14: 16.3221 | U14: 16.1294
B15: 900 | C15: 1000 | E15: 14.1149 | F15: 16.6156 | G15: 15.4456 | J15: 15.7388 | K15: 16.3577 | L15: 16.0806 | O15: 15.7388 | P15: 16.3577 | Q15: 16.0806 | S15: 15.7388 | T15: 16.3577 | U15: 16.0806
B16: 1000 | C16: 1000 | E16: 11.1508 | F16: 16.3808 | G16: 13.9811 | J16: 12.5993 | K16: 16.2373 | L16: 14.6168 | O16: 12.5993 | P16: 16.2275 | Q16: 14.611 | S16: 12.5993 | T16: 16.2275 | U16: 14.611
B17: 1100 | C17: 1000 | E17: 13.1504 | F17: 16.61 | G17: 14.9897 | J17: 13.961 | K17: 16.1367 | L17: 15.1177 | O17: 14.2901 | P17: 16.0302 | Q17: 15.2152 | S17: 14.2901 | T17: 16.0302 | U17: 15.2152
B18: 1200 | C18: 1000 | E18: 10.9339 | F18: 15.6633 | G18: 12.9214 | J18: 11.2674 | K18: 13.9852 | L18: 12.5638 | O18: 11.3846 | P18: 13.4835 | Q18: 12.3874 | S18: 11.312 | T18: 13.9869 | U18: 12.588
B22: シミュ90秒
B23: 加藤さん | C23: α=0.4 | I23: 提案 | J23: α=0.6 | N23: 提案 | O23: α=0.5
B24: 流入量0 | C24: 流入量1 | E24: vehicle0 | F24: vehicle1 | G24: all | I24: 合流全て | J24: vehicle0 | K24: vehicle1 | L24: all | O24: vehicle0 | P24: vehicle1 | Q24: all
B25: 800 | C25: 1000
B26: 900 | C26: 1000
B27: 1000 | C27: 1000
B28: 1100 | C28: 1000
B29: 1200 | C29: 1000
B32: データ（30s以降)
B33: 加藤さん | I33: 提案 | J33: α=0.6 | N33: 提案 | O33: α=0.5
B34: 流入量0 | C34: 流入量1 | E34: vehicle0 | F34: vehicle1 | G34: all | J34: vehicle0 | K34: vehicle1 | L34: all | O34: vehicle0 | P34: vehicle1 | Q34: all
B35: 800 | C35: 1000
B36: 900 | C36: 1000
B37: 1000 | C37: 1000
B38: 1100 | C38: 1000
B39: 1200 | C39: 1000

Sheet seed3
B2: 加藤さん | I2: 提案 | J2: α=0.6 | N2: 提案 | O2: α=0.5 | S2: α=0.55
B3: 流入量0 | C3: 流入量1 | E3: vehicle0 | F3: vehicle1 | G3: all | J3: vehicle0 | K3: vehicle1 | L3: all | O3: vehicle0 | P3: vehicle1 | Q3: all | S3: vehicle0 | T3: vehicle1 | U3: all
B4: 800 | C4: 1000 | E4: 16.1936 | F4: 16.5856 | G4: 16.4102 | J4: 16.2029 | K4: 16.5664 | L4: 16.4038 | O4: 16.1957 | P4: 16.531 | Q4: 16.381 | S4: 16.2029 | T4: 16.5664 | U4: 16.4038
B5: 900 | C5: 1000 | E5: 15.5553 | F5: 16.5754 | G5: 16.0956 | J5: 15.5553 | K5: 16.5754 | L5: 16.0956 | O5: 15.5553 | P5: 16.5754 | Q5: 16.0956 | S5: 15.5553 | T5: 16.5754 | U5: 16.0956
B6: 1000 | C6: 1000 | E6: 16.1834 | F6: 16.2225 | G6: 16.2038 | J6: 16.2158 | K6: 16.1456 | L6: 16.1791 | O6: 16.2158 | P6: 16.1456 | Q6: 16.1791 | S6: 16.2158 | T6: 16.1456 | U6: 16.1791
B7: 1100 | C7: 1000 | E7: 13.2854 | F7: 16.3869 | G7: 14.7056 | J7: 13.5246 | K7: 15.8113 | L7: 14.5812 | O7: 14.2762 | P7: 14.8927 | Q7: 14.582 | S7: 14.2762 | T7: 14.8927 | U7: 14.582
B8: 1200 | C8: 1000 | E8: 12.536 | F8: 16.5526 | G8: 14.3366 | J8: 14.4318 | K8: 14.9845 | L8: 14.6974 | O8: 14.1377 | P8: 13.6238 | Q8: 13.892 | S8: 14.4199 | T8: 14.9569 | U8: 14.678
B11: データ（30s以降)
B12: 加藤さん | I12: 提案 | J12: α=0.6 | N12: 提案 | O12: α=0.5 | S12: α=0.55
B13: 流入量0 | C13: 流入量1 | E13: vehicle0 | F13: vehicle1 | G13: all | J13: vehicle0 | K13: vehicle1 | L13: all | O13: vehicle0 | P13: vehicle1 | Q13: all | S13: vehicle0 | T13: vehicle1 | U13: all
B14: 800 | C14: 1000 | E14: 16.2197 | F14: 16.67 | G14: 16.4466 | J14: 16.234 | K14: 16.6341 | L14: 16.4356 | O14: 16.223 | P14: 16.5679 | Q14: 16.3968 | S14: 16.234 | T14: 16.6341 | U14: 16.4356
B15: 900 | C15: 1000 | E15: 15.489 | F15: 16.6617 | G15: 16.0087 | J15: 15.489 | K15: 16.6617 | L15: 16.0087 | O15: 15.489 | P15: 16.6617 | Q15: 16.0087 | S15: 15.489 | T15: 16.6617 | U15: 16.0087
B16: 1000 | C16: 1000 | E16: 16.356 | F16: 15.9182 | G16: 16.1709 | J16: 16.4019 | K16: 15.7621 | L16: 16.1294 | O16: 16.4019 | P16: 15.7621 | Q16: 16.1294 | S16: 16.4019 | T16: 15.7621 | U16: 16.1294
B17: 1100 | C17: 1000 | E17: 12.5701 | F17: 16.2716 | G17: 13.9746 | J17: 12.8757 | K17: 15.2111 | L17: 13.777 | O17: 13.9982 | P17: 14.1525 | Q17: 14.0665 | S17: 13.9982 | T17: 14.1525 | U17: 14.0665
B18: 1200 | C18: 1000 | E18: 11.6057 | F18: 16.601 | G18: 13.5445 | J18: 14.2525 | K18: 14.3535 | L18: 14.2966 | O18: 13.8395 | P18: 12.0551 | Q18: 13.0652 | S18: 14.2356 | T18: 14.3067 | U18: 14.2667
B22: シミュ90秒
B23: 加藤さん | C23: α=0.4 | I23: 提案 | J23: α=0.6 | N23: 提案 | O23: α=0.5
B24: 流入量0 | C24: 流入量1 | E24: vehicle0 | F24: vehicle1 | G24: all | I24: 合流全て | J24: vehicle0 | K24: vehicle1 | L24: all | O24: vehicle0 | P24: vehicle1 | Q24: all
B25: 800 | C25: 1000
B26: 900 | C26: 1000
B27: 1000 | C27: 1000
B28: 1100 | C28: 1000
B29: 1200 | C29: 1000
B32: データ（30s以降)
B33: 加藤さん | I33: 提案 | J33: α=0.6 | N33: 提案 | O33: α=0.5
B34: 流入量0 | C34: 流入量1 | E34: vehicle0 | F34: vehicle1 | G34: all | J34: vehicle0 | K34: vehicle1 | L34: all | O34: vehicle0 | P34: vehicle1 | Q34: all
B35: 800 | C35: 1000
B36: 900 | C36: 1000
B37: 1000 | C37: 1000
B38: 1100 | C38: 1000
B39: 1200 | C39: 1000

Sheet seed4
B2: 加藤さん | I2: 提案 | J2: α=0.6 | N2: 提案 | O2: α=0.5 | S2: α=0.55
B3: 流入量0 | C3: 流入量1 | E3: vehicle0 | F3: vehicle1 | G3: all | J3: vehicle0 | K3: vehicle1 | L3: all | O3: vehicle0 | P3: vehicle1 | Q3: all | S3: vehicle0 | T3: vehicle1 | U3: all
B4: 800 | C4: 1000 | E4: 14.3166 | F4: 16.4937 | G4: 15.4505 | J4: 14.423 | K4: 16.4749 | L4: 15.4921 | O4: 14.0472 | P4: 16.1899 | Q4: 15.1634 | S4: 14.423 | T4: 16.4749 | U4: 15.4921
B5: 900 | C5: 1000 | E5: 13.903 | F5: 16.3641 | G5: 15.0307 | J5: 14.5354 | K5: 16.0331 | L5: 15.2426 | O5: 15.498 | P5: 15.9744 | Q5: 15.7263 | S5: 14.0788 | T5: 15.8307 | U5: 14.9053
B6: 1000 | C6: 1000 | E6: 14.3003 | F6: 16.4156 | G6: 15.2714 | J6: 14.97 | K6: 15.7224 | L6: 15.3324 | O6: 14.9592 | P6: 15.6212 | Q6: 15.2784 | S6: 15.0972 | T6: 15.5727 | U6: 15.3264
B7: 1100 | C7: 1000 | E7: 10.8385 | F7: 15.6169 | G7: 12.9108 | J7: 10.0567 | K7: 14.2877 | L7: 11.9252 | O7: 12.5093 | P7: 14.7537 | Q7: 13.53 | S7: 11.6221 | T7: 14.3901 | U7: 12.8537
B8: 1200 | C8: 1000 | E8: 11.2883 | F8: 16.1038 | G8: 13.1483 | J8: 12.5475 | K8: 14.5843 | L8: 13.3915 | O8: 13.7292 | P8: 13.2717 | Q8: 13.5255 | S8: 12.5475 | T8: 14.5843 | U8: 13.3915
B11: データ（30s以降)
B12: 加藤さん | I12: 提案 | J12: α=0.6 | N12: 提案 | O12: α=0.5 | S12: α=0.55
B13: 流入量0 | C13: 流入量1 | E13: vehicle0 | F13: vehicle1 | G13: all | J13: vehicle0 | K13: vehicle1 | L13: all | O13: vehicle0 | P13: vehicle1 | Q13: all | S13: vehicle0 | T13: vehicle1 | U13: all
B14: 800 | C14: 1000 | E14: 13.1792 | F14: 16.5011 | G14: 14.8888 | J14: 13.3475 | K14: 16.4706 | L14: 14.9556 | O14: 12.7515 | P14: 16.0068 | Q14: 14.4273 | S14: 13.3475 | T14: 16.4706 | U14: 14.9556
B15: 900 | C15: 1000 | E15: 12.7859 | F15: 16.3459 | G15: 14.4253 | J15: 13.8175 | K15: 15.8356 | L15: 14.7946 | O15: 15.6912 | P15: 15.7889 | Q15: 15.7397 | S15: 13.0318 | T15: 15.5023 | U15: 14.226
B16: 1000 | C16: 1000 | E16: 13.1105 | F16: 16.3008 | G16: 14.5281 | J16: 14.1574 | K16: 15.1257 | L16: 14.625 | O16: 14.139 | P16: 14.9552 | Q16: 14.5337 | S16: 14.3757 | T16: 14.8722 | U16: 14.6158
B17: 1100 | C17: 1000 | E17: 9.4181 | F17: 15.8425 | G17: 11.9886 | J17: 8.1652 | K17: 13.4369 | L17: 10.3436 | O17: 11.1323 | P17: 14.3196 | Q17: 12.5098 | S17: 10.3529 | T17: 13.5594 | U17: 11.6906
B18: 1200 | C18: 1000 | E18: 9.2131 | F18: 15.8236 | G18: 11.7948 | J18: 10.9941 | K18: 13.6378 | L18: 12.14 | O18: 12.5543 | P18: 11.9077 | Q18: 12.2437 | S18: 10.9941 | T18: 13.6378 | U18: 12.14
B22: シミュ90秒
B23: 加藤さん | C23: α=0.4 | I23: 提案 | J23: α=0.6 | N23: 提案 | O23: α=0.5
B24: 流入量0 | C24: 流入量1 | E24: vehicle0 | F24: vehicle1 | G24: all | I24: 合流全て | J24: vehicle0 | K24: vehicle1 | L24: all | O24: vehicle0 | P24: vehicle1 | Q24: all
B25: 800 | C25: 1000
B26: 900 | C26: 1000
B27: 1000 | C27: 1000
B28: 1100 | C28: 1000
B29: 1200 | C29: 1000
B32: データ（30s以降)
B33: 加藤さん | I33: 提案 | J33: α=0.6 | N33: 提案 | O33: α=0.5
B34: 流入量0 | C34: 流入量1 | E34: vehicle0 | F34: vehicle1 | G34: all | J34: vehicle0 | K34: vehicle1 | L34: all | O34: vehicle0 | P34: vehicle1 | Q34: all
B35: 800 | C35: 1000
B36: 900 | C36: 1000
B37: 1000 | C37: 1000
B38: 1100 | C38: 1000
B39: 1200 | C39: 1000

Sheet seed5
B2: 加藤さん | I2: 提案 | J2: α=0.6 | N2: 提案 | O2: α=0.5 | S2: α=0.55
B3: 流入量0 | C3: 流入量1 | E3: vehicle0 | F3: vehicle1 | G3: all | J3: vehicle0 | K3: vehicle1 | L3: all | O3: vehicle0 | P3: vehicle1 | Q3: all | S3: vehicle0 | T3: vehicle1 | U3: all
B4: 800 | C4: 1000
B5: 900 | C5: 1000
B6: 1000 | C6: 1000
B7: 1100 | C7: 1000
B8: 1200 | C8: 1000
B11: データ（30s以降)
B12: 加藤さん | I12: 提案 | J12: α=0.6 | N12: 提案 | O12: α=0.5 | S12: α=0.55
B13: 流入量0 | C13: 流入量1 | E13: vehicle0 | F13: vehicle1 | G13: all | J13: vehicle0 | K13: vehicle1 | L13: all | O13: vehicle0 | P13: vehicle1 | Q13: all | S13: vehicle0 | T13: vehicle1 | U13: all
B14: 800 | C14: 1000
B15: 900 | C15: 1000
B16: 1000 | C16: 1000
B17: 1100 | C17: 1000
B18: 1200 | C18: 1000
B22: シミュ90秒
B23: 加藤さん | C23: α=0.4 | I23: 提案 | J23: α=0.6 | N23: 提案 | O23: α=0.5
B24: 流入量0 | C24: 流入量1 | E24: vehicle0 | F24: vehicle1 | G24: all | I24: 合流全て | J24: vehicle0 | K24: vehicle1 | L24: all | O24: vehicle0 | P24: vehicle1 | Q24: all
B25: 800 | C25: 1000
B26: 900 | C26: 1000
B27: 1000 | C27: 1000
B28: 1100 | C28: 1000
B29: 1200 | C29: 1000
B32: データ（30s以降)
B33: 加藤さん | I33: 提案 | J33: α=0.6 | N33: 提案 | O33: α=0.5
B34: 流入量0 | C34: 流入量1 | E34: vehicle0 | F34: vehicle1 | G34: all | J34: vehicle0 | K34: vehicle1 | L34: all | O34: vehicle0 | P34: vehicle1 | Q34: all
B35: 800 | C35: 1000
B36: 900 | C36: 1000
B37: 1000 | C37: 1000
B38: 1100 | C38: 1000
B39: 1200 | C39: 1000

Sheet seed6
B2: 加藤さん | I2: 提案 | J2: α=0.6 | N2: 提案 | O2: α=0.5 | S2: α=0.55
B3: 流入量0 | C3: 流入量1 | E3: vehicle0 | F3: vehicle1 | G3: all | J3: vehicle0 | K3: vehicle1 | L3: all | O3: vehicle0 | P3: vehicle1 | Q3: all | S3: vehicle0 | T3: vehicle1 | U3: all
B4: 800 | C4: 1000
B5: 900 | C5: 1000
B6: 1000 | C6: 1000
B7: 1100 | C7: 1000
B8: 1200 | C8: 1000
B11: データ（30s以降)
B12: 加藤さん | I12: 提案 | J12: α=0.6 | N12: 提案 | O12: α=0.5 | S12: α=0.55
B13: 流入量0 | C13: 流入量1 | E13: vehicle0 | F13: vehicle1 | G13: all | J13: vehicle0 | K13: vehicle1 | L13: all | O13: vehicle0 | P13: vehicle1 | Q13: all | S13: vehicle0 | T13: vehicle1 | U13: all
B14: 800 | C14: 1000
B15: 900 | C15: 1000
B16: 1000 | C16: 1000
B17: 1100 | C17: 1000
B18: 1200 | C18: 1000

Sheet average
B2: 加藤さん | I2: 提案 | J2: α=0.6 | N2: 提案 | O2: α=0.5 | S2: α=0.55
B3: 流入量0 | C3: 流入量1 | E3: cav0_speed | F3: vehicle1 | G3: all_speed | J3: vehicle0 | K3: vehicle1 | L3: all | O3: vehicle0 | P3: vehicle1 | Q3: all | S3: vehicle0 | T3: vehicle1 | U3: all
B4: 800 | C4: 1000 | D4: 800 | E4: =ROUND(AVERAGE(seed1!E4,seed2!E4,seed3!E4,seed4!E4,seed5!E4), 4) -> 15.4415 | F4: =ROUND(AVERAGE(seed1!F4,seed2!F4,seed3!F4,seed4!F4,seed5!F4), 4) -> 16.5008 | G4: =ROUND(AVERAGE(seed1!G4,seed2!G4,seed3!G4,seed4!G4,seed5!G4), 4) -> 16.0029 | J4: =ROUND(AVERAGE(seed1!J4,seed2!J4,seed3!J4,seed4!J4,seed5!J4), 4) -> 15.1436 | K4: =ROUND(AVERAGE(seed1!K4,seed2!K4,seed3!K4,seed4!K4,seed5!K4), 4) -> 16.4808 | L4: =ROUND(AVERAGE(seed1!L4,seed2!L4,seed3!L4,seed4!L4,seed5!L4), 4) -> 15.8607 | O4: =ROUND(AVERAGE(seed1!O4,seed2!O4,seed3!O4,seed4!O4,seed5!O4), 4) -> 15.4892 | P4: =ROUND(AVERAGE(seed1!P4,seed2!P4,seed3!P4,seed4!P4,seed5!P4), 4) -> 16.3149 | Q4: =ROUND(AVERAGE(seed1!Q4,seed2!Q4,seed3!Q4,seed4!Q4,seed5!Q4), 4) -> 15.9293 | S4: =ROUND(AVERAGE(seed1!S4,seed2!S4,seed3!S4,seed4!S4,seed5!S4), 4) -> 15.5316 | T4: =ROUND(AVERAGE(seed1!T4,seed2!T4,seed3!T4,seed4!T4,seed5!T4), 4) -> 16.4271 | U4: =ROUND(AVERAGE(seed1!U4,seed2!U4,seed3!U4,seed4!U4,seed5!U4), 4) -> 16.008
B5: 900 | C5: 1000 | D5: 900 | E5: =ROUND(AVERAGE(seed1!E5,seed2!E5,seed3!E5,seed4!E5,seed5!E5), 4) -> 14.3353 | F5: =ROUND(AVERAGE(seed1!F5,seed2!F5,seed3!F5,seed4!F5,seed5!F5), 4) -> 16.4595 | G5: =ROUND(AVERAGE(seed1!G5,seed2!G5,seed3!G5,seed4!G5,seed5!G5), 4) -> 15.392 | J5: =ROUND(AVERAGE(seed1!J5,seed2!J5,seed3!J5,seed4!J5,seed5!J5), 4) -> 14.7895 | K5: =ROUND(AVERAGE(seed1!K5,seed2!K5,seed3!K5,seed4!K5,seed5!K5), 4) -> 16.1331 | L5: =ROUND(AVERAGE(seed1!L5,seed2!L5,seed3!L5,seed4!L5,seed5!L5), 4) -> 15.4742 | O5: =ROUND(AVERAGE(seed1!O5,seed2!O5,seed3!O5,seed4!O5,seed5!O5), 4) -> 15.1818 | P5: =ROUND(AVERAGE(seed1!P5,seed2!P5,seed3!P5,seed4!P5,seed5!P5), 4) -> 15.9546 | Q5: =ROUND(AVERAGE(seed1!Q5,seed2!Q5,seed3!Q5,seed4!Q5,seed5!Q5), 4) -> 15.5852 | S5: =ROUND(AVERAGE(seed1!S5,seed2!S5,seed3!S5,seed4!S5,seed5!S5), 4) -> 14.7942 | T5: =ROUND(AVERAGE(seed1!T5,seed2!T5,seed3!T5,seed4!T5,seed5!T5), 4) -> 16.0575 | U5: =ROUND(AVERAGE(seed1!U5,seed2!U5,seed3!U5,seed4!U5,seed5!U5), 4) -> 15.436
B6: 1000 | C6: 1000 | D6: 1000 | E6: =ROUND(AVERAGE(seed1!E6,seed2!E6,seed3!E6,seed4!E6,seed5!E6), 4) -> 14.0719 | F6: =ROUND(AVERAGE(seed1!F6,seed2!F6,seed3!F6,seed4!F6,seed5!F6), 4) -> 16.3927 | G6: =ROUND(AVERAGE(seed1!G6,seed2!G6,seed3!G6,seed4!G6,seed5!G6), 4) -> 15.1465 | J6: =ROUND(AVERAGE(seed1!J6,seed2!J6,seed3!J6,seed4!J6,seed5!J6), 4) -> 14.8358 | K6: =ROUND(AVERAGE(seed1!K6,seed2!K6,seed3!K6,seed4!K6,seed5!K6), 4) -> 15.8926 | L6: =ROUND(AVERAGE(seed1!L6,seed2!L6,seed3!L6,seed4!L6,seed5!L6), 4) -> 15.3486 | O6: =ROUND(AVERAGE(seed1!O6,seed2!O6,seed3!O6,seed4!O6,seed5!O6), 4) -> 14.9595 | P6: =ROUND(AVERAGE(seed1!P6,seed2!P6,seed3!P6,seed4!P6,seed5!P6), 4) -> 15.4467 | Q6: =ROUND(AVERAGE(seed1!Q6,seed2!Q6,seed3!Q6,seed4!Q6,seed5!Q6), 4) -> 15.1951 | S6: =ROUND(AVERAGE(seed1!S6,seed2!S6,seed3!S6,seed4!S6,seed5!S6), 4) -> 14.915 | T6: =ROUND(AVERAGE(seed1!T6,seed2!T6,seed3!T6,seed4!T6,seed5!T6), 4) -> 15.7877 | U6: =ROUND(AVERAGE(seed1!U6,seed2!U6,seed3!U6,seed4!U6,seed5!U6), 4) -> 15.3403
B7: 1100 | C7: 1000 | D7: 1100 | E7: =ROUND(AVERAGE(seed1!E7,seed2!E7,seed3!E7,seed4!E7,seed5!E7), 4) -> 12.8798 | F7: =ROUND(AVERAGE(seed1!F7,seed2!F7,seed3!F7,seed4!F7,seed5!F7), 4) -> 16.2164 | G7: =ROUND(AVERAGE(seed1!G7,seed2!G7,seed3!G7,seed4!G7,seed5!G7), 4) -> 14.3524 | J7: =ROUND(AVERAGE(seed1!J7,seed2!J7,seed3!J7,seed4!J7,seed5!J7), 4) -> 13.1082 | K7: =ROUND(AVERAGE(seed1!K7,seed2!K7,seed3!K7,seed4!K7,seed5!K7), 4) -> 15.2224 | L7: =ROUND(AVERAGE(seed1!L7,seed2!L7,seed3!L7,seed4!L7,seed5!L7), 4) -> 14.0578 | O7: =ROUND(AVERAGE(seed1!O7,seed2!O7,seed3!O7,seed4!O7,seed5!O7), 4) -> 13.9431 | P7: =ROUND(AVERAGE(seed1!P7,seed2!P7,seed3!P7,seed4!P7,seed5!P7), 4) -> 14.9071 | Q7: =ROUND(AVERAGE(seed1!Q7,seed2!Q7,seed3!Q7,seed4!Q7,seed5!Q7), 4) -> 14.384 | S7: =ROUND(AVERAGE(seed1!S7,seed2!S7,seed3!S7,seed4!S7,seed5!S7), 4) -> 13.7973 | T7: =ROUND(AVERAGE(seed1!T7,seed2!T7,seed3!T7,seed4!T7,seed5!T7), 4) -> 14.8555 | U7: =ROUND(AVERAGE(seed1!U7,seed2!U7,seed3!U7,seed4!U7,seed5!U7), 4) -> 14.2736
B8: 1200 | C8: 1000 | D8: 1200 | E8: =ROUND(AVERAGE(seed1!E8,seed2!E8,seed3!E8,seed4!E8,seed5!E8), 4) -> 12.1208 | F8: =ROUND(AVERAGE(seed1!F8,seed2!F8,seed3!F8,seed4!F8,seed5!F8), 4) -> 16.1546 | G8: =ROUND(AVERAGE(seed1!G8,seed2!G8,seed3!G8,seed4!G8,seed5!G8), 4) -> 13.741 | J8: =ROUND(AVERAGE(seed1!J8,seed2!J8,seed3!J8,seed4!J8,seed5!J8), 4) -> 13.2596 | K8: =ROUND(AVERAGE(seed1!K8,seed2!K8,seed3!K8,seed4!K8,seed5!K8), 4) -> 14.5147 | L8: =ROUND(AVERAGE(seed1!L8,seed2!L8,seed3!L8,seed4!L8,seed5!L8), 4) -> 13.7947 | O8: =ROUND(AVERAGE(seed1!O8,seed2!O8,seed3!O8,seed4!O8,seed5!O8), 4) -> 13.4176 | P8: =ROUND(AVERAGE(seed1!P8,seed2!P8,seed3!P8,seed4!P8,seed5!P8), 4) -> 14.105 | Q8: =ROUND(AVERAGE(seed1!Q8,seed2!Q8,seed3!Q8,seed4!Q8,seed5!Q8), 4) -> 13.6801 | S8: =ROUND(AVERAGE(seed1!S8,seed2!S8,seed3!S8,seed4!S8,seed5!S8), 4) -> 13.172 | T8: =ROUND(AVERAGE(seed1!T8,seed2!T8,seed3!T8,seed4!T8,seed5!T8), 4) -> 14.6214 | U8: =ROUND(AVERAGE(seed1!U8,seed2!U8,seed3!U8,seed4!U8,seed5!U8), 4) -> 13.7877
B11: データ（30s以降)
B12: 加藤さん | I12: 提案 | J12: α=0.6 | N12: 提案 | O12: α=0.5 | S12: α=0.55
B13: 流入量0 | C13: 流入量1 | E13: cav0_speed | F13: vehicle1 | G13: all_speed | J13: vehicle0 | K13: vehicle1 | L13: all | O13: vehicle0 | P13: vehicle1 | Q13: all | S13: vehicle0 | T13: vehicle1 | U13: all
B14: 800 | C14: 1000 | D14: 800 | E14: =ROUND(AVERAGE(seed1!E14,seed2!E14,seed3!E14,seed4!E14,seed5!E14), 4) -> 15.0228 | F14: =ROUND(AVERAGE(seed1!F14,seed2!F14,seed3!F14,seed4!F14,seed5!F14), 4) -> 16.51 | G14: =ROUND(AVERAGE(seed1!G14,seed2!G14,seed3!G14,seed4!G14,seed5!G14), 4) -> 15.7947 | J14: =ROUND(AVERAGE(seed1!J14,seed2!J14,seed3!J14,seed4!J14,seed5!J14), 4) -> 14.5454 | K14: =ROUND(AVERAGE(seed1!K14,seed2!K14,seed3!K14,seed4!K14,seed5!K14), 4) -> 16.4755 | L14: =ROUND(AVERAGE(seed1!L14,seed2!L14,seed3!L14,seed4!L14,seed5!L14), 4) -> 15.5606 | O14: =ROUND(AVERAGE(seed1!O14,seed2!O14,seed3!O14,seed4!O14,seed5!O14), 4) -> 15.1126 | P14: =ROUND(AVERAGE(seed1!P14,seed2!P14,seed3!P14,seed4!P14,seed5!P14), 4) -> 16.1968 | Q14: =ROUND(AVERAGE(seed1!Q14,seed2!Q14,seed3!Q14,seed4!Q14,seed5!Q14), 4) -> 15.6765 | S14: =ROUND(AVERAGE(seed1!S14,seed2!S14,seed3!S14,seed4!S14,seed5!S14), 4) -> 15.1734 | T14: =ROUND(AVERAGE(seed1!T14,seed2!T14,seed3!T14,seed4!T14,seed5!T14), 4) -> 16.3833 | U14: =ROUND(AVERAGE(seed1!U14,seed2!U14,seed3!U14,seed4!U14,seed5!U14), 4) -> 15.8022
B15: 900 | C15: 1000 | D15: 900 | E15: =ROUND(AVERAGE(seed1!E15,seed2!E15,seed3!E15,seed4!E15,seed5!E15), 4) -> 13.4284 | F15: =ROUND(AVERAGE(seed1!F15,seed2!F15,seed3!F15,seed4!F15,seed5!F15), 4) -> 16.4637 | G15: =ROUND(AVERAGE(seed1!G15,seed2!G15,seed3!G15,seed4!G15,seed5!G15), 4) -> 14.9223 | J15: =ROUND(AVERAGE(seed1!J15,seed2!J15,seed3!J15,seed4!J15,seed5!J15), 4) -> 14.153 | K15: =ROUND(AVERAGE(seed1!K15,seed2!K15,seed3!K15,seed4!K15,seed5!K15), 4) -> 15.9749 | L15: =ROUND(AVERAGE(seed1!L15,seed2!L15,seed3!L15,seed4!L15,seed5!L15), 4) -> 15.0703 | O15: =ROUND(AVERAGE(seed1!O15,seed2!O15,seed3!O15,seed4!O15,seed5!O15), 4) -> 14.8407 | P15: =ROUND(AVERAGE(seed1!P15,seed2!P15,seed3!P15,seed4!P15,seed5!P15), 4) -> 15.7278 | Q15: =ROUND(AVERAGE(seed1!Q15,seed2!Q15,seed3!Q15,seed4!Q15,seed5!Q15), 4) -> 15.2929 | S15: =ROUND(AVERAGE(seed1!S15,seed2!S15,seed3!S15,seed4!S15,seed5!S15), 4) -> 14.1285 | T15: =ROUND(AVERAGE(seed1!T15,seed2!T15,seed3!T15,seed4!T15,seed5!T15), 4) -> 15.8559 | U15: =ROUND(AVERAGE(seed1!U15,seed2!U15,seed3!U15,seed4!U15,seed5!U15), 4) -> 14.9958
B16: 1000 | C16: 1000 | D16: 1000 | E16: =ROUND(AVERAGE(seed1!E16,seed2!E16,seed3!E16,seed4!E16,seed5!E16), 4) -> 12.7994 | F16: =ROUND(AVERAGE(seed1!F16,seed2!F16,seed3!F16,seed4!F16,seed5!F16), 4) -> 16.29 | G16: =ROUND(AVERAGE(seed1!G16,seed2!G16,seed3!G16,seed4!G16,seed5!G16), 4) -> 14.4604 | J16: =ROUND(AVERAGE(seed1!J16,seed2!J16,seed3!J16,seed4!J16,seed5!J16), 4) -> 13.9385 | K16: =ROUND(AVERAGE(seed1!K16,seed2!K16,seed3!K16,seed4!K16,seed5!K16), 4) -> 15.4874 | L16: =ROUND(AVERAGE(seed1!L16,seed2!L16,seed3!L16,seed4!L16,seed5!L16), 4) -> 14.76 | O16: =ROUND(AVERAGE(seed1!O16,seed2!O16,seed3!O16,seed4!O16,seed5!O16), 4) -> 14.1212 | P16: =ROUND(AVERAGE(seed1!P16,seed2!P16,seed3!P16,seed4!P16,seed5!P16), 4) -> 14.8137 | Q16: =ROUND(AVERAGE(seed1!Q16,seed2!Q16,seed3!Q16,seed4!Q16,seed5!Q16), 4) -> 14.5259 | S16: =ROUND(AVERAGE(seed1!S16,seed2!S16,seed3!S16,seed4!S16,seed5!S16), 4) -> 14.0623 | T16: =ROUND(AVERAGE(seed1!T16,seed2!T16,seed3!T16,seed4!T16,seed5!T16), 4) -> 15.3244 | U16: =ROUND(AVERAGE(seed1!U16,seed2!U16,seed3!U16,seed4!U16,seed5!U16), 4) -> 14.7486
B17: 1100 | C17: 1000 | D17: 1100 | E17: =ROUND(AVERAGE(seed1!E17,seed2!E17,seed3!E17,seed4!E17,seed5!E17), 4) -> 11.5873 | F17: =ROUND(AVERAGE(seed1!F17,seed2!F17,seed3!F17,seed4!F17,seed5!F17), 4) -> 16.2443 | G17: =ROUND(AVERAGE(seed1!G17,seed2!G17,seed3!G17,seed4!G17,seed5!G17), 4) -> 13.5749 | J17: =ROUND(AVERAGE(seed1!J17,seed2!J17,seed3!J17,seed4!J17,seed5!J17), 4) -> 11.9099 | K17: =ROUND(AVERAGE(seed1!K17,seed2!K17,seed3!K17,seed4!K17,seed5!K17), 4) -> 14.6087 | L17: =ROUND(AVERAGE(seed1!L17,seed2!L17,seed3!L17,seed4!L17,seed5!L17), 4) -> 13.0891 | O17: =ROUND(AVERAGE(seed1!O17,seed2!O17,seed3!O17,seed4!O17,seed5!O17), 4) -> 13.0003 | P17: =ROUND(AVERAGE(seed1!P17,seed2!P17,seed3!P17,seed4!P17,seed5!P17), 4) -> 14.261 | Q17: =ROUND(AVERAGE(seed1!Q17,seed2!Q17,seed3!Q17,seed4!Q17,seed5!Q17), 4) -> 13.5884 | S17: =ROUND(AVERAGE(seed1!S17,seed2!S17,seed3!S17,seed4!S17,seed5!S17), 4) -> 12.923 | T17: =ROUND(AVERAGE(seed1!T17,seed2!T17,seed3!T17,seed4!T17,seed5!T17), 4) -> 14.1306 | U17: =ROUND(AVERAGE(seed1!U17,seed2!U17,seed3!U17,seed4!U17,seed5!U17), 4) -> 13.4737
B18: 1200 | C18: 1000 | D18: 1200 | E18: =ROUND(AVERAGE(seed1!E18,seed2!E18,seed3!E18,seed4!E18,seed5!E18), 4) -> 10.5638 | F18: =ROUND(AVERAGE(seed1!F18,seed2!F18,seed3!F18,seed4!F18,seed5!F18), 4) -> 16.02 | G18: =ROUND(AVERAGE(seed1!G18,seed2!G18,seed3!G18,seed4!G18,seed5!G18), 4) -> 12.6697 | J18: =ROUND(AVERAGE(seed1!J18,seed2!J18,seed3!J18,seed4!J18,seed5!J18), 4) -> 12.0928 | K18: =ROUND(AVERAGE(seed1!K18,seed2!K18,seed3!K18,seed4!K18,seed5!K18), 4) -> 13.6033 | L18: =ROUND(AVERAGE(seed1!L18,seed2!L18,seed3!L18,seed4!L18,seed5!L18), 4) -> 12.7729 | O18: =ROUND(AVERAGE(seed1!O18,seed2!O18,seed3!O18,seed4!O18,seed5!O18), 4) -> 12.2992 | P18: =ROUND(AVERAGE(seed1!P18,seed2!P18,seed3!P18,seed4!P18,seed5!P18), 4) -> 13.037 | Q18: =ROUND(AVERAGE(seed1!Q18,seed2!Q18,seed3!Q18,seed4!Q18,seed5!Q18), 4) -> 12.5731 | S18: =ROUND(AVERAGE(seed1!S18,seed2!S18,seed3!S18,seed4!S18,seed5!S18), 4) -> 11.9621 | T18: =ROUND(AVERAGE(seed1!T18,seed2!T18,seed3!T18,seed4!T18,seed5!T18), 4) -> 13.7807 | U18: =ROUND(AVERAGE(seed1!U18,seed2!U18,seed3!U18,seed4!U18,seed5!U18), 4) -> 12.7642
B22: シミュ90秒
B23: 加藤さん | C23: α=0.4 | I23: 提案 | J23: α=0.6 | N23: 提案 | O23: α=0.5
B24: 流入量0 | C24: 流入量1 | E24: vehicle0 | F24: vehicle1 | G24: all | I24: 合流全て | J24: vehicle0 | K24: vehicle1 | L24: all | O24: vehicle0 | P24: vehicle1 | Q24: all
B25: 800 | C25: 1000
B26: 900 | C26: 1000
B27: 1000 | C27: 1000
B28: 1100 | C28: 1000
B29: 1200 | C29: 1000
B32: データ（30s以降)
B33: 加藤さん | I33: 提案 | J33: α=0.6 | N33: 提案 | O33: α=0.5
B34: 流入量0 | C34: 流入量1 | E34: vehicle0 | F34: vehicle1 | G34: all | J34: vehicle0 | K34: vehicle1 | L34: all | O34: vehicle0 | P34: vehicle1 | Q34: all
B35: 800 | C35: 1000
B36: 900 | C36: 1000
B37: 1000 | C37: 1000
B38: 1100 | C38: 1000
B39: 1200 | C39: 1000
