Workbook

Sheet seed1
C2: 1000/1000 | D2: a = 0.5 | H2: 1000/1000 | I2: a = 0.6
B3: d | C3: vehicle0 | D3: vehicle1 | E3: all | G3: d | H3: vehicle0 | I3: vehicle1 | J3: all
B4: 200 | G4: 200
B5: 190 | G5: 190
B6: 180 | C6: 14.4062 | D6: 13.6768 | E6: 14.0458 | G6: 180
B7: 170 | C7: 14.4062 | D7: 13.6768 | E7: 14.0458 | G7: 170
B8: 160 | C8: 14.4062 | D8: 13.6768 | E8: 14.0458 | G8: 160
B9: 150 | C9: 14.3002 | D9: 13.9987 | E9: 14.1521 | G9: 150
B10: 140 | C10: 14.2668 | D10: 14.9791 | E10: 14.6145 | G10: 140
B11: 130 | C11: 14.2485 | D11: 14.1894 | E11: 14.2195 | G11: 130
B12: 120 | C12: 14.2485 | D12: 14.1894 | E12: 14.2195 | G12: 120
B13: 110 | C13: 14.2668 | D13: 14.9791 | E13: 14.6145 | G13: 110
B14: 100 | C14: 13.9934 | D14: 14.8691 | E14: 14.4167 | G14: 100
B15: 90 | C15: 14.3057 | D15: 15.1316 | E15: 14.7087 | G15: 90
B16: 80 | C16: 14.3057 | D16: 15.1316 | E16: 14.7087 | G16: 80
B17: 70 | C17: 13.5887 | D17: 14.9785 | E17: 14.2531 | G17: 70
B18: 60 | C18: 13.7882 | D18: 15.3678 | E18: 14.5434 | G18: 60
C22: 1000/1000 | D22: a = 0.5 | E22: (30s以降) | H22: 1000/1000 | I22: a = 0.6 | J22: (30s以降)
B23: d | C23: vehicle0 | D23: vehicle1 | E23: all | G23: d | H23: vehicle0 | I23: vehicle1 | J23: all
B24: 200 | G24: 200
B25: 190 | G25: 190
B26: 180 | C26: 13.3446 | D26: 12.3099 | E26: 12.8294 | G26: 180
B27: 170 | C27: 13.3446 | D27: 12.3099 | E27: 12.8294 | G27: 170
B28: 160 | C28: 13.3446 | D28: 12.3099 | E28: 12.8294 | G28: 160
B29: 150 | C29: 13.1921 | D29: 12.7864 | E29: 12.992 | G29: 150
B30: 140 | C30: 13.1404 | D30: 14.2634 | E30: 13.6895 | G30: 140
B31: 130 | C31: 13.113 | D31: 13.074 | E31: 13.0938 | G31: 130
B32: 120 | C32: 13.113 | D32: 13.074 | E32: 13.0938 | G32: 120
B33: 110 | C33: 13.1404 | D33: 14.2634 | E33: 13.6895 | G33: 110
B34: 100 | C34: 12.7371 | D34: 14.0817 | E34: 13.3845 | G34: 100
B35: 90 | C35: 13.2001 | D35: 14.4953 | E35: 13.8328 | G35: 90
B36: 80 | C36: 13.2001 | D36: 14.4953 | E36: 13.8328 | G36: 80
B37: 70 | C37: 12.1436 | D37: 14.2383 | E37: 13.1353 | G37: 70
B38: 60 | C38: 12.4464 | D38: 14.8403 | E38: 13.5797 | G38: 60

Sheet seed2
C2: 1000/1000 | D2: a = 0.5 | H2: 1000/1000 | I2: a = 0.6
B3: d | C3: vehicle0 | D3: vehicle1 | E3: all | G3: d | H3: vehicle0 | I3: vehicle1 | J3: all
B4: 200 | G4: 200
B5: 190 | G5: 190
B6: 180 | C6: 14.2474 | D6: 16.3505 | E6: 15.276 | G6: 180
B7: 170 | C7: 14.3178 | D7: 16.2274 | E7: 15.2518 | G7: 170
B8: 160 | C8: 14.2419 | D8: 16.2892 | E8: 15.2433 | G8: 160
B9: 150 | C9: 14.3041 | D9: 16.3829 | E9: 15.3209 | G9: 150
B10: 140 | C10: 14.3041 | D10: 16.3829 | E10: 15.3209 | G10: 140
B11: 130 | C11: 14.321 | D11: 16.3868 | E11: 15.3313 | G11: 130
B12: 120 | C12: 14.459 | D12: 16.3002 | E12: 15.3596 | G12: 120
B13: 110 | C13: 14.459 | D13: 16.3002 | E13: 15.3596 | G13: 110
B14: 100 | C14: 15.2865 | D14: 15.5626 | E14: 15.4277 | G14: 100
B15: 90 | C15: 14.3915 | D15: 16.3719 | E15: 15.3602 | G15: 90
B16: 80 | C16: 14.3909 | D16: 16.3735 | E16: 15.3606 | G16: 80
B17: 70 | C17: 14.3675 | D17: 16.304 | E17: 15.3147 | G17: 70
B18: 60 | C18: 14.3945 | D18: 16.274 | E18: 15.3138 | G18: 60
C22: 1000/1000 | D22: a = 0.5 | E22: (30s以降) | H22: 1000/1000 | I22: a = 0.6 | J22: (30s以降)
B23: d | C23: vehicle0 | D23: vehicle1 | E23: all | G23: d | H23: vehicle0 | I23: vehicle1 | J23: all
B24: 200 | G24: 200
B25: 190 | G25: 190
B26: 180 | C26: 12.5828 | D26: 16.2373 | E26: 14.6095 | G26: 180
B27: 170 | C27: 12.7069 | D27: 16.0707 | E27: 14.5723 | G27: 170
B28: 160 | C28: 12.5733 | D28: 16.1544 | E28: 14.5592 | G28: 160
B29: 150 | C29: 12.6828 | D29: 16.2813 | E29: 14.6784 | G29: 150
B30: 140 | C30: 12.6828 | D30: 16.2813 | E30: 14.6784 | G30: 140
B31: 130 | C31: 12.7126 | D31: 16.2864 | E31: 14.6941 | G31: 130
B32: 120 | C32: 12.9556 | D32: 16.1693 | E32: 14.7377 | G32: 120
B33: 110 | C33: 12.9556 | D33: 16.1693 | E33: 14.7377 | G33: 110
B34: 100 | C34: 14.3411 | D34: 15.1936 | E34: 14.8429 | G34: 100
B35: 90 | C35: 12.8366 | D35: 16.2663 | E35: 14.7386 | G35: 90
B36: 80 | C36: 12.8356 | D36: 16.2685 | E36: 14.7393 | G36: 80
B37: 70 | C37: 12.7944 | D37: 16.1745 | E37: 14.6689 | G37: 70
B38: 60 | C38: 12.8419 | D38: 16.1337 | E38: 14.6674 | G38: 60

Sheet seed4
C2: 1000/1000 | D2: a = 0.5 | H2: 1000/1000 | I2: a = 0.6
B3: d | C3: vehicle0 | D3: vehicle1 | E3: all | G3: d | H3: vehicle0 | I3: vehicle1 | J3: all
B4: 200 | G4: 200
B5: 190 | G5: 190
B6: 180 | C6: 15.1071 | D6: 15.6166 | E6: 15.3527 | G6: 180
B7: 170 | C7: 15.1071 | D7: 15.6166 | E7: 15.3527 | G7: 170
B8: 160 | C8: 15.1093 | D8: 15.582 | E8: 15.3372 | G8: 160
B9: 150 | C9: 14.8178 | D9: 15.0007 | E9: 14.906 | G9: 150
B10: 140 | C10: 15.1093 | D10: 15.582 | E10: 15.3372 | G10: 140
B11: 130 | C11: 15.1093 | D11: 15.582 | E11: 15.3372 | G11: 130
B12: 120 | C12: 15.2087 | D12: 16.0801 | E12: 15.6217 | G12: 120
B13: 110 | C13: 15.2087 | D13: 16.0801 | E13: 15.6217 | G13: 110
B14: 100 | C14: 14.8178 | D14: 15.0007 | E14: 14.906 | G14: 100
B15: 90 | C15: 15.1093 | D15: 15.582 | E15: 15.3372 | G15: 90
B16: 80 | C16: 15.1093 | D16: 15.582 | E16: 15.3372 | G16: 80
B17: 70 | C17: 14.8178 | D17: 15.0007 | E17: 14.906 | G17: 70
B18: 60 | C18: 14.8178 | D18: 15.0007 | E18: 14.906 | G18: 60
C22: 1000/1000 | D22: a = 0.5 | E22: (30s以降) | H22: 1000/1000 | I22: a = 0.6 | J22: (30s以降)
B23: d | C23: vehicle0 | D23: vehicle1 | E23: all | G23: d | H23: vehicle0 | I23: vehicle1 | J23: all
B24: 200 | G24: 200
B25: 190 | G25: 190
B26: 180 | C26: 14.3925 | D26: 14.9473 | E26: 14.6609 | G26: 180
B27: 170 | C27: 14.3925 | D27: 14.9473 | E27: 14.6609 | G27: 170
B28: 160 | C28: 14.3964 | D28: 14.8883 | E28: 14.6344 | G28: 160
B29: 150 | C29: 13.8965 | D29: 13.8982 | E29: 13.8973 | G29: 150
B30: 140 | C30: 14.3964 | D30: 14.8883 | E30: 14.6344 | G30: 140
B31: 130 | C31: 14.3964 | D31: 14.8883 | E31: 14.6344 | G31: 130
B32: 120 | C32: 14.5782 | D32: 15.7238 | E32: 15.1161 | G32: 120
B33: 110 | C33: 14.5782 | D33: 15.7238 | E33: 15.1161 | G33: 110
B34: 100 | C34: 13.8965 | D34: 13.8982 | E34: 13.8973 | G34: 100
B35: 90 | C35: 14.3964 | D35: 14.8883 | E35: 14.6344 | G35: 90
B36: 80 | C36: 14.3964 | D36: 14.8883 | E36: 14.6344 | G36: 80
B37: 70 | C37: 13.8965 | D37: 13.8982 | E37: 13.8973 | G37: 70
B38: 60 | C38: 13.8965 | D38: 13.8982 | E38: 13.8973 | G38: 60

Sheet seed5
C2: 1000/1000 | D2: a = 0.5 | H2: 1000/1000 | I2: a = 0.6
B3: d | C3: vehicle0 | D3: vehicle1 | E3: all | G3: d | H3: vehicle0 | I3: vehicle1 | J3: all
B4: 200 | G4: 200
B5: 190 | G5: 190
B6: 180 | C6: 15.3392 | D6: 14.9591 | E6: 15.1636 | G6: 180
B7: 170 | C7: 14.9306 | D7: 15.9321 | E7: 15.3933 | G7: 170
B8: 160 | C8: 14.9305 | D8: 13.2009 | E8: 14.1053 | G8: 160
B9: 150 | C9: 14.7526 | D9: 14.0589 | E9: 14.4216 | G9: 150
B10: 140 | C10: 14.8105 | D10: 14.0249 | E10: 14.4355 | G10: 140
B11: 130 | C11: 14.8105 | D11: 14.0249 | E11: 14.4355 | G11: 130
B12: 120 | C12: 14.9305 | D12: 15.9321 | E12: 15.3933 | G12: 120
B13: 110 | C13: 14.9308 | D13: 15.9299 | E13: 15.3924 | G13: 110
B14: 100 | C14: 15.4971 | D14: 15.646 | E14: 15.5659 | G14: 100
B15: 90 | C15: 15.4642 | D15: 14.2007 | E15: 14.8752 | G15: 90
B16: 80 | C16: 15.0484 | D16: 15.9382 | E16: 15.4622 | G16: 80
B17: 70 | C17: 15.4642 | D17: 14.2007 | E17: 14.8752 | G17: 70
B18: 60 | C18: 15.5794 | D18: 13.9954 | E18: 14.8411 | G18: 60
C22: 1000/1000 | D22: a = 0.5 | E22: (30s以降) | H22: 1000/1000 | I22: a = 0.6 | J22: (30s以降)
B23: d | C23: vehicle0 | D23: vehicle1 | E23: all | G23: d | H23: vehicle0 | I23: vehicle1 | J23: all
B24: 200 | G24: 200
B25: 190 | G25: 190
B26: 180 | C26: 15.0668 | D26: 14.4775 | E26: 14.7766 | G26: 180
B27: 170 | C27: 14.4098 | D27: 15.8622 | E27: 15.125 | G27: 170
B28: 160 | C28: 14.4058 | D28: 12.0844 | E28: 13.2139 | G28: 160
B29: 150 | C29: 14.1205 | D29: 13.2737 | E29: 13.6857 | G29: 150
B30: 140 | C30: 14.2124 | D30: 13.2265 | E30: 13.7058 | G30: 140
B31: 130 | C31: 14.2124 | D31: 13.2265 | E31: 13.7058 | G31: 130
B32: 120 | C32: 14.4098 | D32: 15.8622 | E32: 15.125 | G32: 120
B33: 110 | C33: 14.4101 | D33: 15.8591 | E33: 15.1237 | G33: 110
B34: 100 | C34: 15.3207 | D34: 15.4549 | E34: 15.3867 | G34: 100
B35: 90 | C35: 15.2656 | D35: 13.4092 | E35: 14.3399 | G35: 90
B36: 80 | C36: 14.5956 | D36: 15.8715 | E36: 15.2298 | G36: 80
B37: 70 | C37: 15.2656 | D37: 13.4092 | E37: 14.3399 | G37: 70
B38: 60 | C38: 15.4517 | D38: 13.1182 | E38: 14.2881 | G38: 60

Sheet seed7
C2: 1000/1000 | D2: a = 0.5 | H2: 1000/1000 | I2: a = 0.6
B3: d | C3: vehicle0 | D3: vehicle1 | E3: all | G3: d | H3: vehicle0 | I3: vehicle1 | J3: all
B4: 200 | G4: 200
B5: 190 | G5: 190
B6: 180 | G6: 180
B7: 170 | G7: 170
B8: 160 | G8: 160
B9: 150 | G9: 150
B10: 140 | G10: 140
B11: 130 | G11: 130
B12: 120 | G12: 120
B13: 110 | G13: 110 | H13: 11.1696 | I13: 14.2544 | J13: 12.6489 | L13: 0.5メモ
B14: 100 | G14: 100
B15: 90 | G15: 90
B16: 80 | G16: 80 | H16: 13.6785 | I16: 15.2346 | J16: 14.4213 | L16: 0.5メモ
B17: 70 | G17: 70
B18: 60 | G18: 60
C22: 1000/1000 | D22: a = 0.5 | E22: (30s以降) | H22: 1000/1000 | I22: a = 0.6 | J22: (30s以降)
B23: d | C23: vehicle0 | D23: vehicle1 | E23: all | G23: d | H23: vehicle0 | I23: vehicle1 | J23: all
B24: 200 | G24: 200
B25: 190 | G25: 190
B26: 180 | G26: 180
B27: 170 | G27: 170
B28: 160 | G28: 160
B29: 150 | G29: 150
B30: 140 | G30: 140
B31: 130 | G31: 130
B32: 120 | G32: 120
B33: 110 | G33: 110 | H33: 10.0499 | I33: 13.0263 | J33: 11.3467
B34: 100 | G34: 100
B35: 90 | G35: 90
B36: 80 | G36: 80 | H36: 13.0058 | I36: 14.681 | J36: 13.7177
B37: 70 | G37: 70
B38: 60 | G38: 60

Sheet seed8
C2: 1000/1000 | D2: a = 0.5 | H2: 1000/1000 | I2: a = 0.6
B3: d | C3: vehicle0 | D3: vehicle1 | E3: all | G3: d | H3: vehicle0 | I3: vehicle1 | J3: all
B4: 200 | G4: 200
B5: 190 | G5: 190
B6: 180 | C6: 15.6473 | D6: 16.2887 | E6: 15.9661 | G6: 180
B7: 170 | C7: 15.6473 | D7: 16.2887 | E7: 15.9661 | G7: 170
B8: 160 | C8: 15.6473 | D8: 16.2887 | E8: 15.9661 | G8: 160
B9: 150 | C9: 15.6473 | D9: 16.2887 | E9: 15.9661 | G9: 150
B10: 140 | C10: 15.577 | D10: 16.3178 | E10: 15.9452 | G10: 140
B11: 130 | C11: 15.6473 | D11: 16.2887 | E11: 15.9661 | G11: 130
B12: 120 | C12: 15.6473 | D12: 16.2887 | E12: 15.9661 | G12: 120
B13: 110 | C13: 15.6473 | D13: 16.2887 | E13: 15.9661 | G13: 110 | H13: 15.6473 | I13: 16.2887 | J13: 15.961 | L13: 0.5メモ
B14: 100 | C14: 13.8741 | D14: 16.5877 | E14: 15.1701 | G14: 100
B15: 90 | C15: 14.4071 | D15: 16.502 | E15: 15.4133 | G15: 90
B16: 80 | C16: 14.5128 | D16: 16.434 | E16: 15.4357 | G16: 80 | H16: 14.5128 | I16: 16.434 | J16: 15.4357 | L16: 0.5メモ
B17: 70 | C17: 14.5128 | D17: 16.434 | E17: 15.4357 | G17: 70
B18: 60 | C18: 14.5128 | D18: 16.434 | E18: 15.4357 | G18: 60
C19: 14.5128 | D19: 16.434 | E19: 15.4357
C22: 1000/1000 | D22: a = 0.5 | E22: (30s以降) | H22: 1000/1000 | I22: a = 0.6 | J22: (30s以降)
B23: d | C23: vehicle0 | D23: vehicle1 | E23: all | G23: d | H23: vehicle0 | I23: vehicle1 | J23: all
B24: 200 | G24: 200
B25: 190 | G25: 190
B26: 180 | C26: 15.2824 | D26: 16.078 | E26: 15.6787 | G26: 180
B27: 170 | C27: 15.2824 | D27: 16.078 | E27: 15.6787 | G27: 170
B28: 160 | C28: 15.2824 | D28: 16.078 | E28: 15.6787 | G28: 160
B29: 150 | C29: 15.2824 | D29: 16.078 | E29: 15.6787 | G29: 150
B30: 140 | C30: 15.1685 | D30: 16.125 | E30: 15.645 | G30: 140
B31: 130 | C31: 15.2824 | D31: 16.078 | E31: 15.6787 | G31: 130
B32: 120 | C32: 15.2824 | D32: 16.078 | E32: 15.6787 | G32: 120
B33: 110 | C33: 15.2824 | D33: 16.078 | E33: 15.6787 | G33: 110 | H33: 15.2824 | I33: 16.078 | J33: 15.6787
B34: 100 | C34: 12.5334 | D34: 16.6079 | E34: 14.4369 | G34: 100
B35: 90 | C35: 13.3473 | D35: 16.4684 | E35: 14.8187 | G35: 90
B36: 80 | C36: 13.5134 | D36: 16.3578 | E36: 14.8544 | G36: 80 | H36: 13.5134 | I36: 16.3578 | J36: 14.8544
B37: 70 | C37: 13.5134 | D37: 16.3578 | E37: 14.8544 | G37: 70
B38: 60 | C38: 13.5134 | D38: 16.3578 | E38: 14.8544 | G38: 60
C39: 13.5134 | D39: 16.3578 | E39: 14.8544

Sheet seed9
C2: 1000/1000 | D2: a = 0.5 | H2: 1000/1000 | I2: a = 0.6
B3: d | C3: vehicle0 | D3: vehicle1 | E3: all | G3: d | H3: vehicle0 | I3: vehicle1 | J3: all
B4: 200 | G4: 200
B5: 190 | G5: 190
B6: 180 | G6: 180
B7: 170 | G7: 170
B8: 160 | G8: 160
B9: 150 | G9: 150
B10: 140 | G10: 140
B11: 130 | G11: 130
B12: 120 | G12: 120
B13: 110 | G13: 110
B14: 100 | G14: 100
B15: 90 | G15: 90
... B18: 60 | G18: 60
C22: 1000/1000 | D22: a = 0.5 | E22: (30s以降) | H22: 1000/1000 | I22: a = 0.6 | J22: (30s以降)
B23: d | C23: vehicle0 | D23: vehicle1 | E23: all | G23: d | H23: vehicle0 | I23: vehicle1 | J23: all
B24: 200 | G24: 200
B25: 190 | G25: 190
B26: 180 | G26: 180
B27: 170 | G27: 170
B28: 160 | G28: 160
B29: 150 | G29: 150
B30: 140 | G30: 140
B31: 130 | G31: 130
B32: 120 | G32: 120
B33: 110 | G33: 110
B34: 100 | G34: 100
B35: 90 | G35: 90
... B38: 60 | G38: 60

Sheet seed10
C2: 1000/1000 | D2: a = 0.5 | H2: 1000/1000 | I2: a = 0.6
B3: d | C3: vehicle0 | D3: vehicle1 | E3: all | G3: d | H3: vehicle0 | I3: vehicle1 | J3: all
B4: 200 | G4: 200
B5: 190 | G5: 190
B6: 180 | G6: 180
B7: 170 | G7: 170
B8: 160 | G8: 160
B9: 150 | G9: 150
B10: 140 | G10: 140
B11: 130 | G11: 130
B12: 120 | G12: 120
B13: 110 | G13: 110
B14: 100 | G14: 100
B15: 90 | G15: 90
... B18: 60 | G18: 60
C22: 1000/1000 | D22: a = 0.5 | E22: (30s以降) | H22: 1000/1000 | I22: a = 0.6 | J22: (30s以降)
B23: d | C23: vehicle0 | D23: vehicle1 | E23: all | G23: d | H23: vehicle0 | I23: vehicle1 | J23: all
B24: 200 | G24: 200
B25: 190 | G25: 190
B26: 180 | G26: 180
B27: 170 | G27: 170
B28: 160 | G28: 160
B29: 150 | G29: 150
B30: 140 | G30: 140
B31: 130 | G31: 130
B32: 120 | G32: 120
B33: 110 | G33: 110
B34: 100 | G34: 100
B35: 90 | G35: 90
... B38: 60 | G38: 60

Sheet average
C2: 1000/1000 | D2: a = 0.5 | H2: 1000/1000 | I2: a = 0.6
B3: d | C3: vehicle0 | D3: vehicle1 | E3: all | G3: d | H3: vehicle0 | I3: vehicle1 | J3: all
B4: 200 | C4: =ROUND(AVERAGE(seed1!C4,seed2!C4,seed4!C4,seed5!C4,seed7!C4,seed8!C4,seed9!C4,seed10!C4),4) -> #DIV/0! | D4: =ROUND(AVERAGE(seed1!D4,seed2!D4,seed4!D4,seed5!D4,seed7!D4,seed8!D4,seed9!D4,seed10!D4),4) -> #DIV/0! | E4: =ROUND(AVERAGE(seed1!E4,seed2!E4,seed4!E4,seed5!E4,seed7!E4,seed8!E4,seed9!E4,seed10!E4),4) -> #DIV/0! | G4: 200 | H4: =ROUND(AVERAGE(seed1!H4,seed2!H4,seed4!H4,seed5!H4,seed7!H4,seed8!H4,seed9!H4,seed10!H4),4) -> #DIV/0!
B5: 190 | C5: =ROUND(AVERAGE(seed1!C5,seed2!C5,seed4!C5,seed5!C5,seed7!C5,seed8!C5,seed9!C5,seed10!C5),4) -> #DIV/0! | D5: =ROUND(AVERAGE(seed1!D5,seed2!D5,seed4!D5,seed5!D5,seed7!D5,seed8!D5,seed9!D5,seed10!D5),4) -> #DIV/0! | E5: =ROUND(AVERAGE(seed1!E5,seed2!E5,seed4!E5,seed5!E5,seed7!E5,seed8!E5,seed9!E5,seed10!E5),4) -> #DIV/0! | G5: 190 | M5: all_speed | Q5: all_speed | R5: cav0_speed | S5: cav1_speed
B6: 180 | C6: =ROUND(AVERAGE(seed1!C6,seed2!C6,seed4!C6,seed5!C6,seed7!C6,seed8!C6,seed9!C6,seed10!C6),4) -> 14.9494 | D6: =ROUND(AVERAGE(seed1!D6,seed2!D6,seed4!D6,seed5!D6,seed7!D6,seed8!D6,seed9!D6,seed10!D6),4) -> 15.3783 | E6: =ROUND(AVERAGE(seed1!E6,seed2!E6,seed4!E6,seed5!E6,seed7!E6,seed8!E6,seed9!E6,seed10!E6),4) -> 15.1608 | G6: 180 | L6: 180 | M6: =E6 -> 15.1608 | P6: 180 | Q6: =E6 -> 15.1608 | R6: =C6 -> 14.9494 | S6: =D6 -> 15.3783
B7: 170 | C7: =ROUND(AVERAGE(seed1!C7,seed2!C7,seed4!C7,seed5!C7,seed7!C7,seed8!C7,seed9!C7,seed10!C7),4) -> 14.8818 | D7: =ROUND(AVERAGE(seed1!D7,seed2!D7,seed4!D7,seed5!D7,seed7!D7,seed8!D7,seed9!D7,seed10!D7),4) -> 15.5483 | E7: =ROUND(AVERAGE(seed1!E7,seed2!E7,seed4!E7,seed5!E7,seed7!E7,seed8!E7,seed9!E7,seed10!E7),4) -> 15.2019 | G7: 170 | L7: 170 | M7: =E7 -> 15.2019 | P7: 170 | Q7: =E7 -> 15.2019 | R7: =C7 -> 14.8818 | S7: =D7 -> 15.5483
B8: 160 | C8: =ROUND(AVERAGE(seed1!C8,seed2!C8,seed4!C8,seed5!C8,seed7!C8,seed8!C8,seed9!C8,seed10!C8),4) -> 14.867 | D8: =ROUND(AVERAGE(seed1!D8,seed2!D8,seed4!D8,seed5!D8,seed7!D8,seed8!D8,seed9!D8,seed10!D8),4) -> 15.0075 | E8: =ROUND(AVERAGE(seed1!E8,seed2!E8,seed4!E8,seed5!E8,seed7!E8,seed8!E8,seed9!E8,seed10!E8),4) -> 14.9395 | G8: 160 | L8: 160 | M8: =E8 -> 14.9395 | P8: 160 | Q8: =E8 -> 14.9395 | R8: =C8 -> 14.867 | S8: =D8 -> 15.0075
B9: 150 | C9: =ROUND(AVERAGE(seed1!C9,seed2!C9,seed4!C9,seed5!C9,seed7!C9,seed8!C9,seed9!C9,seed10!C9),4) -> 14.7644 | D9: =ROUND(AVERAGE(seed1!D9,seed2!D9,seed4!D9,seed5!D9,seed7!D9,seed8!D9,seed9!D9,seed10!D9),4) -> 15.146 | E9: =ROUND(AVERAGE(seed1!E9,seed2!E9,seed4!E9,seed5!E9,seed7!E9,seed8!E9,seed9!E9,seed10!E9),4) -> 14.9533 | G9: 150 | L9: 150 | M9: =E9 -> 14.9533 | P9: 150 | Q9: =E9 -> 14.9533 | R9: =C9 -> 14.7644 | S9: =D9 -> 15.146
B10: 140 | C10: =ROUND(AVERAGE(seed1!C10,seed2!C10,seed4!C10,seed5!C10,seed7!C10,seed8!C10,seed9!C10,seed10!C10),4) -> 14.8135 | D10: =ROUND(AVERAGE(seed1!D10,seed2!D10,seed4!D10,seed5!D10,seed7!D10,seed8!D10,seed9!D10,seed10!D10),4) -> 15.4573 | E10: =ROUND(AVERAGE(seed1!E10,seed2!E10,seed4!E10,seed5!E10,seed7!E10,seed8!E10,seed9!E10,seed10!E10),4) -> 15.1307 | G10: 140 | L10: 140 | M10: =E10 -> 15.1307 | P10: 140 | Q10: =E10 -> 15.1307 | R10: =C10 -> 14.8135 | S10: =D10 -> 15.4573
B11: 130 | C11: =ROUND(AVERAGE(seed1!C11,seed2!C11,seed4!C11,seed5!C11,seed7!C11,seed8!C11,seed9!C11,seed10!C11),4) -> 14.8273 | D11: =ROUND(AVERAGE(seed1!D11,seed2!D11,seed4!D11,seed5!D11,seed7!D11,seed8!D11,seed9!D11,seed10!D11),4) -> 15.2944 | E11: =ROUND(AVERAGE(seed1!E11,seed2!E11,seed4!E11,seed5!E11,seed7!E11,seed8!E11,seed9!E11,seed10!E11),4) -> 15.0579 | G11: 130 | L11: 130 | M11: =E11 -> 15.0579 | P11: 130 | Q11: =E11 -> 15.0579 | R11: =C11 -> 14.8273 | S11: =D11 -> 15.2944
B12: 120 | C12: =ROUND(AVERAGE(seed1!C12,seed2!C12,seed4!C12,seed5!C12,seed7!C12,seed8!C12,seed9!C12,seed10!C12),4) -> 14.8988 | D12: =ROUND(AVERAGE(seed1!D12,seed2!D12,seed4!D12,seed5!D12,seed7!D12,seed8!D12,seed9!D12,seed10!D12),4) -> 15.7581 | E12: =ROUND(AVERAGE(seed1!E12,seed2!E12,seed4!E12,seed5!E12,seed7!E12,seed8!E12,seed9!E12,seed10!E12),4) -> 15.312 | G12: 120 | L12: 120 | M12: =E12 -> 15.312 | P12: 120 | Q12: =E12 -> 15.312 | R12: =C12 -> 14.8988 | S12: =D12 -> 15.7581
B13: 110 | C13: =ROUND(AVERAGE(seed1!C13,seed2!C13,seed4!C13,seed5!C13,seed7!C13,seed8!C13,seed9!C13,seed10!C13),4) -> 14.9025 | D13: =ROUND(AVERAGE(seed1!D13,seed2!D13,seed4!D13,seed5!D13,seed7!D13,seed8!D13,seed9!D13,seed10!D13),4) -> 15.9156 | E13: =ROUND(AVERAGE(seed1!E13,seed2!E13,seed4!E13,seed5!E13,seed7!E13,seed8!E13,seed9!E13,seed10!E13),4) -> 15.3909 | G13: 110 | L13: 110 | M13: =E13 -> 15.3909 | P13: 110 | Q13: =E13 -> 15.3909 | R13: =C13 -> 14.9025 | S13: =D13 -> 15.9156
B14: 100 | C14: =ROUND(AVERAGE(seed1!C14,seed2!C14,seed4!C14,seed5!C14,seed7!C14,seed8!C14,seed9!C14,seed10!C14),4) -> 14.6938 | D14: =ROUND(AVERAGE(seed1!D14,seed2!D14,seed4!D14,seed5!D14,seed7!D14,seed8!D14,seed9!D14,seed10!D14),4) -> 15.5332 | E14: =ROUND(AVERAGE(seed1!E14,seed2!E14,seed4!E14,seed5!E14,seed7!E14,seed8!E14,seed9!E14,seed10!E14),4) -> 15.0973 | G14: 100 | L14: 100 | M14: =E14 -> 15.0973 | P14: 100 | Q14: =E14 -> 15.0973 | R14: =C14 -> 14.6938 | S14: =D14 -> 15.5332
B15: 90 | C15: =ROUND(AVERAGE(seed1!C15,seed2!C15,seed4!C15,seed5!C15,seed7!C15,seed8!C15,seed9!C15,seed10!C15),4) -> 14.7356 | D15: =ROUND(AVERAGE(seed1!D15,seed2!D15,seed4!D15,seed5!D15,seed7!D15,seed8!D15,seed9!D15,seed10!D15),4) -> 15.5576 | E15: =ROUND(AVERAGE(seed1!E15,seed2!E15,seed4!E15,seed5!E15,seed7!E15,seed8!E15,seed9!E15,seed10!E15),4) -> 15.1389 | G15: 90 | L15: 90 | M15: =E15 -> 15.1389 | P15: 90 | Q15: =E15 -> 15.1389 | R15: =C15 -> 14.7356 | S15: =D15 -> 15.5576
B16: 80 | C16: =ROUND(AVERAGE(seed1!C16,seed2!C16,seed4!C16,seed5!C16,seed7!C16,seed8!C16,seed9!C16,seed10!C16),4) -> 14.6734 | D16: =ROUND(AVERAGE(seed1!D16,seed2!D16,seed4!D16,seed5!D16,seed7!D16,seed8!D16,seed9!D16,seed10!D16),4) -> 15.8919 | E16: =ROUND(AVERAGE(seed1!E16,seed2!E16,seed4!E16,seed5!E16,seed7!E16,seed8!E16,seed9!E16,seed10!E16),4) -> 15.2609 | G16: 80 | L16: 80 | M16: =E16 -> 15.2609 | P16: 80 | Q16: =E16 -> 15.2609 | R16: =C16 -> 14.6734 | S16: =D16 -> 15.8919
B17: 70 | C17: =ROUND(AVERAGE(seed1!C17,seed2!C17,seed4!C17,seed5!C17,seed7!C17,seed8!C17,seed9!C17,seed10!C17),4) -> 14.5502 | D17: =ROUND(AVERAGE(seed1!D17,seed2!D17,seed4!D17,seed5!D17,seed7!D17,seed8!D17,seed9!D17,seed10!D17),4) -> 15.3836 | E17: =ROUND(AVERAGE(seed1!E17,seed2!E17,seed4!E17,seed5!E17,seed7!E17,seed8!E17,seed9!E17,seed10!E17),4) -> 14.9569 | G17: 70 | L17: 70 | M17: =E17 -> 14.9569 | P17: 70 | Q17: =E17 -> 14.9569 | R17: =C17 -> 14.5502 | S17: =D17 -> 15.3836
B18: 60 | C18: =ROUND(AVERAGE(seed1!C18,seed2!C18,seed4!C18,seed5!C18,seed7!C18,seed8!C18,seed9!C18,seed10!C18),4) -> 14.6185 | D18: =ROUND(AVERAGE(seed1!D18,seed2!D18,seed4!D18,seed5!D18,seed7!D18,seed8!D18,seed9!D18,seed10!D18),4) -> 15.4144 | E18: =ROUND(AVERAGE(seed1!E18,seed2!E18,seed4!E18,seed5!E18,seed7!E18,seed8!E18,seed9!E18,seed10!E18),4) -> 15.008 | G18: 60 | L18: 60 | M18: =E18 -> 15.008 | P18: 60 | Q18: =E18 -> 15.008 | R18: =C18 -> 14.6185 | S18: =D18 -> 15.4144
C22: 1000/1000 | D22: a = 0.5 | E22: (30s以降) | H22: 1000/1000 | I22: a = 0.6 | J22: (30s以降)
B23: d | C23: vehicle0 | D23: vehicle1 | E23: all | G23: d | H23: vehicle0 | I23: vehicle1 | J23: all
B24: 200 | C24: =ROUND(AVERAGE(seed1!C24,seed2!C24,seed4!C24,seed5!C24,seed7!C24,seed8!C24,seed9!C24,seed10!C24),4) -> #DIV/0! | D24: =ROUND(AVERAGE(seed1!D24,seed2!D24,seed4!D24,seed5!D24,seed7!D24,seed8!D24,seed9!D24,seed10!D24),4) -> #DIV/0! | E24: =ROUND(AVERAGE(seed1!E24,seed2!E24,seed4!E24,seed5!E24,seed7!E24,seed8!E24,seed9!E24,seed10!E24),4) -> #DIV/0! | G24: 200 | H24: =ROUND(AVERAGE(seed1!H24,seed2!H24,seed4!H24,seed5!H24,seed7!H24,seed8!H24,seed9!H24,seed10!H24),4) -> #DIV/0!
B25: 190 | C25: =ROUND(AVERAGE(seed1!C25,seed2!C25,seed4!C25,seed5!C25,seed7!C25,seed8!C25,seed9!C25,seed10!C25),4) -> #DIV/0! | D25: =ROUND(AVERAGE(seed1!D25,seed2!D25,seed4!D25,seed5!D25,seed7!D25,seed8!D25,seed9!D25,seed10!D25),4) -> #DIV/0! | E25: =ROUND(AVERAGE(seed1!E25,seed2!E25,seed4!E25,seed5!E25,seed7!E25,seed8!E25,seed9!E25,seed10!E25),4) -> #DIV/0! | G25: 190 | M25: all_speed | Q25: all_speed | R25: cav0_speed | S25: cav1_speed
B26: 180 | C26: =ROUND(AVERAGE(seed1!C26,seed2!C26,seed4!C26,seed5!C26,seed7!C26,seed8!C26,seed9!C26,seed10!C26),4) -> 14.1338 | D26: =ROUND(AVERAGE(seed1!D26,seed2!D26,seed4!D26,seed5!D26,seed7!D26,seed8!D26,seed9!D26,seed10!D26),4) -> 14.81 | E26: =ROUND(AVERAGE(seed1!E26,seed2!E26,seed4!E26,seed5!E26,seed7!E26,seed8!E26,seed9!E26,seed10!E26),4) -> 14.511 | G26: 180 | L26: 180 | M26: =E26 -> 14.511 | P26: 180 | Q26: =E26 -> 14.511 | R26: =C26 -> 14.1338 | S26: =D26 -> 14.81
B27: 170 | C27: =ROUND(AVERAGE(seed1!C27,seed2!C27,seed4!C27,seed5!C27,seed7!C27,seed8!C27,seed9!C27,seed10!C27),4) -> 14.0272 | D27: =ROUND(AVERAGE(seed1!D27,seed2!D27,seed4!D27,seed5!D27,seed7!D27,seed8!D27,seed9!D27,seed10!D27),4) -> 15.0536 | E27: =ROUND(AVERAGE(seed1!E27,seed2!E27,seed4!E27,seed5!E27,seed7!E27,seed8!E27,seed9!E27,seed10!E27),4) -> 14.5733 | G27: 170 | L27: 170 | M27: =E27 -> 14.5733 | P27: 170 | Q27: =E27 -> 14.5733 | R27: =C27 -> 14.0272 | S27: =D27 -> 15.0536
B28: 160 | C28: =ROUND(AVERAGE(seed1!C28,seed2!C28,seed4!C28,seed5!C28,seed7!C28,seed8!C28,seed9!C28,seed10!C28),4) -> 14.0005 | D28: =ROUND(AVERAGE(seed1!D28,seed2!D28,seed4!D28,seed5!D28,seed7!D28,seed8!D28,seed9!D28,seed10!D28),4) -> 14.303 | E28: =ROUND(AVERAGE(seed1!E28,seed2!E28,seed4!E28,seed5!E28,seed7!E28,seed8!E28,seed9!E28,seed10!E28),4) -> 14.1831 | G28: 160 | L28: 160 | M28: =E28 -> 14.1831 | P28: 160 | Q28: =E28 -> 14.1831 | R28: =C28 -> 14.0005 | S28: =D28 -> 14.303
B29: 150 | C29: =ROUND(AVERAGE(seed1!C29,seed2!C29,seed4!C29,seed5!C29,seed7!C29,seed8!C29,seed9!C29,seed10!C29),4) -> 13.8349 | D29: =ROUND(AVERAGE(seed1!D29,seed2!D29,seed4!D29,seed5!D29,seed7!D29,seed8!D29,seed9!D29,seed10!D29),4) -> 14.4635 | E29: =ROUND(AVERAGE(seed1!E29,seed2!E29,seed4!E29,seed5!E29,seed7!E29,seed8!E29,seed9!E29,seed10!E29),4) -> 14.1864 | G29: 150 | L29: 150 | M29: =E29 -> 14.1864 | P29: 150 | Q29: =E29 -> 14.1864 | R29: =C29 -> 13.8349 | S29: =D29 -> 14.4635
B30: 140 | C30: =ROUND(AVERAGE(seed1!C30,seed2!C30,seed4!C30,seed5!C30,seed7!C30,seed8!C30,seed9!C30,seed10!C30),4) -> 13.9201 | D30: =ROUND(AVERAGE(seed1!D30,seed2!D30,seed4!D30,seed5!D30,seed7!D30,seed8!D30,seed9!D30,seed10!D30),4) -> 14.9569 | E30: =ROUND(AVERAGE(seed1!E30,seed2!E30,seed4!E30,seed5!E30,seed7!E30,seed8!E30,seed9!E30,seed10!E30),4) -> 14.4706 | G30: 140 | L30: 140 | M30: =E30 -> 14.4706 | P30: 140 | Q30: =E30 -> 14.4706 | R30: =C30 -> 13.9201 | S30: =D30 -> 14.9569
B31: 130 | C31: =ROUND(AVERAGE(seed1!C31,seed2!C31,seed4!C31,seed5!C31,seed7!C31,seed8!C31,seed9!C31,seed10!C31),4) -> 13.9434 | D31: =ROUND(AVERAGE(seed1!D31,seed2!D31,seed4!D31,seed5!D31,seed7!D31,seed8!D31,seed9!D31,seed10!D31),4) -> 14.7106 | E31: =ROUND(AVERAGE(seed1!E31,seed2!E31,seed4!E31,seed5!E31,seed7!E31,seed8!E31,seed9!E31,seed10!E31),4) -> 14.3614 | G31: 130 | L31: 130 | M31: =E31 -> 14.3614 | P31: 130 | Q31: =E31 -> 14.3614 | R31: =C31 -> 13.9434 | S31: =D31 -> 14.7106
B32: 120 | C32: =ROUND(AVERAGE(seed1!C32,seed2!C32,seed4!C32,seed5!C32,seed7!C32,seed8!C32,seed9!C32,seed10!C32),4) -> 14.0678 | D32: =ROUND(AVERAGE(seed1!D32,seed2!D32,seed4!D32,seed5!D32,seed7!D32,seed8!D32,seed9!D32,seed10!D32),4) -> 15.3815 | E32: =ROUND(AVERAGE(seed1!E32,seed2!E32,seed4!E32,seed5!E32,seed7!E32,seed8!E32,seed9!E32,seed10!E32),4) -> 14.7503 | G32: 120 | L32: 120 | M32: =E32 -> 14.7503 | P32: 120 | Q32: =E32 -> 14.7503 | R32: =C32 -> 14.0678 | S32: =D32 -> 15.3815
B33: 110 | C33: =ROUND(AVERAGE(seed1!C33,seed2!C33,seed4!C33,seed5!C33,seed7!C33,seed8!C33,seed9!C33,seed10!C33),4) -> 14.0733 | D33: =ROUND(AVERAGE(seed1!D33,seed2!D33,seed4!D33,seed5!D33,seed7!D33,seed8!D33,seed9!D33,seed10!D33),4) -> 15.6187 | E33: =ROUND(AVERAGE(seed1!E33,seed2!E33,seed4!E33,seed5!E33,seed7!E33,seed8!E33,seed9!E33,seed10!E33),4) -> 14.8691 | G33: 110 | L33: 110 | M33: =E33 -> 14.8691 | P33: 110 | Q33: =E33 -> 14.8691 | R33: =C33 -> 14.0733 | S33: =D33 -> 15.6187
B34: 100 | C34: =ROUND(AVERAGE(seed1!C34,seed2!C34,seed4!C34,seed5!C34,seed7!C34,seed8!C34,seed9!C34,seed10!C34),4) -> 13.7658 | D34: =ROUND(AVERAGE(seed1!D34,seed2!D34,seed4!D34,seed5!D34,seed7!D34,seed8!D34,seed9!D34,seed10!D34),4) -> 15.0473 | E34: =ROUND(AVERAGE(seed1!E34,seed2!E34,seed4!E34,seed5!E34,seed7!E34,seed8!E34,seed9!E34,seed10!E34),4) -> 14.3897 | G34: 100 | L34: 100 | M34: =E34 -> 14.3897 | P34: 100 | Q34: =E34 -> 14.3897 | R34: =C34 -> 13.7658 | S34: =D34 -> 15.0473
B35: 90 | C35: =ROUND(AVERAGE(seed1!C35,seed2!C35,seed4!C35,seed5!C35,seed7!C35,seed8!C35,seed9!C35,seed10!C35),4) -> 13.8092 | D35: =ROUND(AVERAGE(seed1!D35,seed2!D35,seed4!D35,seed5!D35,seed7!D35,seed8!D35,seed9!D35,seed10!D35),4) -> 15.1055 | E35: =ROUND(AVERAGE(seed1!E35,seed2!E35,seed4!E35,seed5!E35,seed7!E35,seed8!E35,seed9!E35,seed10!E35),4) -> 14.4729 | G35: 90 | L35: 90 | M35: =E35 -> 14.4729 | P35: 90 | Q35: =E35 -> 14.4729 | R35: =C35 -> 13.8092 | S35: =D35 -> 15.1055
B36: 80 | C36: =ROUND(AVERAGE(seed1!C36,seed2!C36,seed4!C36,seed5!C36,seed7!C36,seed8!C36,seed9!C36,seed10!C36),4) -> 13.7082 | D36: =ROUND(AVERAGE(seed1!D36,seed2!D36,seed4!D36,seed5!D36,seed7!D36,seed8!D36,seed9!D36,seed10!D36),4) -> 15.5763 | E36: =ROUND(AVERAGE(seed1!E36,seed2!E36,seed4!E36,seed5!E36,seed7!E36,seed8!E36,seed9!E36,seed10!E36),4) -> 14.6581 | G36: 80 | L36: 80 | M36: =E36 -> 14.6581 | P36: 80 | Q36: =E36 -> 14.6581 | R36: =C36 -> 13.7082 | S36: =D36 -> 15.5763
B37: 70 | C37: =ROUND(AVERAGE(seed1!C37,seed2!C37,seed4!C37,seed5!C37,seed7!C37,seed8!C37,seed9!C37,seed10!C37),4) -> 13.5227 | D37: =ROUND(AVERAGE(seed1!D37,seed2!D37,seed4!D37,seed5!D37,seed7!D37,seed8!D37,seed9!D37,seed10!D37),4) -> 14.8156 | E37: =ROUND(AVERAGE(seed1!E37,seed2!E37,seed4!E37,seed5!E37,seed7!E37,seed8!E37,seed9!E37,seed10!E37),4) -> 14.1792 | G37: 70 | L37: 70 | M37: =E37 -> 14.1792 | P37: 70 | Q37: =E37 -> 14.1792 | R37: =C37 -> 13.5227 | S37: =D37 -> 14.8156
B38: 60 | C38: =ROUND(AVERAGE(seed1!C38,seed2!C18,seed4!C38,seed5!C38,seed7!C38,seed8!C38,seed9!C38,seed10!C38),4) -> 13.9405 | D38: =ROUND(AVERAGE(seed1!D38,seed2!D18,seed4!D38,seed5!D38,seed7!D38,seed8!D38,seed9!D38,seed10!D38),4) -> 14.8977 | E38: =ROUND(AVERAGE(seed1!E38,seed2!E18,seed4!E38,seed5!E38,seed7!E38,seed8!E38,seed9!E38,seed10!E38),4) -> 14.3867 | G38: 60 | L38: 60 | M38: =E38 -> 14.3867 | P38: 60 | Q38: =E38 -> 14.3867 | R38: =C38 -> 13.9405 | S38: =D38 -> 14.8977
