Workbook

Sheet seed1
B2: 合流位置100m | G2: 後続考慮なし
B3: α | C3: vehicle0 | D3: vehicle1 | E3: all | G3: α | H3: vehicle0 | I3: vehicle1 | J3: all | M3: デスク 100
B4: 0 | C4: 14.7242 | D4: 13.2237 | E4: 13.9828 | G4: 0 | H4: 14.7242 | I4: 13.2237 | J4: 13.9828 | M4: 13.2141 | N4: 14.9564 | O4: 14.0245
B5: 0.1 | C5: 14.7242 | D5: 13.2237 | E5: 13.9828 | G5: 0.1 | H5: 14.7233 | I5: 13.2269 | J5: 13.984 | M5: 13.1183 | N5: 15.4105 | O5: 14.1844
B6: 0.2 | C6: 14.7242 | D6: 13.2237 | E6: 13.9828 | G6: 0.2 | H6: 13.534 | I6: 15.176 | J6: 14.3136 | M6: 13.4838 | N6: 15.6457 | O6: 14.5011
B7: 0.3 | C7: 14.7233 | D7: 13.2269 | E7: 13.984 | G7: 0.3 | H7: 13.5779 | I7: 15.8294 | J7: 14.6198 | M7: 13.3933 | N7: 15.3764 | O7: 14.3284
B8: 0.4 | C8: 14.7233 | D8: 13.2269 | E8: 13.984 | G8: 0.4 | H8: 12.4376 | I8: 16.4761 | J8: 14.2572 | M8: 12.8182 | N8: 15.7684 | O8: 14.1922
B9: 0.5 | C9: 14.4061 | D9: 13.6768 | E9: 14.0458 | G9: 0.5 | H9: 11.1079 | I9: 16.5815 | J9: 13.4648 | M9: 12.8182 | N9: 15.7684 | O9: 14.1922
B10: 0.6 | C10: 14.235 | D10: 15.173 | E10: 14.6927 | G10: 0.6 | H10: 11.0855 | I10: 16.6193 | J10: 13.4683 | M10: 12.7964 | N10: 15.7769 | O10: 14.1845
B11: 0.7 | C11: 13.3844 | D11: 16.2527 | E11: 14.7117 | G11: 0.7 | H11: 10.9337 | I11: 16.67 | J11: 13.4037 | M11: 12.963 | N11: 16.5035 | O11: 14.582
B12: 0.8 | C12: 10.9337 | D12: 16.67 | E12: 13.4037 | G12: 0.8 | H12: 10.9337 | I12: 16.67 | J12: 13.4037 | M12: 11.3821 | N12: 16.67 | O12: 13.6597
B13: 0.9 | C13: 10.9337 | D13: 16.67 | E13: 13.4037 | G13: 0.9 | H13: 10.9337 | I13: 16.67 | J13: 13.4037 | M13: 11.3821 | N13: 16.67 | O13: 13.6597
B14: 1 | C14: 10.9337 | D14: 16.67 | E14: 13.4037 | G14: 1 | H14: 10.9337 | I14: 16.67 | J14: 13.4037 | M14: 11.3821 | N14: 16.67 | O14: 13.6597
D17: mac | I17: mac
M18: mac 合流200
M19: 12.8428 | N19: 12.8709 | O19: 12.8567
B20: 0.55 | C20: 14.004 | D20: 14.7938 | E20: 14.3916 | G20: 0.25 | H20: 13.4494 | I20: 16.4233 | J20: 14.8287 | M20: 12.8428 | N20: 12.8709 | O20: 12.8567
B21: 0.58 | C21: 14.235 | D21: 15.173 | E21: 14.6927 | M21: 12.8273 | N21: 13.0562 | O21: 12.6037
B22: 0.62 | C22: 14.0901 | D22: 15.0892 | E22: 14.5785 | M22: 12.8273 | N22: 13.0562 | O22: 12.6037
B23: 0.65 | C23: 13.8759 | D23: 15.526 | E23: 14.6672 | M23: 12.0003 | N23: 13.697 | O23: 12.8226
M24: 12.2931 | N24: 13.9752 | O24: 13.097
M25: 10.6576 | N25: 15.2767 | O25: 12.7019
M26: 10.2042 | N26: 15.464 | O26: 12.5295
M27: 11.2463 | N27: 16.3837 | O27: 13.479
M28: 9.83823 | N28: 16.5375 | O28: 12.6257
M29: 8.12869 | N29: 16.67 | O29: 11.4881

Sheet seed2
B2: 合流位置100m | G2: 後続考慮なし
B3: α | C3: vehicle0 | D3: vehicle1 | E3: all | G3: α | H3: vehicle0 | I3: vehicle1 | J3: all
B4: 0 | C4: 15.4711 | D4: 14.8276 | E4: 15.142 | G4: 0 | H4: 15.4711 | I4: 14.8276 | J4: 15.142
B5: 0.1 | C5: 15.4711 | D5: 14.8276 | E5: 15.142 | G5: 0.1 | H5: 15.3667 | I5: 15.0018 | J5: 15.1801
B6: 0.2 | C6: 15.3745 | D6: 14.9393 | E6: 15.1519 | G6: 0.2 | H6: 15.2775 | I6: 15.2417 | J6: 15.2592
B7: 0.3 | C7: 15.3003 | D7: 15.1827 | E7: 15.2401 | G7: 0.3 | H7: 14.326 | I7: 16.4092 | J7: 15.3449
B8: 0.4 | C8: 15.2775 | D8: 15.2417 | E8: 15.2592 | G8: 0.4 | H8: 13.3663 | I8: 16.4565 | J8: 14.8537
B9: 0.5 | C9: 15.2775 | D9: 15.2417 | E9: 15.2592 | G9: 0.5 | H9: 13.2565 | I9: 16.67 | J9: 14.8792
B10: 0.6 | C10: 14.2566 | D10: 16.3433 | E10: 15.2771 | G10: 0.6 | H10: 13.2565 | I10: 16.67 | J10: 14.8792
B11: 0.7 | C11: 13.3663 | D11: 16.4565 | E11: 14.8537 | G11: 0.7 | H11: 13.2565 | I11: 16.67 | J11: 14.8792
B12: 0.8 | C12: 13.2565 | D12: 16.67 | E12: 14.8792 | G12: 0.8 | H12: 13.2565 | I12: 16.67 | J12: 14.8792
B13: 0.9 | C13: 13.2565 | D13: 16.67 | E13: 14.8792 | G13: 0.9 | H13: 13.2565 | I13: 16.67 | J13: 14.8792
B14: 1 | C14: 13.2565 | D14: 16.67 | E14: 14.8792 | G14: 1 | H14: 13.2565 | I14: 16.67 | J14: 14.8792
D17: mac | I17: hpc
B20: 0.55 | C20: 14.2566 | D20: 16.3433 | E20: 15.2771 | G20: 0.25 | H20: 14.3851 | I20: 16.1919 | J20: 15.2688
B21: 0.58 | C21: 14.2566 | D21: 16.3433 | E21: 15.2771
B22: 0.62 | C22: 14.2567 | D22: 16.3505 | E22: 15.2808
B23: 0.65 | C23: 13.5711 | D23: 16.4433 | E23: 14.9535

Sheet seed3
B2: 合流位置100m | G2: 後続考慮なし
B3: α | C3: vehicle0 | D3: vehicle1 | E3: all | G3: α | H3: vehicle0 | I3: vehicle1 | J3: all
B4: 0 | C4: 16.2157 | D4: 16.1456 | E4: 16.1791 | G4: 0 | H4: 16.2157 | I4: 16.1456 | J4: 16.1791
B5: 0.1 | C5: 16.2157 | D5: 16.1456 | E5: 16.1791 | G5: 0.1 | H5: 16.2157 | I5: 16.1456 | J5: 16.1791
B6: 0.2 | C6: 16.2157 | D6: 16.1456 | E6: 16.1791 | G6: 0.2 | H6: 16.2157 | I6: 16.1456 | J6: 16.1791
B7: 0.3 | C7: 16.2157 | D7: 16.1456 | E7: 16.1791 | G7: 0.3 | H7: 16.2157 | I7: 16.1456 | J7: 16.1791
B8: 0.4 | C8: 16.2157 | D8: 16.1456 | E8: 16.1791 | G8: 0.4 | H8: 16.1833 | I8: 16.2225 | J8: 16.2037
B9: 0.5 | C9: 16.2157 | D9: 16.1456 | E9: 16.1791 | G9: 0.5 | H9: 13.0121 | I9: 16.67 | J9: 14.7402
B10: 0.6 | C10: 16.2157 | D10: 16.1456 | E10: 16.1791 | G10: 0.6 | H10: 13.0121 | I10: 16.67 | J10: 14.7402
B11: 0.7 | C11: 16.0202 | D11: 16.2394 | E11: 16.1336 | G11: 0.7 | H11: 13.0121 | I11: 16.67 | J11: 14.7402
B12: 0.8 | C12: 14.7384 | D12: 16.607 | E12: 15.6679 | G12: 0.8 | H12: 13.0121 | I12: 116.67 | J12: 14.7402
B13: 0.9 | C13: 13.0121 | D13: 16.67 | E13: 14.7402 | G13: 0.9 | H13: 13.0121 | I13: 16.67 | J13: 14.7402
B14: 1 | C14: 13.0121 | D14: 16.67 | E14: 14.7402 | G14: 1 | H14: 13.0121 | I14: 16.67 | J14: 14.7402
D17: mac | I17: hpc
B20: 0.55 | C20: 16.2157 | D20: 16.1456 | E20: 16.1791 | G20: 0.25 | H20: 16.2157 | I20: 16.1456 | J20: 16.1791
B21: 0.58 | C21: 16.2157 | D21: 16.1456 | E21: 16.1791
B22: 0.62 | C22: 16.1833 | D22: 16.2225 | E22: 16.2037
B23: 0.65 | C23: 16.1833 | D23: 16.2225 | E23: 16.2037

Sheet seed4
B2: 合流位置100m | G2: 後続考慮なし
B3: α | C3: vehicle0 | D3: vehicle1 | E3: all | G3: α | H3: vehicle0 | I3: vehicle1 | J3: all
B4: 0 | C4: 15.3153 | D4: 15.6675 | E4: 15.4833 | G4: 0 | H4: 15.3153 | I4: 15.6675 | J4: 15.4833
B5: 0.1 | C5: 15.3153 | D5: 15.6675 | E5: 15.4833 | G5: 0.1 | H5: 15.3153 | I5: 15.6675 | J5: 15.4833
B6: 0.2 | C6: 15.3153 | D6: 15.6675 | E6: 15.4833 | G6: 0.2 | H6: 15.3153 | I6: 15.6675 | J6: 15.4833
B7: 0.3 | C7: 14.8079 | D7: 14.9924 | E7: 14.8969 | G7: 0.3 | H7: 14.5183 | I7: 15.6345 | J7: 15.0415
B8: 0.4 | C8: 14.8177 | D8: 15.0007 | E8: 14.906 | G8: 0.4 | H8: 14.3003 | I8: 16.4156 | J8: 15.2714
B9: 0.5 | C9: 14.8593 | D9: 15.6086 | E9: 15.2206 | G9: 0.5 | H9: 12.7438 | I9: 16.5109 | J9: 14.3885
B10: 0.6 | C10: 14.9699 | D10: 15.7224 | E10: 15.3323 | G10: 0.6 | H10: 12.4408 | I10: 16.67 | J10: 14.2773
B11: 0.7 | C11: 13.6635 | D11: 16.3272 | E11: 14.8651 | G11: 0.7 | H11: 12.4408 | I11: 16.67 | J11: 14.2773
B12: 0.8 | C12: 12.4408 | D12: 16.67 | E12: 14.2773 | G12: 0.8 | H12: 12.4408 | I12: 16.67 | J12: 14.2773
B13: 0.9 | C13: 12.4408 | D13: 16.67 | E13: 14.2773 | G13: 0.9 | H13: 12.4408 | I13: 16.67 | J13: 14.2773
B14: 1 | C14: 12.4408 | D14: 16.67 | E14: 14.2773 | G14: 1 | H14: 12.4408 | I14: 16.67 | J14: 14.2773
D17: mac | I17: mac
B20: 0.55 | C20: 15.0971 | D20: 15.5728 | E20: 15.3264 | G20: 0.25 | H20: 14.9696 | I20: 15.5944 | J20: 15.2705
B21: 0.58 | C21: 14.9699 | D21: 15.7224 | E21: 15.3323
B22: 0.62 | C22: 14.9699 | D22: 15.7224 | E22: 15.3323
B23: 0.65 | C23: 14.9699 | D23: 15.7224 | E23: 15.3323

Sheet seed5
B2: 合流位置100m | G2: 後続考慮なし
B3: α | C3: vehicle0 | D3: vehicle1 | E3: all | G3: α | H3: vehicle0 | I3: vehicle1 | J3: all
B4: 0 | C4: 15.8561 | D4: 10.3655 | E4: 13.1836 | G4: 0 | H4: 15.8561 | I4: 10.3644 | J4: 13.1836
B5: 0.1 | C5: 15.8561 | D5: 10.3655 | E5: 13.1836 | G5: 0.1 | H5: 15.1143 | I5: 13.8182 | J5: 14.5079
B6: 0.2 | C6: 15.3171 | D6: 12.4634 | E6: 13.9629 | G6: 0.2 | H6: 15.497 | I6: 15.646 | J6: 15.5658
B7: 0.3 | C7: 15.2091 | D7: 13.568 | E7: 14.4412 | G7: 0.3 | H7: 14.9305 | I7: 15.9321 | J7: 15.3933
B8: 0.4 | C8: 14.3834 | D8: 14.6792 | E8: 14.5192 | G8: 0.4 | H8: 14.3644 | I8: 16.4109 | J8: 15.293
B9: 0.5 | C9: 15.3392 | D9: 14.9591 | E9: 15.1636 | G9: 0.5 | H9: 12.8497 | I9: 16.67 | J9: 14.5104
B10: 0.6 | C10: 14.9305 | D10: 15.9321 | E10: 15.3933 | G10: 0.6 | H10: 11.7876 | I10: 16.67 | J10: 13.8556
B11: 0.7 | C11: 14.8426 | D11: 16.2127 | E11: 15.4756 | G11: 0.7 | H11: 11.7876 | I11: 16.67 | J11: 13.8556
B12: 0.8 | C12: 14.1606 | D12: 16.4973 | E12: 15.2209 | G12: 0.8 | H12: 11.7876 | I12: 16.67 | J12: 13.8556
B13: 0.9 | C13: 11.7876 | D13: 16.67 | E13: 13.8556 | G13: 0.9 | H13: 11.7876 | I13: 16.67 | J13: 13.8556
B14: 1 | C14: 11.7876 | D14: 16.67 | E14: 13.8556 | G14: 1 | H14: 11.7876 | I14: 16.67 | J14: 13.8556
D17: mac | I17: mac
B20: 0.55 | C20: 15.3576 | D20: 15.066 | E20: 15.2229 | G20: 0.25 | H20: 14.9305 | I20: 15.9321 | J20: 15.3933
B21: 0.58 | C21: 14.9305 | D21: 15.9321 | E21: 15.3933
B22: 0.62 | C22: 14.9305 | D22: 15.9321 | E22: 15.3933
B23: 0.65 | C23: 14.9305 | D23: 15.9321 | E23: 15.3933

Sheet average1-5
B2: 合流位置100m | G2: 後続考慮なし
B3: α | C3: vehicle0 | D3: vehicle1 | E3: all | G3: α | H3: vehicle0 | I3: vehicle1 | J3: all | L3: α | M3: 後続考慮あり | N3: 後続考慮なし | P3: α | Q3: 後続考慮あり | R3: 後続考慮なし
B4: 0 | C4: =ROUND(AVERAGE(seed1!C4,seed2!C4,seed3!C4,seed4!C4,seed5!C4),4) -> 15.5165 | D4: =ROUND(AVERAGE(seed1!D4,seed2!D4,seed3!D4,seed4!D4,seed5!D4),4) -> 14.046 | E4: =ROUND(AVERAGE(seed1!E4,seed2!E4,seed3!E4,seed4!E4,seed5!E4),4) -> 14.7942 | G4: 0 | H4: =ROUND(AVERAGE(seed1!H4,seed2!H4,seed3!H4,seed4!H4,seed5!H4),4) -> 15.5165 | I4: =ROUND(AVERAGE(seed1!I4,seed2!I4,seed3!I4,seed4!I4,seed5!I4),4) -> 14.0458 | J4: =ROUND(AVERAGE(seed1!J4,seed2!J4,seed3!J4,seed4!J4,seed5!J4),4) -> 14.7942 | L4: 0 | M4: =E4 -> 14.7942 | N4: =J4 -> 14.7942 | P4: 0 | Q4: 14.7942 | R4: 14.7942
B5: 0.1 | C5: =ROUND(AVERAGE(seed1!C5,seed2!C5,seed3!C5,seed4!C5,seed5!C5),4) -> 15.5165 | D5: =ROUND(AVERAGE(seed1!D5,seed2!D5,seed3!D5,seed4!D5,seed5!D5),4) -> 14.046 | E5: =ROUND(AVERAGE(seed1!E5,seed2!E5,seed3!E5,seed4!E5,seed5!E5),4) -> 14.7942 | G5: 0.1 | H5: =ROUND(AVERAGE(seed1!H5,seed2!H5,seed3!H5,seed4!H5,seed5!H5),4) -> 15.3471 | I5: =ROUND(AVERAGE(seed1!I5,seed2!I5,seed3!I5,seed4!I5,seed5!I5),4) -> 14.772 | J5: =ROUND(AVERAGE(seed1!J5,seed2!J5,seed3!J5,seed4!J5,seed5!J5),4) -> 15.0669 | L5: 0.1 | M5: =E5 -> 14.7942 | N5: =J5 -> 15.0669 | P5: 0.1 | Q5: 14.7942 | R5: 15.0669
B6: 0.2 | C6: =ROUND(AVERAGE(seed1!C6,seed2!C6,seed3!C6,seed4!C6,seed5!C6),4) -> 15.3894 | D6: =ROUND(AVERAGE(seed1!D6,seed2!D6,seed3!D6,seed4!D6,seed5!D6),4) -> 14.4879 | E6: =ROUND(AVERAGE(seed1!E6,seed2!E6,seed3!E6,seed4!E6,seed5!E6),4) -> 14.952 | G6: 0.2 | H6: =ROUND(AVERAGE(seed1!H6,seed2!H6,seed3!H6,seed4!H6,seed5!H6),4) -> 15.1679 | I6: =ROUND(AVERAGE(seed1!I6,seed2!I6,seed3!I6,seed4!I6,seed5!I6),4) -> 15.5754 | J6: =ROUND(AVERAGE(seed1!J6,seed2!J6,seed3!J6,seed4!J6,seed5!J6),4) -> 15.3602 | L6: 0.2 | M6: =E6 -> 14.952 | N6: =J6 -> 15.3602 | P6: 0.2 | Q6: 14.952 | R6: 15.3602
B7: 0.3 | C7: =ROUND(AVERAGE(seed1!C7,seed2!C7,seed3!C7,seed4!C7,seed5!C7),4) -> 15.2513 | D7: =ROUND(AVERAGE(seed1!D7,seed2!D7,seed3!D7,seed4!D7,seed5!D7),4) -> 14.6231 | E7: =ROUND(AVERAGE(seed1!E7,seed2!E7,seed3!E7,seed4!E7,seed5!E7),4) -> 14.9483 | G7: 0.3 | H7: =ROUND(AVERAGE(seed1!H7,seed2!H7,seed3!H7,seed4!H7,seed5!H7),4) -> 14.7137 | I7: =ROUND(AVERAGE(seed1!I7,seed2!I7,seed3!I7,seed4!I7,seed5!I7),4) -> 15.9902 | J7: =ROUND(AVERAGE(seed1!J7,seed2!J7,seed3!J7,seed4!J7,seed5!J7),4) -> 15.3157 | L7: 0.3 | M7: =E7 -> 14.9483 | N7: =J7 -> 15.3157 | P7: 0.25 | Q7: =AVERAGE(Q6,Q8) -> 14.95015 | R7: 15.3881
B8: 0.4 | C8: =ROUND(AVERAGE(seed1!C8,seed2!C8,seed3!C8,seed4!C8,seed5!C8),4) -> 15.0835 | D8: =ROUND(AVERAGE(seed1!D8,seed2!D8,seed3!D8,seed4!D8,seed5!D8),4) -> 14.8588 | E8: =ROUND(AVERAGE(seed1!E8,seed2!E8,seed3!E8,seed4!E8,seed5!E8),4) -> 14.9695 | G8: 0.4 | H8: =ROUND(AVERAGE(seed1!H8,seed2!H8,seed3!H8,seed4!H8,seed5!H8),4) -> 14.1304 | I8: =ROUND(AVERAGE(seed1!I8,seed2!I8,seed3!I8,seed4!I8,seed5!I8),4) -> 16.3963 | J8: =ROUND(AVERAGE(seed1!J8,seed2!J8,seed3!J8,seed4!J8,seed5!J8),4) -> 15.1758 | L8: 0.4 | M8: =E8 -> 14.9695 | N8: =J8 -> 15.1758 | P8: 0.3 | Q8: 14.9483 | R8: 15.3157
B9: 0.5 | C9: =ROUND(AVERAGE(seed1!C9,seed2!C9,seed3!C9,seed4!C9,seed5!C9),4) -> 15.2196 | D9: =ROUND(AVERAGE(seed1!D9,seed2!D9,seed3!D9,seed4!D9,seed5!D9),4) -> 15.1264 | E9: =ROUND(AVERAGE(seed1!E9,seed2!E9,seed3!E9,seed4!E9,seed5!E9),4) -> 15.1737 | G9: 0.5 | H9: =ROUND(AVERAGE(seed1!H9,seed2!H9,seed3!H9,seed4!H9,seed5!H9),4) -> 12.594 | I9: =ROUND(AVERAGE(seed1!I9,seed2!I9,seed3!I9,seed4!I9,seed5!I9),4) -> 16.6205 | J9: =ROUND(AVERAGE(seed1!J9,seed2!J9,seed3!J9,seed4!J9,seed5!J9),4) -> 14.3966 | L9: 0.5 | M9: =E9 -> 15.1737 | N9: =J9 -> 14.3966 | P9: 0.4 | Q9: 14.9695 | R9: 15.1758
B10: 0.6 | C10: =ROUND(AVERAGE(seed1!C10,seed2!C10,seed3!C10,seed4!C10,seed5!C10),4) -> 14.9215 | D10: =ROUND(AVERAGE(seed1!D10,seed2!D10,seed3!D10,seed4!D10,seed5!D10),4) -> 15.8633 | E10: =ROUND(AVERAGE(seed1!E10,seed2!E10,seed3!E10,seed4!E10,seed5!E10),4) -> 15.3749 | G10: 0.6 | H10: =ROUND(AVERAGE(seed1!H10,seed2!H10,seed3!H10,seed4!H10,seed5!H10),4) -> 12.3165 | I10: =ROUND(AVERAGE(seed1!I10,seed2!I10,seed3!I10,seed4!I10,seed5!I10),4) -> 16.6599 | J10: =ROUND(AVERAGE(seed1!J10,seed2!J10,seed3!J10,seed4!J10,seed5!J10),4) -> 14.2441 | L10: 0.6 | M10: =E10 -> 15.3749 | N10: =J10 -> 14.2441 | P10: 0.5 | Q10: 15.1737 | R10: 14.3966
B11: 0.7 | C11: =ROUND(AVERAGE(seed1!C11,seed2!C11,seed3!C11,seed4!C11,seed5!C11),4) -> 14.2554 | D11: =ROUND(AVERAGE(seed1!D11,seed2!D11,seed3!D11,seed4!D11,seed5!D11),4) -> 16.2977 | E11: =ROUND(AVERAGE(seed1!E11,seed2!E11,seed3!E11,seed4!E11,seed5!E11),4) -> 15.2079 | G11: 0.7 | H11: =ROUND(AVERAGE(seed1!H11,seed2!H11,seed3!H11,seed4!H11,seed5!H11),4) -> 12.2861 | I11: =ROUND(AVERAGE(seed1!I11,seed2!I11,seed3!I11,seed4!I11,seed5!I11),4) -> 16.67 | J11: =ROUND(AVERAGE(seed1!J11,seed2!J11,seed3!J11,seed4!J11,seed5!J11),4) -> 14.2312 | L11: 0.7 | M11: =E11 -> 15.2079 | N11: =J11 -> 14.2312 | P11: 0.55 | Q11: 15.2794 | R11: =R10+(R13-R10)*0.5 -> 14.32035
B12: 0.8 | C12: =ROUND(AVERAGE(seed1!C12,seed2!C12,seed3!C12,seed4!C12,seed5!C12),4) -> 13.106 | D12: =ROUND(AVERAGE(seed1!D12,seed2!D12,seed3!D12,seed4!D12,seed5!D12),4) -> 16.6229 | E12: =ROUND(AVERAGE(seed1!E12,seed2!E12,seed3!E12,seed4!E12,seed5!E12),4) -> 14.6898 | G12: 0.8 | H12: =ROUND(AVERAGE(seed1!H12,seed2!H12,seed3!H12,seed4!H12,seed5!H12),4) -> 12.2861 | I12: =ROUND(AVERAGE(seed1!I12,seed2!I12,seed3!I12,seed4!I12,seed5!I12),4) -> 36.67 | J12: =ROUND(AVERAGE(seed1!J12,seed2!J12,seed3!J12,seed4!J12,seed5!J12),4) -> 14.2312 | L12: 0.8 | M12: =E12 -> 14.6898 | N12: =J12 -> 14.2312 | P12: 0.58 | Q12: 15.3749 | R12: =R10+(R13-R10)*0.8 -> 14.2746
B13: 0.9 | C13: =ROUND(AVERAGE(seed1!C13,seed2!C13,seed3!C13,seed4!C13,seed5!C13),4) -> 12.2861 | D13: =ROUND(AVERAGE(seed1!D13,seed2!D13,seed3!D13,seed4!D13,seed5!D13),4) -> 16.67 | E13: =ROUND(AVERAGE(seed1!E13,seed2!E13,seed3!E13,seed4!E13,seed5!E13),4) -> 14.2312 | G13: 0.9 | H13: =ROUND(AVERAGE(seed1!H13,seed2!H13,seed3!H13,seed4!H13,seed5!H13),4) -> 12.2861 | I13: =ROUND(AVERAGE(seed1!I13,seed2!I13,seed3!I13,seed4!I13,seed5!I13),4) -> 16.67 | J13: =ROUND(AVERAGE(seed1!J13,seed2!J13,seed3!J13,seed4!J13,seed5!J13),4) -> 14.2312 | L13: 0.9 | M13: =E13 -> 14.2312 | N13: =J13 -> 14.2312 | P13: 0.6 | Q13: 15.3749 | R13: 14.2441
B14: 1 | C14: =ROUND(AVERAGE(seed1!C14,seed2!C14,seed3!C14,seed4!C14,seed5!C14),4) -> 12.2861 | D14: =ROUND(AVERAGE(seed1!D14,seed2!D14,seed3!D14,seed4!D14,seed5!D14),4) -> 16.67 | E14: =ROUND(AVERAGE(seed1!E14,seed2!E14,seed3!E14,seed4!E14,seed5!E14),4) -> 14.2312 | G14: 1 | H14: =ROUND(AVERAGE(seed1!H14,seed2!H14,seed3!H14,seed4!H14,seed5!H14),4) -> 12.2861 | I14: =ROUND(AVERAGE(seed1!I14,seed2!I14,seed3!I14,seed4!I14,seed5!I14),4) -> 16.67 | J14: =ROUND(AVERAGE(seed1!J14,seed2!J14,seed3!J14,seed4!J14,seed5!J14),4) -> 14.2312 | L14: 1 | M14: =E14 -> 14.2312 | N14: =J14 -> 14.2312 | P14: 0.62 | Q14: 15.3577 | R14: =R13+(R16-R13)*0.2 -> 14.24152
L15: 0.25 | N15: 15.5 | P15: 0.65 | Q15: 15.31 | R15: =R13+(R16-R13)*0.5 -> 14.23765
P16: 0.7 | Q16: 15.2079 | R16: 14.2312
P17: 0.8 | Q17: 14.6898 | R17: 14.2312
P18: 0.9 | Q18: 14.2312 | R18: 14.2312
P19: 1 | Q19: 14.2312 | R19: 14.2312
B20: 0.55 | C20: =ROUND(AVERAGE(seed1!C20,seed2!C20,seed3!C20,seed4!C20,seed5!C20),4) -> 14.9862 | D20: =ROUND(AVERAGE(seed1!D20,seed2!D20,seed3!D20,seed4!D20,seed5!D20),4) -> 15.5843 | E20: =ROUND(AVERAGE(seed1!E20,seed2!E20,seed3!E20,seed4!E20,seed5!E20),4) -> 15.2794 | G20: 0.25 | H20: =ROUND(AVERAGE(seed1!H20,seed2!H20,seed3!H20,seed4!H20,seed5!H20),4) -> 14.7901 | I20: =ROUND(AVERAGE(seed1!I20,seed2!I20,seed3!I20,seed4!I20,seed5!I20),4) -> 16.0575 | J20: =ROUND(AVERAGE(seed1!J20,seed2!J20,seed3!J20,seed4!J20,seed5!J20),4) -> 15.3881
B21: 0.58 | C21: =ROUND(AVERAGE(seed1!C21,seed2!C21,seed3!C21,seed4!C21,seed5!C21),4) -> 14.9215 | D21: =ROUND(AVERAGE(seed1!D21,seed2!D21,seed3!D21,seed4!D21,seed5!D21),4) -> 15.8633 | E21: =ROUND(AVERAGE(seed1!E21,seed2!E21,seed3!E21,seed4!E21,seed5!E21),4) -> 15.3749
B22: 0.62 | C22: =ROUND(AVERAGE(seed1!C22,seed2!C22,seed3!C22,seed4!C22,seed5!C22),4) -> 14.8861 | D22: =ROUND(AVERAGE(seed1!D22,seed2!D22,seed3!D22,seed4!D22,seed5!D22),4) -> 15.8633 | E22: =ROUND(AVERAGE(seed1!E22,seed2!E22,seed3!E22,seed4!E22,seed5!E22),4) -> 15.3577
B23: 0.65 | C23: =ROUND(AVERAGE(seed1!C23,seed2!C23,seed3!C23,seed4!C23,seed5!C23),4) -> 14.7061 | D23: =ROUND(AVERAGE(seed1!D23,seed2!D23,seed3!D23,seed4!D23,seed5!D23),4) -> 15.9693 | E23: =ROUND(AVERAGE(seed1!E23,seed2!E23,seed3!E23,seed4!E23,seed5!E23),4) -> 15.31

Sheet seed6
B2: 合流位置100m | G2: 後続考慮なし
B3: α | C3: vehicle0 | D3: vehicle1 | E3: all | G3: α | H3: vehicle0 | I3: vehicle1 | J3: all
B4: 0 | C4: 11.5948 | D4: 11.8486 | E4: 11.7097 | G4: 0 | H4: 11.5948 | I4: 11.8484 | J4: 11.7096
B5: 0.1 | C5: 11.5948 | D5: 11.8486 | E5: 11.7097 | G5: 0.1 | H5: 11.4417 | I5: 13.4131 | J5: 12.3215
B6: 0.2 | C6: 11.5948 | D6: 11.8486 | E6: 11.7097 | G6: 0.2 | H6: 11.651 | I6: 14.7828 | J6: 12.9795
B7: 0.3 | C7: 10.99 | D7: 10.9109 | E7: 10.9537 | G7: 0.3 | H7: 11.7487 | I7: 15.924 | J7: 13.5135
B8: 0.4 | C8: 8.72211 | D8: 11.2911 | E8: 9.86842 | G8: 0.4 | H8: 10.9223 | I8: 16.4208 | J8: 13.1415
B9: 0.5 | C9: 11.3283 | D9: 12.2069 | E9: 11.7048 | G9: 0.5 | H9: 10.847 | I9: 16.5953 | J9: 13.1426
B10: 0.6 | C10: 11.6749 | D10: 14.6087 | E10: 12.9429 | G10: 0.6 | H10: 10.8243 | I10: 16.5818 | J10: 13.1235
B11: 0.7 | C11: 13.1231 | D11: 16.1985 | E11: 14.4522 | G11: 0.7 | H11: 10.8243 | I11: 16.5818 | J11: 13.1235
B12: 0.8 | C12: 10.8029 | D12: 16.3202 | E12: 13.0303 | G12: 0.8 | H12: 10.6152 | I12: 16.67 | J12: 13.0332
B13: 0.9 | C13: 10.6152 | D13: 16.67 | E13: 13.0332 | G13: 0.9 | H13: 10.6152 | I13: 16.67 | J13: 13.0332
B14: 1 | C14: 10.6152 | D14: 16.67 | E14: 13.0332 | G14: 1 | H14: 10.6152 | I14: 16.67 | J14: 13.0332
D17: mac | I17: hpc
C20: 譲る判定が300m以降も残っている
C21: シミュレーション内部で計算

Sheet seed7
B2: 合流位置100m | G2: 後続考慮なし
B3: α | C3: vehicle0 | D3: vehicle1 | E3: all | G3: α | H3: vehicle0 | I3: vehicle1 | J3: all
B4: 0 | C4: 13.6087 | D4: 13.573 | E4: 13.5901 | G4: 0 | H4: 13.6087 | I4: 13.573 | J4: 13.5901
B5: 0.1 | C5: 13.6087 | D5: 13.573 | E5: 13.5901 | G5: 0.1 | H5: 13.4704 | I5: 13.1496 | J5: 13.3053
B6: 0.2 | C6: 13.6087 | D6: 13.573 | E6: 13.5901 | G6: 0.2 | H6: 13.1366 | I6: 15.8948 | J6: 14.4383
B7: 0.3 | C7: 13.6087 | D7: 13.573 | E7: 13.5901 | G7: 0.3 | H7: 12.4991 | I7: 16.0649 | J7: 14.1683
B8: 0.4 | C8: 12.8835 | D8: 14.7014 | E8: 13.7529 | G8: 0.4 | H8: 10.717 | I8: 16.3494 | J8: 13.2069
B9: 0.5 | C9: 12.7537 | D9: 15.5823 | E9: 14.0919 | G9: 0.5 | H9: 10.6632 | I9: 16.5312 | J9: 13.2573
B10: 0.6 | C10: 12.7275 | D10: 15.6912 | E10: 14.129 | G10: 0.6 | H10: 10.1142 | I10: 16.4953 | J10: 12.8833
B11: 0.7 | C11: 10.322 | D11: 16.3707 | E11: 12.9557 | G11: 0.7 | H11: 9.87834 | I11: 16.67 | J11: 12.8256
B12: 0.8 | C12: 10.1142 | D12: 16.4953 | E12: 12.8833 | G12: 0.8 | H12: 9.87834 | I12: 16.67 | J12: 12.8256
B13: 0.9 | C13: 9.87834 | D13: 16.67 | E13: 12.8256 | G13: 0.9 | H13: 9.87834 | I13: 16.67 | J13: 12.8256
B14: 1 | C14: 9.87834 | D14: 16.67 | E14: 12.8256 | G14: 1 | H14: 9.87834 | I14: 16.67 | J14: 12.8256
D17: mac | I17: mac

Sheet seed8
B2: 合流位置100m | G2: 後続考慮なし
B3: α | C3: vehicle0 | D3: vehicle1 | E3: all | G3: α | H3: vehicle0 | I3: vehicle1 | J3: all
B4: 0 | C4: 15.5361 | D4: 15.7677 | E4: 15.6527 | G4: 0 | H4: 15.5361 | I4: 15.7677 | J4: 15.6527
B5: 0.1 | C5: 15.5361 | D5: 15.7677 | E5: 15.6527 | G5: 0.1 | H5: 14.9161 | I5: 15.7293 | J5: 15.3227
B6: 0.2 | C6: 14.9596 | D6: 15.5626 | E6: 15.2611 | G6: 0.2 | H6: 14.0188 | I6: 16.4194 | J6: 15.1703
B7: 0.3 | C7: 14.6901 | D7: 14.854 | E7: 14.7736 | G7: 0.3 | H7: 15.6472 | I7: 16.2887 | J7: 15.9661
B8: 0.4 | C8: 15.6472 | D8: 16.2887 | E8: 15.9661 | G8: 0.4 | H8: 12.8849 | I8: 16.666 | J8: 14.6365
B9: 0.5 | C9: 15.6472 | D9: 16.2887 | E9: 15.9661 | G9: 0.5 | H9: 12.4653 | I9: 16.6679 | J9: 14.4095
B10: 0.6 | C10: 15.6472 | D10: 16.2887 | E10: 15.9661 | G10: 0.6 | H10: 12.9533 | I10: 16.666 | J10: 14.6766
B11: 0.7 | C11: 12.9957 | D11: 16.67 | E11: 14.7034 | G11: 0.7 | H11: 12.9984 | I11: 16.6659 | J11: 14.703
B12: 0.8 | C12: 12.9957 | D12: 16.67 | E12: 14.7034 | G12: 0.8 | H12: 13.0007 | I12: 16.67 | J12: 14.7058
B13: 0.9 | C13: 12.9533 | D13: 16.666 | E13: 14.6766 | G13: 0.9 | H13: 13.0007 | I13: 16.67 | J13: 14.7058
B14: 1 | C14: 13.0007 | D14: 16.67 | E14: 14.7058 | G14: 1 | H14: 13.0007 | I14: 16.67 | J14: 14.7058
D17: mac | I17: mac

Sheet seed9
B2: 合流位置100m | G2: 後続考慮なし
B3: α | C3: vehicle0 | D3: vehicle1 | E3: all | G3: α | H3: vehicle0 | I3: vehicle1 | J3: all
B4: 0 | C4: 14.6021 | D4: 13.301 | E4: 13.9709 | G4: 0 | H4: 14.6021 | I4: 13.301 | J4: 13.9709
B5: 0.1 | C5: 14.6021 | D5: 13.301 | E5: 13.9709 | G5: 0.1 | H5: 14.5435 | I5: 13.4347 | J5: 14.0056
B6: 0.2 | C6: 14.51 | D6: 13.3539 | E6: 13.9498 | G6: 0.2 | H6: 13.9936 | I6: 14.8865 | J6: 14.4148
B7: 0.3 | C7: 15.2058 | D7: 14.8733 | E7: 15.0465 | G7: 0.3 | H7: 15.1657 | I7: 15.1629 | J7: 15.1644
B8: 0.4 | C8: 15.1825 | D8: 14.9359 | E8: 15.0643 | G8: 0.4 | H8: 13.4078 | I8: 16.1232 | J8: 14.6229
B9: 0.5 | C9: 14.3581 | D9: 14.9521 | E9: 14.6397 | G9: 0.5 | H9: 12.1049 | I9: 16.5973 | J9: 13.9866
B10: 0.6 | C10: 14.4578 | D10: 15.8551 | E10: 15.1049 | G10: 0.6 | H10: 12.0417 | I10: 16.67 | J10: 13.9693
B11: 0.7 | C11: 13.2739 | D11: 16.2717 | E11: 14.5907 | G11: 0.7 | H11: 12.0417 | I11: 16.67 | J11: 13.9693
B12: 0.8 | C12: 12.7865 | D12: 16.561 | E12: 14.4248 | G12: 0.8 | H12: 12.0417 | I12: 16.67 | J12: 13.9693
B13: 0.9 | C13: 12.0417 | D13: 16.67 | E13: 13.9693 | G13: 0.9 | H13: 12.0417 | I13: 16.67 | J13: 13.9693
B14: 1 | C14: 12.0417 | D14: 16.67 | E14: 13.9693 | G14: 1 | H14: 12.0417 | I14: 16.67 | J14: 13.9693
D17: mac | I17: mac

Sheet seed10
B2: 合流位置100m | G2: 後続考慮なし
B3: α | C3: vehicle0 | D3: vehicle1 | E3: all | G3: α | H3: vehicle0 | I3: vehicle1 | J3: all
B4: 0 | C4: 11.9406 | D4: 11.9671 | E4: 11.9531 | G4: 0 | H4: 11.9406 | I4: 11.9671 | J4: 11.9531
B5: 0.1 | C5: 11.9406 | D5: 11.9671 | E5: 11.9531 | G5: 0.1 | H5: 13.3505 | I5: 13.3183 | J5: 13.3355
B6: 0.2 | C6: 11.9406 | D6: 11.9671 | E6: 11.9531 | G6: 0.2 | H6: 12.2699 | I6: 16.1973 | J6: 13.9688
B7: 0.3 | C7: 11.9406 | D7: 11.9671 | E7: 11.9531 | G7: 0.3 | H7: 12.3585 | I7: 16.3881 | J7: 14.0962
B8: 0.4 | C8: 12.0659 | D8: 12.6706 | E8: 12.3475 | G8: 0.4 | H8: 11.3518 | I8: 16.288 | J8: 13.4119
B9: 0.5 | C9: 12.9608 | D9: 14.2486 | E9: 13.5621 | G9: 0.5 | H9: 10.3763 | I9: 16.4746 | J9: 12.8209
B10: 0.6 | C10: 11.566 | D10: 13.5323 | E10: 12.466 | G10: 0.6 | H10: 10.1478 | I10: 16.6279 | J10: 12.7455
B11: 0.7 | C11: 12.3569 | D11: 16.3762 | E11: 14.0906 | G11: 0.7 | H11: 10.1492 | I11: 16.6248 | J11: 12.7464
B12: 0.8 | C12: 10.1492 | D12: 16.6248 | E12: 12.7464 | G12: 0.8 | H12: 10.134 | I12: 16.67 | J12: 12.7557
B13: 0.9 | C13: 10.1371 | D13: 16.6695 | E13: 12.757 | G13: 0.9 | H13: 10.134 | I13: 16.67 | J13: 12.7557
B14: 1 | C14: 10.134 | D14: 16.67 | E14: 12.7557 | G14: 1 | H14: 10.134 | I14: 16.67 | J14: 12.7557
D17: mac | I17: hpc

Sheet average1-10
A2: 1-10ave | B2: 合流位置100m | G2: 後続考慮なし | K2: 6-10ave | L2: 合流位置100m | Q2: 後続考慮なし
B3: α | C3: vehicle0 | D3: vehicle1 | E3: all | G3: α | H3: vehicle0 | I3: vehicle1 | J3: all | L3: α | M3: vehicle0 | N3: vehicle1 | O3: all | Q3: α | R3: vehicle0 | S3: vehicle1 | T3: all
B4: 0 | C4: =ROUND(AVERAGE(seed1!C4,seed2!C4,seed3!C4,seed4!C4,seed5!C4,seed6!C4,seed7!C4,seed8!C4,seed9!C4,seed10!C4),4) -> 14.4865 | D4: =ROUND(AVERAGE(seed1!D4,seed2!D4,seed3!D4,seed4!D4,seed5!D4,seed6!D4,seed7!D4,seed8!D4,seed9!D4,seed10!D4),4) -> 13.6687 | E4: =ROUND(AVERAGE(seed1!E4,seed2!E4,seed3!E4,seed4!E4,seed5!E4,seed6!E4,seed7!E4,seed8!E4,seed9!E4,seed10!E4),4) -> 14.0847 | G4: 0 | H4: =ROUND(AVERAGE(seed1!H4,seed2!H4,seed3!H4,seed4!H4,seed5!H4,seed6!H4,seed7!H4,seed8!H4,seed9!H4,seed10!H4),4) -> 14.4865 | I4: =ROUND(AVERAGE(seed1!I4,seed2!I4,seed3!I4,seed4!I4,seed5!I4,seed6!I4,seed7!I4,seed8!I4,seed9!I4,seed10!I4),4) -> 13.6686 | J4: =ROUND(AVERAGE(seed1!J4,seed2!J4,seed3!J4,seed4!J4,seed5!J4,seed6!J4,seed7!J4,seed8!J4,seed9!J4,seed10!J4),4) -> 14.0847 | L4: 0 | M4: =ROUND(AVERAGE(seed6!C4,seed7!C4,seed8!C4,seed9!C4,seed10!C4),4) -> 13.4565 | N4: =ROUND(AVERAGE(seed6!D4,seed7!D4,seed8!D4,seed9!D4,seed10!D4),4) -> 13.2915 | O4: =ROUND(AVERAGE(seed6!E4,seed7!E4,seed8!E4,seed9!E4,seed10!E4),4) -> 13.3753 | Q4: 0 | R4: =ROUND(AVERAGE(seed6!H4,seed7!H4,seed8!H4,seed9!H4,seed10!H4),4) -> 13.4565 | S4: =ROUND(AVERAGE(seed6!I4,seed7!I4,seed8!I4,seed9!I4,seed10!I4),4) -> 13.2914 | T4: =ROUND(AVERAGE(seed6!J4,seed7!J4,seed8!J4,seed9!J4,seed10!J4),4) -> 13.3753
B5: 0.1 | C5: =ROUND(AVERAGE(seed1!C5,seed2!C5,seed3!C5,seed4!C5,seed5!C5,seed6!C5,seed7!C5,seed8!C5,seed9!C5,seed10!C5),4) -> 14.4865 | D5: =ROUND(AVERAGE(seed1!D5,seed2!D5,seed3!D5,seed4!D5,seed5!D5,seed6!D5,seed7!D5,seed8!D5,seed9!D5,seed10!D5),4) -> 13.6687 | E5: =ROUND(AVERAGE(seed1!E5,seed2!E5,seed3!E5,seed4!E5,seed5!E5,seed6!E5,seed7!E5,seed8!E5,seed9!E5,seed10!E5),4) -> 14.0847 | G5: 0.1 | H5: =ROUND(AVERAGE(seed1!H5,seed2!H5,seed3!H5,seed4!H5,seed5!H5,seed6!H5,seed7!H5,seed8!H5,seed9!H5,seed10!H5),4) -> 14.4458 | I5: =ROUND(AVERAGE(seed1!I5,seed2!I5,seed3!I5,seed4!I5,seed5!I5,seed6!I5,seed7!I5,seed8!I5,seed9!I5,seed10!I5),4) -> 14.2905 | J5: =ROUND(AVERAGE(seed1!J5,seed2!J5,seed3!J5,seed4!J5,seed5!J5,seed6!J5,seed7!J5,seed8!J5,seed9!J5,seed10!J5),4) -> 14.3625 | L5: 0.1 | M5: =ROUND(AVERAGE(seed6!C5,seed7!C5,seed8!C5,seed9!C5,seed10!C5),4) -> 13.4565 | N5: =ROUND(AVERAGE(seed6!D5,seed7!D5,seed8!D5,seed9!D5,seed10!D5),4) -> 13.2915 | O5: =ROUND(AVERAGE(seed6!E5,seed7!E5,seed8!E5,seed9!E5,seed10!E5),4) -> 13.3753 | Q5: 0.1 | R5: =ROUND(AVERAGE(seed6!H5,seed7!H5,seed8!H5,seed9!H5,seed10!H5),4) -> 13.5444 | S5: =ROUND(AVERAGE(seed6!I5,seed7!I5,seed8!I5,seed9!I5,seed10!I5),4) -> 13.809 | T5: =ROUND(AVERAGE(seed6!J5,seed7!J5,seed8!J5,seed9!J5,seed10!J5),4) -> 13.6581
B6: 0.2 | C6: =ROUND(AVERAGE(seed1!C6,seed2!C6,seed3!C6,seed4!C6,seed5!C6,seed6!C6,seed7!C6,seed8!C6,seed9!C6,seed10!C6),4) -> 14.3561 | D6: =ROUND(AVERAGE(seed1!D6,seed2!D6,seed3!D6,seed4!D6,seed5!D6,seed6!D6,seed7!D6,seed8!D6,seed9!D6,seed10!D6),4) -> 13.8745 | E6: =ROUND(AVERAGE(seed1!E6,seed2!E6,seed3!E6,seed4!E6,seed5!E6,seed6!E6,seed7!E6,seed8!E6,seed9!E6,seed10!E6),4) -> 14.1224 | G6: 0.2 | H6: =ROUND(AVERAGE(seed1!H6,seed2!H6,seed3!H6,seed4!H6,seed5!H6,seed6!H6,seed7!H6,seed8!H6,seed9!H6,seed10!H6),4) -> 14.0909 | I6: =ROUND(AVERAGE(seed1!I6,seed2!I6,seed3!I6,seed4!I6,seed5!I6,seed6!I6,seed7!I6,seed8!I6,seed9!I6,seed10!I6),4) -> 15.6058 | J6: =ROUND(AVERAGE(seed1!J6,seed2!J6,seed3!J6,seed4!J6,seed5!J6,seed6!J6,seed7!J6,seed8!J6,seed9!J6,seed10!J6),4) -> 14.7773 | L6: 0.2 | M6: =ROUND(AVERAGE(seed6!C6,seed7!C6,seed8!C6,seed9!C6,seed10!C6),4) -> 13.3227 | N6: =ROUND(AVERAGE(seed6!D6,seed7!D6,seed8!D6,seed9!D6,seed10!D6),4) -> 13.261 | O6: =ROUND(AVERAGE(seed6!E6,seed7!E6,seed8!E6,seed9!E6,seed10!E6),4) -> 13.2928 | Q6: 0.2 | R6: =ROUND(AVERAGE(seed6!H6,seed7!H6,seed8!H6,seed9!H6,seed10!H6),4) -> 13.014 | S6: =ROUND(AVERAGE(seed6!I6,seed7!I6,seed8!I6,seed9!I6,seed10!I6),4) -> 15.6362 | T6: =ROUND(AVERAGE(seed6!J6,seed7!J6,seed8!J6,seed9!J6,seed10!J6),4) -> 14.1943
B7: 0.3 | C7: =ROUND(AVERAGE(seed1!C7,seed2!C7,seed3!C7,seed4!C7,seed5!C7,seed6!C7,seed7!C7,seed8!C7,seed9!C7,seed10!C7),4) -> 14.2692 | D7: =ROUND(AVERAGE(seed1!D7,seed2!D7,seed3!D7,seed4!D7,seed5!D7,seed6!D7,seed7!D7,seed8!D7,seed9!D7,seed10!D7),4) -> 13.9294 | E7: =ROUND(AVERAGE(seed1!E7,seed2!E7,seed3!E7,seed4!E7,seed5!E7,seed6!E7,seed7!E7,seed8!E7,seed9!E7,seed10!E7),4) -> 14.1058 | G7: 0.3 | H7: =ROUND(AVERAGE(seed1!H7,seed2!H7,seed3!H7,seed4!H7,seed5!H7,seed6!H7,seed7!H7,seed8!H7,seed9!H7,seed10!H7),4) -> 14.0988 | I7: =ROUND(AVERAGE(seed1!I7,seed2!I7,seed3!I7,seed4!I7,seed5!I7,seed6!I7,seed7!I7,seed8!I7,seed9!I7,seed10!I7),4) -> 15.9779 | J7: =ROUND(AVERAGE(seed1!J7,seed2!J7,seed3!J7,seed4!J7,seed5!J7,seed6!J7,seed7!J7,seed8!J7,seed9!J7,seed10!J7),4) -> 14.9487 | L7: 0.3 | M7: =ROUND(AVERAGE(seed6!C7,seed7!C7,seed8!C7,seed9!C7,seed10!C7),4) -> 13.287 | N7: =ROUND(AVERAGE(seed6!D7,seed7!D7,seed8!D7,seed9!D7,seed10!D7),4) -> 13.2357 | O7: =ROUND(AVERAGE(seed6!E7,seed7!E7,seed8!E7,seed9!E7,seed10!E7),4) -> 13.2634 | Q7: 0.3 | R7: =ROUND(AVERAGE(seed6!H7,seed7!H7,seed8!H7,seed9!H7,seed10!H7),4) -> 13.4838 | S7: =ROUND(AVERAGE(seed6!I7,seed7!I7,seed8!I7,seed9!I7,seed10!I7),4) -> 15.9657 | T7: =ROUND(AVERAGE(seed6!J7,seed7!J7,seed8!J7,seed9!J7,seed10!J7),4) -> 14.5817
B8: 0.4 | C8: =ROUND(AVERAGE(seed1!C8,seed2!C8,seed3!C8,seed4!C8,seed5!C8,seed6!C8,seed7!C8,seed8!C8,seed9!C8,seed10!C8),4) -> 13.9919 | D8: =ROUND(AVERAGE(seed1!D8,seed2!D8,seed3!D8,seed4!D8,seed5!D8,seed6!D8,seed7!D8,seed8!D8,seed9!D8,seed10!D8),4) -> 14.4182 | E8: =ROUND(AVERAGE(seed1!E8,seed2!E8,seed3!E8,seed4!E8,seed5!E8,seed6!E8,seed7!E8,seed8!E8,seed9!E8,seed10!E8),4) -> 14.1847 | G8: 0.4 | H8: =ROUND(AVERAGE(seed1!H8,seed2!H8,seed3!H8,seed4!H8,seed5!H8,seed6!H8,seed7!H8,seed8!H8,seed9!H8,seed10!H8),4) -> 12.9936 | I8: =ROUND(AVERAGE(seed1!I8,seed2!I8,seed3!I8,seed4!I8,seed5!I8,seed6!I8,seed7!I8,seed8!I8,seed9!I8,seed10!I8),4) -> 16.3829 | J8: =ROUND(AVERAGE(seed1!J8,seed2!J8,seed3!J8,seed4!J8,seed5!J8,seed6!J8,seed7!J8,seed8!J8,seed9!J8,seed10!J8),4) -> 14.4899 | L8: 0.4 | M8: =ROUND(AVERAGE(seed6!C8,seed7!C8,seed8!C8,seed9!C8,seed10!C8),4) -> 12.9002 | N8: =ROUND(AVERAGE(seed6!D8,seed7!D8,seed8!D8,seed9!D8,seed10!D8),4) -> 13.9775 | O8: =ROUND(AVERAGE(seed6!E8,seed7!E8,seed8!E8,seed9!E8,seed10!E8),4) -> 13.3998 | Q8: 0.4 | R8: =ROUND(AVERAGE(seed6!H8,seed7!H8,seed8!H8,seed9!H8,seed10!H8),4) -> 11.8568 | S8: =ROUND(AVERAGE(seed6!I8,seed7!I8,seed8!I8,seed9!I8,seed10!I8),4) -> 16.3695 | T8: =ROUND(AVERAGE(seed6!J8,seed7!J8,seed8!J8,seed9!J8,seed10!J8),4) -> 13.8039
B9: 0.5 | C9: =ROUND(AVERAGE(seed1!C9,seed2!C9,seed3!C9,seed4!C9,seed5!C9,seed6!C9,seed7!C9,seed8!C9,seed9!C9,seed10!C9),4) -> 14.3146 | D9: =ROUND(AVERAGE(seed1!D9,seed2!D9,seed3!D9,seed4!D9,seed5!D9,seed6!D9,seed7!D9,seed8!D9,seed9!D9,seed10!D9),4) -> 14.891 | E9: =ROUND(AVERAGE(seed1!E9,seed2!E9,seed3!E9,seed4!E9,seed5!E9,seed6!E9,seed7!E9,seed8!E9,seed9!E9,seed10!E9),4) -> 14.5833 | G9: 0.5 | H9: =ROUND(AVERAGE(seed1!H9,seed2!H9,seed3!H9,seed4!H9,seed5!H9,seed6!H9,seed7!H9,seed8!H9,seed9!H9,seed10!H9),4) -> 11.9427 | I9: =ROUND(AVERAGE(seed1!I9,seed2!I9,seed3!I9,seed4!I9,seed5!I9,seed6!I9,seed7!I9,seed8!I9,seed9!I9,seed10!I9),4) -> 16.5969 | J9: =ROUND(AVERAGE(seed1!J9,seed2!J9,seed3!J9,seed4!J9,seed5!J9,seed6!J9,seed7!J9,seed8!J9,seed9!J9,seed10!J9),4) -> 13.96 | L9: 0.5 | M9: =ROUND(AVERAGE(seed6!C9,seed7!C9,seed8!C9,seed9!C9,seed10!C9),4) -> 13.4096 | N9: =ROUND(AVERAGE(seed6!D9,seed7!D9,seed8!D9,seed9!D9,seed10!D9),4) -> 14.6557 | O9: =ROUND(AVERAGE(seed6!E9,seed7!E9,seed8!E9,seed9!E9,seed10!E9),4) -> 13.9929 | Q9: 0.5 | R9: =ROUND(AVERAGE(seed6!H9,seed7!H9,seed8!H9,seed9!H9,seed10!H9),4) -> 11.2913 | S9: =ROUND(AVERAGE(seed6!I9,seed7!I9,seed8!I9,seed9!I9,seed10!I9),4) -> 16.5733 | T9: =ROUND(AVERAGE(seed6!J9,seed7!J9,seed8!J9,seed9!J9,seed10!J9),4) -> 13.5234
B10: 0.6 | C10: =ROUND(AVERAGE(seed1!C10,seed2!C10,seed3!C10,seed4!C10,seed5!C10,seed6!C10,seed7!C10,seed8!C10,seed9!C10,seed10!C10),4) -> 14.0681 | D10: =ROUND(AVERAGE(seed1!D10,seed2!D10,seed3!D10,seed4!D10,seed5!D10,seed6!D10,seed7!D10,seed8!D10,seed9!D10,seed10!D10),4) -> 15.5292 | E10: =ROUND(AVERAGE(seed1!E10,seed2!E10,seed3!E10,seed4!E10,seed5!E10,seed6!E10,seed7!E10,seed8!E10,seed9!E10,seed10!E10),4) -> 14.7483 | G10: 0.6 | H10: =ROUND(AVERAGE(seed1!H10,seed2!H10,seed3!H10,seed4!H10,seed5!H10,seed6!H10,seed7!H10,seed8!H10,seed9!H10,seed10!H10),4) -> 11.7664 | I10: =ROUND(AVERAGE(seed1!I10,seed2!I10,seed3!I10,seed4!I10,seed5!I10,seed6!I10,seed7!I10,seed8!I10,seed9!I10,seed10!I10),4) -> 16.634 | J10: =ROUND(AVERAGE(seed1!J10,seed2!J10,seed3!J10,seed4!J10,seed5!J10,seed6!J10,seed7!J10,seed8!J10,seed9!J10,seed10!J10),4) -> 13.8619 | L10: 0.6 | M10: =ROUND(AVERAGE(seed6!C10,seed7!C10,seed8!C10,seed9!C10,seed10!C10),4) -> 13.2147 | N10: =ROUND(AVERAGE(seed6!D10,seed7!D10,seed8!D10,seed9!D10,seed10!D10),4) -> 15.1952 | O10: =ROUND(AVERAGE(seed6!E10,seed7!E10,seed8!E10,seed9!E10,seed10!E10),4) -> 14.1218 | Q10: 0.6 | R10: =ROUND(AVERAGE(seed6!H10,seed7!H10,seed8!H10,seed9!H10,seed10!H10),4) -> 11.2163 | S10: =ROUND(AVERAGE(seed6!I10,seed7!I10,seed8!I10,seed9!I10,seed10!I10),4) -> 16.6082 | T10: =ROUND(AVERAGE(seed6!J10,seed7!J10,seed8!J10,seed9!J10,seed10!J10),4) -> 13.4796
B11: 0.7 | C11: =ROUND(AVERAGE(seed1!C11,seed2!C11,seed3!C11,seed4!C11,seed5!C11,seed6!C11,seed7!C11,seed8!C11,seed9!C11,seed10!C11),4) -> 13.3349 | D11: =ROUND(AVERAGE(seed1!D11,seed2!D11,seed3!D11,seed4!D11,seed5!D11,seed6!D11,seed7!D11,seed8!D11,seed9!D11,seed10!D11),4) -> 16.3376 | E11: =ROUND(AVERAGE(seed1!E11,seed2!E11,seed3!E11,seed4!E11,seed5!E11,seed6!E11,seed7!E11,seed8!E11,seed9!E11,seed10!E11),4) -> 14.6832 | G11: 0.7 | H11: =ROUND(AVERAGE(seed1!H11,seed2!H11,seed3!H11,seed4!H11,seed5!H11,seed6!H11,seed7!H11,seed8!H11,seed9!H11,seed10!H11),4) -> 11.7323 | I11: =ROUND(AVERAGE(seed1!I11,seed2!I11,seed3!I11,seed4!I11,seed5!I11,seed6!I11,seed7!I11,seed8!I11,seed9!I11,seed10!I11),4) -> 16.6563 | J11: =ROUND(AVERAGE(seed1!J11,seed2!J11,seed3!J11,seed4!J11,seed5!J11,seed6!J11,seed7!J11,seed8!J11,seed9!J11,seed10!J11),4) -> 13.8524 | L11: 0.7 | M11: =ROUND(AVERAGE(seed6!C11,seed7!C11,seed8!C11,seed9!C11,seed10!C11),4) -> 12.4143 | N11: =ROUND(AVERAGE(seed6!D11,seed7!D11,seed8!D11,seed9!D11,seed10!D11),4) -> 16.3774 | O11: =ROUND(AVERAGE(seed6!E11,seed7!E11,seed8!E11,seed9!E11,seed10!E11),4) -> 14.1585 | Q11: 0.7 | R11: =ROUND(AVERAGE(seed6!H11,seed7!H11,seed8!H11,seed9!H11,seed10!H11),4) -> 11.1784 | S11: =ROUND(AVERAGE(seed6!I11,seed7!I11,seed8!I11,seed9!I11,seed10!I11),4) -> 16.6425 | T11: =ROUND(AVERAGE(seed6!J11,seed7!J11,seed8!J11,seed9!J11,seed10!J11),4) -> 13.4736
B12: 0.8 | C12: =ROUND(AVERAGE(seed1!C12,seed2!C12,seed3!C12,seed4!C12,seed5!C12,seed6!C12,seed7!C12,seed8!C12,seed9!C12,seed10!C12),4) -> 12.2379 | D12: =ROUND(AVERAGE(seed1!D12,seed2!D12,seed3!D12,seed4!D12,seed5!D12,seed6!D12,seed7!D12,seed8!D12,seed9!D12,seed10!D12),4) -> 16.5786 | E12: =ROUND(AVERAGE(seed1!E12,seed2!E12,seed3!E12,seed4!E12,seed5!E12,seed6!E12,seed7!E12,seed8!E12,seed9!E12,seed10!E12),4) -> 14.1237 | G12: 0.8 | H12: =ROUND(AVERAGE(seed1!H12,seed2!H12,seed3!H12,seed4!H12,seed5!H12,seed6!H12,seed7!H12,seed8!H12,seed9!H12,seed10!H12),4) -> 11.7101 | I12: =ROUND(AVERAGE(seed1!I12,seed2!I12,seed3!I12,seed4!I12,seed5!I12,seed6!I12,seed7!I12,seed8!I12,seed9!I12,seed10!I12),4) -> 26.67 | J12: =ROUND(AVERAGE(seed1!J12,seed2!J12,seed3!J12,seed4!J12,seed5!J12,seed6!J12,seed7!J12,seed8!J12,seed9!J12,seed10!J12),4) -> 13.8446 | L12: 0.8 | M12: =ROUND(AVERAGE(seed6!C12,seed7!C12,seed8!C12,seed9!C12,seed10!C12),4) -> 11.3697 | N12: =ROUND(AVERAGE(seed6!D12,seed7!D12,seed8!D12,seed9!D12,seed10!D12),4) -> 16.5343 | O12: =ROUND(AVERAGE(seed6!E12,seed7!E12,seed8!E12,seed9!E12,seed10!E12),4) -> 13.5576 | Q12: 0.8 | R12: =ROUND(AVERAGE(seed6!H12,seed7!H12,seed8!H12,seed9!H12,seed10!H12),4) -> 11.134 | S12: =ROUND(AVERAGE(seed6!I12,seed7!I12,seed8!I12,seed9!I12,seed10!I12),4) -> 16.67 | T12: =ROUND(AVERAGE(seed6!J12,seed7!J12,seed8!J12,seed9!J12,seed10!J12),4) -> 13.4579
B13: 0.9 | C13: =ROUND(AVERAGE(seed1!C13,seed2!C13,seed3!C13,seed4!C13,seed5!C13,seed6!C13,seed7!C13,seed8!C13,seed9!C13,seed10!C13),4) -> 11.7056 | D13: =ROUND(AVERAGE(seed1!D13,seed2!D13,seed3!D13,seed4!D13,seed5!D13,seed6!D13,seed7!D13,seed8!D13,seed9!D13,seed10!D13),4) -> 16.6696 | E13: =ROUND(AVERAGE(seed1!E13,seed2!E13,seed3!E13,seed4!E13,seed5!E13,seed6!E13,seed7!E13,seed8!E13,seed9!E13,seed10!E13),4) -> 13.8418 | G13: 0.9 | H13: =ROUND(AVERAGE(seed1!H13,seed2!H13,seed3!H13,seed4!H13,seed5!H13,seed6!H13,seed7!H13,seed8!H13,seed9!H13,seed10!H13),4) -> 11.7101 | I13: =ROUND(AVERAGE(seed1!I13,seed2!I13,seed3!I13,seed4!I13,seed5!I13,seed6!I13,seed7!I13,seed8!I13,seed9!I13,seed10!I13),4) -> 16.67 | J13: =ROUND(AVERAGE(seed1!J13,seed2!J13,seed3!J13,seed4!J13,seed5!J13,seed6!J13,seed7!J13,seed8!J13,seed9!J13,seed10!J13),4) -> 13.8446 | L13: 0.9 | M13: =ROUND(AVERAGE(seed6!C13,seed7!C13,seed8!C13,seed9!C13,seed10!C13),4) -> 11.1251 | N13: =ROUND(AVERAGE(seed6!D13,seed7!D13,seed8!D13,seed9!D13,seed10!D13),4) -> 16.6691 | O13: =ROUND(AVERAGE(seed6!E13,seed7!E13,seed8!E13,seed9!E13,seed10!E13),4) -> 13.4523 | Q13: 0.9 | R13: =ROUND(AVERAGE(seed6!H13,seed7!H13,seed8!H13,seed9!H13,seed10!H13),4) -> 11.134 | S13: =ROUND(AVERAGE(seed6!I13,seed7!I13,seed8!I13,seed9!I13,seed10!I13),4) -> 16.67 | T13: =ROUND(AVERAGE(seed6!J13,seed7!J13,seed8!J13,seed9!J13,seed10!J13),4) -> 13.4579
B14: 1 | C14: =ROUND(AVERAGE(seed1!C14,seed2!C14,seed3!C14,seed4!C14,seed5!C14,seed6!C14,seed7!C14,seed8!C14,seed9!C14,seed10!C14),4) -> 11.7101 | D14: =ROUND(AVERAGE(seed1!D14,seed2!D14,seed3!D14,seed4!D14,seed5!D14,seed6!D14,seed7!D14,seed8!D14,seed9!D14,seed10!D14),4) -> 16.67 | E14: =ROUND(AVERAGE(seed1!E14,seed2!E14,seed3!E14,seed4!E14,seed5!E14,seed6!E14,seed7!E14,seed8!E14,seed9!E14,seed10!E14),4) -> 13.8446 | G14: 1 | H14: =ROUND(AVERAGE(seed1!H14,seed2!H14,seed3!H14,seed4!H14,seed5!H14,seed6!H14,seed7!H14,seed8!H14,seed9!H14,seed10!H14),4) -> 11.7101 | I14: =ROUND(AVERAGE(seed1!I14,seed2!I14,seed3!I14,seed4!I14,seed5!I14,seed6!I14,seed7!I14,seed8!I14,seed9!I14,seed10!I14),4) -> 16.67 | J14: =ROUND(AVERAGE(seed1!J14,seed2!J14,seed3!J14,seed4!J14,seed5!J14,seed6!J14,seed7!J14,seed8!J14,seed9!J14,seed10!J14),4) -> 13.8446 | L14: 1 | M14: =ROUND(AVERAGE(seed6!C14,seed7!C14,seed8!C14,seed9!C14,seed10!C14),4) -> 11.134 | N14: =ROUND(AVERAGE(seed6!D14,seed7!D14,seed8!D14,seed9!D14,seed10!D14),4) -> 16.67 | O14: =ROUND(AVERAGE(seed6!E14,seed7!E14,seed8!E14,seed9!E14,seed10!E14),4) -> 13.4579 | Q14: 1 | R14: =ROUND(AVERAGE(seed6!H14,seed7!H14,seed8!H14,seed9!H14,seed10!H14),4) -> 11.134 | S14: =ROUND(AVERAGE(seed6!I14,seed7!I14,seed8!I14,seed9!I14,seed10!I14),4) -> 16.67 | T14: =ROUND(AVERAGE(seed6!J14,seed7!J14,seed8!J14,seed9!J14,seed10!J14),4) -> 13.4579
