Workbook

Sheet seed1
B2: 合流位置200m
B3: α | C3: vehicle0 | D3: vehicle1 | E3: all
B4: 0 | C4: 11.5436 | D4: 14.1593 | E4: 12.737
B5: 0.1 | C5: 11.5436 | D5: 14.1593 | E5: 12.737
B6: 0.2 | C6: 11.5436 | D6: 14.1593 | E6: 12.737
B7: 0.3 | C7: 12.1535 | D7: 13.0561 | E7: 12.5774
B8: 0.4 | C8: 11.9633 | D8: 13.2994 | E8: 12.5908
B9: 0.5 | C9: 11.5361 | D9: 14.0358 | E9: 12.6975
B10: 0.6 | C10: 10.7817 | D10: 15.9795 | E10: 13.0711
B11: 0.7 | C11: 10.0484 | D11: 16.5315 | E11: 12.8259
B12: 0.8 | C12: 9.2418 | D12: 16.4097 | E12: 12.1705
B13: 0.9 | C13: 8.8982 | D13: 16.5777 | E13: 12.0359
B14: 1 | C14: 8.8982 | D14: 16.5777 | E14: 12.0359
D16: hpc

Sheet seed2
B2: 合流位置200m
B3: α | C3: vehicle0 | D3: vehicle1 | E3: all
B4: 0 | C4: 14.5399 | D4: 11.905 | E4: 13.1371
B5: 0.1 | C5: 14.5399 | D5: 11.905 | E5: 13.1371
B6: 0.2 | C6: 14.5399 | D6: 11.905 | E6: 13.1371
B7: 0.3 | C7: 13.9553 | D7: 13.0045 | E7: 13.4575
B8: 0.4 | C8: 13.9363 | D8: 13.246 | E8: 13.5749
B9: 0.5 | C9: 11.7954 | D9: 15.796 | E9: 13.631
B10: 0.6 | C10: 11.6631 | D10: 16.2013 | E10: 13.7296
B11: 0.7 | C11: 11.4938 | D11: 16.2963 | E11: 13.6807
B12: 0.8 | C12: 11.3636 | D12: 16.5456 | E12: 13.7158
B13: 0.9 | C13: 11.0572 | D13: 16.6199 | E13: 13.5822
B14: 1 | C14: 8.76395 | D14: 16.67 | E14: 12.0534
D16: hpc

Sheet seed3
B2: 合流位置200m
B3: α | C3: vehicle0 | D3: vehicle1 | E3: all
B4: 0 | C4: 14.5818 | D4: 15.4292 | E4: 15.0124
B5: 0.1 | C5: 14.5818 | D5: 15.4292 | E5: 15.0124
B6: 0.2 | C6: 14.5818 | D6: 15.4292 | E6: 15.0124
B7: 0.3 | C7: 14.5818 | D7: 15.4292 | E7: 15.0124
B8: 0.4 | C8: 14.5818 | D8: 15.4292 | E8: 15.0124
B9: 0.5 | C9: 14.5818 | D9: 15.4292 | E9: 15.0124
B10: 0.6 | C10: 14.5775 | D10: 15.4383 | E10: 15.0149
B11: 0.7 | C11: 14.5357 | D11: 15.5485 | E11: 15.0503
B12: 0.8 | C12: 10.2907 | D12: 16.4628 | E12: 13.0693
B13: 0.9 | C13: 9.8138 | D13: 16.6475 | E13: 12.8902
B14: 1 | C14: 9.8138 | D14: 16.6475 | E14: 12.8902
D16: mac

Sheet seed4
B2: 合流位置200m
B3: α | C3: vehicle0 | D3: vehicle1 | E3: all
B4: 0 | C4: 12.2518 | D4: 14.6237 | E4: 13.3329
B5: 0.1 | C5: 12.2518 | D5: 14.6237 | E5: 13.3329
B6: 0.2 | C6: 12.2518 | D6: 14.6237 | E6: 13.3329
B7: 0.3 | C7: 12.2518 | D7: 14.6237 | E7: 13.3329
B8: 0.4 | C8: 12.2518 | D8: 14.6237 | E8: 13.3329
B9: 0.5 | C9: 12.1464 | D9: 14.8033 | E9: 13.3574
B10: 0.6 | C10: 12.2957 | D10: 15.8215 | E10: 13.8711
B11: 0.7 | C11: 11.7124 | D11: 16.2167 | E11: 13.7071
B12: 0.8 | C12: 12.071 | D12: 16.0798 | E12: 13.8604
B13: 0.9 | C13: 9.9876 | D13: 16.6263 | E13: 12.7574
B14: 1 | C14: 9.9876 | D14: 16.6263 | E14: 12.7574
D16: mac

Sheet seed5
B2: 合流位置200m
B3: α | C3: vehicle0 | D3: vehicle1 | E3: all
B4: 0 | C4: 12.2336 | D4: 13.8007 | E4: 12.937
B5: 0.1 | C5: 12.2336 | D5: 13.8007 | E5: 12.937
B6: 0.2 | C6: 12.2336 | D6: 13.8007 | E6: 12.937
B7: 0.3 | C7: 12.2336 | D7: 13.8007 | E7: 12.937
B8: 0.4 | C8: 12.144 | D8: 13.6719 | E8: 12.8298
B9: 0.5 | C9: 11.987 | D9: 14.9016 | E9: 13.2933
B10: 0.6 | C10: 11.2926 | D10: 15.1549 | E10: 12.9894
B11: 0.7 | C11: 11.2353 | D11: 16.2392 | E11: 13.3656
B12: 0.8 | C12: 7.7227 | D12: 16.6699 | E12: 11.1074
B13: 0.9 | C13: 7.7135 | D13: 16.67 | E13: 11.1017
B14: 1 | C14: 7.7135 | D14: 16.67 | E14: 11.1017
D16: hpc

Sheet average
B2: 合流位置200m | F2: 後続考慮あり
B3: α | C3: vehicle0 | D3: vehicle1 | E3: all | H3: α | I3: 合流100m手前 | J3: 合流200m手前
B4: 0 | C4: =ROUND(AVERAGE(seed1!C4,seed2!C4,seed3!C4,seed4!C4,seed5!C4),4) -> 13.0301 | D4: =ROUND(AVERAGE(seed1!D4,seed2!D4,seed3!D4,seed4!D4,seed5!D4),4) -> 13.9836 | E4: =ROUND(AVERAGE(seed1!E4,seed2!E4,seed3!E4,seed4!E4,seed5!E4),4) -> 13.4313 | H4: 0
B5: 0.1 | C5: =ROUND(AVERAGE(seed1!C5,seed2!C5,seed3!C5,seed4!C5,seed5!C5),4) -> 13.0301 | D5: =ROUND(AVERAGE(seed1!D5,seed2!D5,seed3!D5,seed4!D5,seed5!D5),4) -> 13.9836 | E5: =ROUND(AVERAGE(seed1!E5,seed2!E5,seed3!E5,seed4!E5,seed5!E5),4) -> 13.4313 | H5: 0.1
B6: 0.2 | C6: =ROUND(AVERAGE(seed1!C6,seed2!C6,seed3!C6,seed4!C6,seed5!C6),4) -> 13.0301 | D6: =ROUND(AVERAGE(seed1!D6,seed2!D6,seed3!D6,seed4!D6,seed5!D6),4) -> 13.9836 | E6: =ROUND(AVERAGE(seed1!E6,seed2!E6,seed3!E6,seed4!E6,seed5!E6),4) -> 13.4313 | H6: 0.2
B7: 0.3 | C7: =ROUND(AVERAGE(seed1!C7,seed2!C7,seed3!C7,seed4!C7,seed5!C7),4) -> 13.0352 | D7: =ROUND(AVERAGE(seed1!D7,seed2!D7,seed3!D7,seed4!D7,seed5!D7),4) -> 13.9828 | E7: =ROUND(AVERAGE(seed1!E7,seed2!E7,seed3!E7,seed4!E7,seed5!E7),4) -> 13.4634 | H7: 0.3
B8: 0.4 | C8: =ROUND(AVERAGE(seed1!C8,seed2!C8,seed3!C8,seed4!C8,seed5!C8),4) -> 12.9754 | D8: =ROUND(AVERAGE(seed1!D8,seed2!D8,seed3!D8,seed4!D8,seed5!D8),4) -> 14.054 | E8: =ROUND(AVERAGE(seed1!E8,seed2!E8,seed3!E8,seed4!E8,seed5!E8),4) -> 13.4682 | H8: 0.4
B9: 0.5 | C9: =ROUND(AVERAGE(seed1!C9,seed2!C9,seed3!C9,seed4!C9,seed5!C9),4) -> 12.4093 | D9: =ROUND(AVERAGE(seed1!D9,seed2!D9,seed3!D9,seed4!D9,seed5!D9),4) -> 14.9932 | E9: =ROUND(AVERAGE(seed1!E9,seed2!E9,seed3!E9,seed4!E9,seed5!E9),4) -> 13.5983 | H9: 0.5
B10: 0.6 | C10: =ROUND(AVERAGE(seed1!C10,seed2!C10,seed3!C10,seed4!C10,seed5!C10),4) -> 12.1221 | D10: =ROUND(AVERAGE(seed1!D10,seed2!D10,seed3!D10,seed4!D10,seed5!D10),4) -> 15.7191 | E10: =ROUND(AVERAGE(seed1!E10,seed2!E10,seed3!E10,seed4!E10,seed5!E10),4) -> 13.7352 | H10: 0.6
B11: 0.7 | C11: =ROUND(AVERAGE(seed1!C11,seed2!C11,seed3!C11,seed4!C11,seed5!C11),4) -> 11.8051 | D11: =ROUND(AVERAGE(seed1!D11,seed2!D11,seed3!D11,seed4!D11,seed5!D11),4) -> 16.1664 | E11: =ROUND(AVERAGE(seed1!E11,seed2!E11,seed3!E11,seed4!E11,seed5!E11),4) -> 13.7259 | H11: 0.7
B12: 0.8 | C12: =ROUND(AVERAGE(seed1!C12,seed2!C12,seed3!C12,seed4!C12,seed5!C12),4) -> 10.138 | D12: =ROUND(AVERAGE(seed1!D12,seed2!D12,seed3!D12,seed4!D12,seed5!D12),4) -> 16.4336 | E12: =ROUND(AVERAGE(seed1!E12,seed2!E12,seed3!E12,seed4!E12,seed5!E12),4) -> 12.7847 | H12: 0.8
B13: 0.9 | C13: =ROUND(AVERAGE(seed1!C13,seed2!C13,seed3!C13,seed4!C13,seed5!C13),4) -> 9.4941 | D13: =ROUND(AVERAGE(seed1!D13,seed2!D13,seed3!D13,seed4!D13,seed5!D13),4) -> 16.6283 | E13: =ROUND(AVERAGE(seed1!E13,seed2!E13,seed3!E13,seed4!E13,seed5!E13),4) -> 12.4735 | H13: 0.9
B14: 1 | C14: =ROUND(AVERAGE(seed1!C14,seed2!C14,seed3!C14,seed4!C14,seed5!C14),4) -> 9.0354 | D14: =ROUND(AVERAGE(seed1!D14,seed2!D14,seed3!D14,seed4!D14,seed5!D14),4) -> 16.6383 | E14: =ROUND(AVERAGE(seed1!E14,seed2!E14,seed3!E14,seed4!E14,seed5!E14),4) -> 12.1677 | H14: 1
