Workbook

Sheet seed1
C2: 合流100m手前 | H2: 合流200m手前
B3: α | C3: vehicle0 | D3: vehicle1 | E3: all | G3: α | H3: vehicle0 | I3: vehicle1 | J3: all
B4: 0 | C4: 11.5436 | D4: 14.1593 | E4: 12.737 | G4: 0 | H4: 14.7243 | I4: 13.2238 | J4: 13.9829
B5: 0.1 | C5: 11.5361 | D5: 14.0358 | E5: 12.6975 | G5: 0.1 | H5: 14.7234 | I5: 13.2269 | J5: 13.984
B6: 0.2 | C6: 11.3715 | D6: 15.7503 | E6: 13.3082 | G6: 0.2 | H6: 13.5341 | I6: 15.176 | J6: 14.3136
B7: 0.3 | C7: 10.0484 | D7: 16.5315 | E7: 12.8259 | G7: 0.3 | H7: 13.5779 | I7: 15.8294 | J7: 14.6198
B8: 0.4 | C8: 10.0484 | D8: 16.5315 | E8: 12.8259 | G8: 0.4 | H8: 12.4376 | I8: 16.4761 | J8: 14.2572
B9: 0.5 | C9: 10.0484 | D9: 16.5315 | E9: 12.8259 | G9: 0.5 | H9: 11.1079 | I9: 16.5815 | J9: 13.4648
B10: 0.6 | C10: 8.8982 | D10: 16.5777 | E10: 12.0359 | G10: 0.6 | H10: 11.0855 | I10: 16.6193 | J10: 13.4683
B11: 0.7 | C11: 8.8982 | D11: 16.5777 | E11: 12.0359 | G11: 0.7 | H11: 10.9337 | I11: 16.67 | J11: 13.4038
B12: 0.8 | C12: 8.8982 | D12: 16.5777 | E12: 12.0359 | G12: 0.8 | H12: 10.9337 | I12: 16.67 | J12: 13.4038
B13: 0.9 | C13: 8.8982 | D13: 16.5777 | E13: 12.0359 | G13: 0.9 | H13: 10.9337 | I13: 16.67 | J13: 13.4038
B14: 1 | C14: 8.8982 | D14: 16.5777 | E14: 12.0359 | G14: 1 | H14: 10.9337 | I14: 16.67 | J14: 13.4038
D16: mac | I16: mac

Sheet seed2
C2: 合流100m手前 | H2: 合流200m手前
B3: α | C3: vehicle0 | D3: vehicle1 | E3: all | G3: α | H3: vehicle0 | I3: vehicle1 | J3: all
B4: 0 | C4: 14.5399 | D4: 11.905 | E4: 13.1371 | G4: 0 | H4: 15.4712 | I4: 14.8276 | J4: 15.1421
B5: 0.1 | C5: 14.5399 | D5: 11.905 | E5: 13.1371 | G5: 0.1 | H5: 15.3667 | I5: 15.0019 | J5: 15.1802
B6: 0.2 | C6: 13.9224 | D6: 13.5157 | E6: 13.7095 | G6: 0.2 | H6: 15.2775 | I6: 15.2418 | J6: 15.2592
B7: 0.3 | C7: 11.0572 | D7: 16.6199 | E7: 13.5822 | G7: 0.3 | H7: 14.2808 | I7: 16.3754 | J7: 15.3053
B8: 0.4 | C8: 11.0572 | D8: 16.6199 | E8: 13.5822 | G8: 0.4 | H8: 13.3664 | I8: 16.4565 | J8: 14.8537
B9: 0.5 | C9: 11.0572 | D9: 16.6199 | E9: 13.5822 | G9: 0.5 | H9: 13.2566 | I9: 16.67 | J9: 14.8792
B10: 0.6 | C10: 11.0572 | D10: 16.6199 | E10: 13.5822 | G10: 0.6 | H10: 13.2566 | I10: 16.67 | J10: 14.8792
B11: 0.7 | C11: 8.764 | D11: 16.67 | E11: 12.0534 | G11: 0.7 | H11: 13.2566 | I11: 16.67 | J11: 14.8792
B12: 0.8 | C12: 8.764 | D12: 16.67 | E12: 12.0534 | G12: 0.8 | H12: 13.2566 | I12: 16.67 | J12: 14.8792
B13: 0.9 | C13: 8.764 | D13: 16.67 | E13: 12.0534 | G13: 0.9 | H13: 13.2566 | I13: 16.67 | J13: 14.8792
B14: 1 | C14: 8.764 | D14: 16.67 | E14: 12.0534 | G14: 1 | H14: 13.2566 | I14: 16.67 | J14: 14.8792
D16: hpc | I16: mac

Sheet seed3
C2: 合流100m手前 | H2: 合流200m手前
B3: α | C3: vehicle0 | D3: vehicle1 | E3: all | G3: α | H3: vehicle0 | I3: vehicle1 | J3: all
B4: 0 | C4: 14.5818 | D4: 15.4292 | E4: 15.0124 | G4: 0 | H4: 16.2158 | I4: 16.1456 | J4: 16.1791
B5: 0.1 | C5: 14.5818 | D5: 15.4292 | E5: 15.0124 | G5: 0.1 | H5: 16.2158 | I5: 16.1456 | J5: 16.1791
B6: 0.2 | C6: 14.5775 | D6: 15.4383 | E6: 15.0149 | G6: 0.2 | H6: 16.2158 | I6: 16.1456 | J6: 16.1791
B7: 0.3 | C7: 14.5774 | D7: 15.4382 | E7: 15.0153 | G7: 0.3 | H7: 16.2158 | I7: 16.1456 | J7: 16.1791
B8: 0.4 | C8: 14.3765 | D8: 15.8698 | E8: 15.1353 | G8: 0.4 | H8: 16.1834 | I8: 16.2225 | J8: 16.2038
B9: 0.5 | C9: 9.8138 | D9: 16.6475 | E9: 12.8902 | G9: 0.5 | H9: 13.0121 | I9: 16.67 | J9: 14.7402
B10: 0.6 | C10: 9.8138 | D10: 16.6475 | E10: 12.8902 | G10: 0.6 | H10: 13.0121 | I10: 16.67 | J10: 14.7402
B11: 0.7 | C11: 9.8138 | D11: 16.6475 | E11: 12.8902 | G11: 0.7 | H11: 13.0121 | I11: 16.67 | J11: 14.7402
B12: 0.8 | C12: 9.8138 | D12: 16.6475 | E12: 12.8902 | G12: 0.8 | H12: 13.0121 | I12: 16.67 | J12: 14.7402
B13: 0.9 | C13: 9.8138 | D13: 16.6475 | E13: 12.8902 | G13: 0.9 | H13: 13.0121 | I13: 16.67 | J13: 14.7402
B14: 1 | C14: 9.8138 | D14: 16.6475 | E14: 12.8902 | G14: 1 | H14: 13.0121 | I14: 16.67 | J14: 14.7402
D16: hpc | I16: mac

Sheet seed4
C2: 合流100m手前 | H2: 合流200m手前
B3: α | C3: vehicle0 | D3: vehicle1 | E3: all | G3: α | H3: vehicle0 | I3: vehicle1 | J3: all
B4: 0 | C4: 12.2518 | D4: 14.6237 | E4: 13.3329 | G4: 0 | H4: 15.3154 | I4: 15.6674 | J4: 15.4833
B5: 0.1 | C5: 12.2518 | D5: 14.6237 | E5: 13.3329 | G5: 0.1 | H5: 15.3154 | I5: 15.6674 | J5: 15.4833
B6: 0.2 | C6: 11.7124 | D6: 16.2167 | E6: 13.7071 | G6: 0.2 | H6: 15.3154 | I6: 15.6674 | J6: 15.4833
B7: 0.3 | C7: 12.1723 | D7: 16.0087 | E7: 13.8875 | G7: 0.3 | H7: 14.5184 | I7: 15.6345 | J7: 15.0415
B8: 0.4 | C8: 11.611 | D8: 16.1364 | E8: 13.6065 | G8: 0.4 | H8: 14.3003 | I8: 16.4156 | J8: 15.2714
B9: 0.5 | C9: 9.9876 | D9: 16.6263 | E9: 12.7574 | G9: 0.5 | H9: 12.7439 | I9: 16.5109 | J9: 14.3886
B10: 0.6 | C10: 9.9876 | D10: 16.6263 | E10: 12.7574 | G10: 0.6 | H10: 12.4409 | I10: 16.67 | J10: 14.2773
B11: 0.7 | C11: 9.9876 | D11: 16.6263 | E11: 12.7574 | G11: 0.7 | H11: 12.4409 | I11: 16.67 | J11: 14.2773
B12: 0.8 | C12: 9.9876 | D12: 16.6263 | E12: 12.7574 | G12: 0.8 | H12: 12.4409 | I12: 16.67 | J12: 14.2773
B13: 0.9 | C13: 9.9876 | D13: 16.6263 | E13: 12.7574 | G13: 0.9 | H13: 12.4409 | I13: 16.67 | J13: 14.2773
B14: 1 | C14: 9.9876 | D14: 16.6263 | E14: 12.7574 | G14: 1 | H14: 12.4409 | I14: 16.67 | J14: 14.2773
D16: mac | I16: mac

Sheet seed5
C2: 合流100m手前 | H2: 合流200m手前
B3: α | C3: vehicle0 | D3: vehicle1 | E3: all | G3: α | H3: vehicle0 | I3: vehicle1 | J3: all
B4: 0 | C4: 12.2336 | D4: 13.8007 | E4: 12.937 | G4: 0 | H4: 15.8562 | I4: 10.3655 | J4: 13.1837
B5: 0.1 | C5: 11.9194 | D5: 15.0592 | E5: 13.3266 | G5: 0.1 | H5: 15.1144 | I5: 13.8182 | J5: 14.508
B6: 0.2 | C6: 11.2707 | D6: 15.1903 | E6: 12.9927 | G6: 0.2 | H6: 15.4971 | I6: 15.646 | J6: 15.5659
B7: 0.3 | C7: 10.4669 | D7: 15.9326 | E7: 12.789 | G7: 0.3 | H7: 14.9306 | I7: 15.9321 | J7: 15.3933
B8: 0.4 | C8: 11.1881 | D8: 16.3227 | E8: 13.374 | G8: 0.4 | H8: 14.3645 | I8: 16.4109 | J8: 15.293
B9: 0.5 | C9: 7.7135 | D9: 16.67 | E9: 11.1017 | G9: 0.5 | H9: 12.8498 | I9: 16.67 | J9: 14.5104
B10: 0.6 | C10: 7.7135 | D10: 16.67 | E10: 11.1017 | G10: 0.6 | H10: 11.7876 | I10: 16.67 | J10: 13.8556
B11: 0.7 | C11: 7.7135 | D11: 16.67 | E11: 11.1017 | G11: 0.7 | H11: 11.7876 | I11: 16.67 | J11: 13.8556
B12: 0.8 | C12: 7.7135 | D12: 16.67 | E12: 11.1017 | G12: 0.8 | H12: 11.7876 | I12: 16.67 | J12: 13.8556
B13: 0.9 | C13: 7.7135 | D13: 16.67 | E13: 11.1017 | G13: 0.9 | H13: 11.7876 | I13: 16.67 | J13: 13.8556
B14: 1 | C14: 7.7135 | D14: 16.67 | E14: 11.1017 | G14: 1 | H14: 11.7876 | I14: 16.67 | J14: 13.8556
D16: mac | I16: mac

Sheet average1-5
C2: 合流100m手前 | H2: 合流200m手前
B3: α | C3: vehicle0 | D3: vehicle1 | E3: all | G3: α | H3: vehicle0 | I3: vehicle1 | J3: all | M3: α | N3: 100m手前 | O3: 200m手前
B4: 0 | C4: =ROUND(AVERAGE(seed1!C4,seed2!C4,seed3!C4,seed4!C4,seed5!C4),4) -> 13.0301 | D4: =ROUND(AVERAGE(seed1!D4,seed2!D4,seed3!D4,seed4!D4,seed5!D4),4) -> 13.9836 | E4: =ROUND(AVERAGE(seed1!E4,seed2!E4,seed3!E4,seed4!E4,seed5!E4),4) -> 13.4313 | G4: 0 | H4: =ROUND(AVERAGE(seed1!H4,seed2!H4,seed3!H4,seed4!H4,seed5!H4),4) -> 15.5166 | I4: =ROUND(AVERAGE(seed1!I4,seed2!I4,seed3!I4,seed4!I4,seed5!I4),4) -> 14.046 | J4: =ROUND(AVERAGE(seed1!J4,seed2!J4,seed3!J4,seed4!J4,seed5!J4),4) -> 14.7942 | M4: 0 | N4: =E4 -> 13.4313 | O4: =J4 -> 14.7942
B5: 0.1 | C5: =ROUND(AVERAGE(seed1!C5,seed2!C5,seed3!C5,seed4!C5,seed5!C5),4) -> 12.9658 | D5: =ROUND(AVERAGE(seed1!D5,seed2!D5,seed3!D5,seed4!D5,seed5!D5),4) -> 14.2106 | E5: =ROUND(AVERAGE(seed1!E5,seed2!E5,seed3!E5,seed4!E5,seed5!E5),4) -> 13.5013 | G5: 0.1 | H5: =ROUND(AVERAGE(seed1!H5,seed2!H5,seed3!H5,seed4!H5,seed5!H5),4) -> 15.3471 | I5: =ROUND(AVERAGE(seed1!I5,seed2!I5,seed3!I5,seed4!I5,seed5!I5),4) -> 14.772 | J5: =ROUND(AVERAGE(seed1!J5,seed2!J5,seed3!J5,seed4!J5,seed5!J5),4) -> 15.0669 | M5: 0.1 | N5: =E5 -> 13.5013 | O5: =J5 -> 15.0669
B6: 0.2 | C6: =ROUND(AVERAGE(seed1!C6,seed2!C6,seed3!C6,seed4!C6,seed5!C6),4) -> 12.5709 | D6: =ROUND(AVERAGE(seed1!D6,seed2!D6,seed3!D6,seed4!D6,seed5!D6),4) -> 15.2223 | E6: =ROUND(AVERAGE(seed1!E6,seed2!E6,seed3!E6,seed4!E6,seed5!E6),4) -> 13.7465 | G6: 0.2 | H6: =ROUND(AVERAGE(seed1!H6,seed2!H6,seed3!H6,seed4!H6,seed5!H6),4) -> 15.168 | I6: =ROUND(AVERAGE(seed1!I6,seed2!I6,seed3!I6,seed4!I6,seed5!I6),4) -> 15.5754 | J6: =ROUND(AVERAGE(seed1!J6,seed2!J6,seed3!J6,seed4!J6,seed5!J6),4) -> 15.3602 | M6: 0.2 | N6: =E6 -> 13.7465 | O6: =J6 -> 15.3602
B7: 0.3 | C7: =ROUND(AVERAGE(seed1!C7,seed2!C7,seed3!C7,seed4!C7,seed5!C7),4) -> 11.6644 | D7: =ROUND(AVERAGE(seed1!D7,seed2!D7,seed3!D7,seed4!D7,seed5!D7),4) -> 16.1062 | E7: =ROUND(AVERAGE(seed1!E7,seed2!E7,seed3!E7,seed4!E7,seed5!E7),4) -> 13.62 | G7: 0.3 | H7: =ROUND(AVERAGE(seed1!H7,seed2!H7,seed3!H7,seed4!H7,seed5!H7),4) -> 14.7047 | I7: =ROUND(AVERAGE(seed1!I7,seed2!I7,seed3!I7,seed4!I7,seed5!I7),4) -> 15.9834 | J7: =ROUND(AVERAGE(seed1!J7,seed2!J7,seed3!J7,seed4!J7,seed5!J7),4) -> 15.3078 | M7: 0.3 | N7: =E7 -> 13.62 | O7: =J7 -> 15.3078
B8: 0.4 | C8: =ROUND(AVERAGE(seed1!C8,seed2!C8,seed3!C8,seed4!C8,seed5!C8),4) -> 11.6562 | D8: =ROUND(AVERAGE(seed1!D8,seed2!D8,seed3!D8,seed4!D8,seed5!D8),4) -> 16.2961 | E8: =ROUND(AVERAGE(seed1!E8,seed2!E8,seed3!E8,seed4!E8,seed5!E8),4) -> 13.7048 | G8: 0.4 | H8: =ROUND(AVERAGE(seed1!H8,seed2!H8,seed3!H8,seed4!H8,seed5!H8),4) -> 14.1304 | I8: =ROUND(AVERAGE(seed1!I8,seed2!I8,seed3!I8,seed4!I8,seed5!I8),4) -> 16.3963 | J8: =ROUND(AVERAGE(seed1!J8,seed2!J8,seed3!J8,seed4!J8,seed5!J8),4) -> 15.1758 | M8: 0.4 | N8: =E8 -> 13.7048 | O8: =J8 -> 15.1758
B9: 0.5 | C9: =ROUND(AVERAGE(seed1!C9,seed2!C9,seed3!C9,seed4!C9,seed5!C9),4) -> 9.7241 | D9: =ROUND(AVERAGE(seed1!D9,seed2!D9,seed3!D9,seed4!D9,seed5!D9),4) -> 16.619 | E9: =ROUND(AVERAGE(seed1!E9,seed2!E9,seed3!E9,seed4!E9,seed5!E9),4) -> 12.6315 | G9: 0.5 | H9: =ROUND(AVERAGE(seed1!H9,seed2!H9,seed3!H9,seed4!H9,seed5!H9),4) -> 12.5941 | I9: =ROUND(AVERAGE(seed1!I9,seed2!I9,seed3!I9,seed4!I9,seed5!I9),4) -> 16.6205 | J9: =ROUND(AVERAGE(seed1!J9,seed2!J9,seed3!J9,seed4!J9,seed5!J9),4) -> 14.3966 | M9: 0.5 | N9: =E9 -> 12.6315 | O9: =J9 -> 14.3966
B10: 0.6 | C10: =ROUND(AVERAGE(seed1!C10,seed2!C10,seed3!C10,seed4!C10,seed5!C10),4) -> 9.4941 | D10: =ROUND(AVERAGE(seed1!D10,seed2!D10,seed3!D10,seed4!D10,seed5!D10),4) -> 16.6283 | E10: =ROUND(AVERAGE(seed1!E10,seed2!E10,seed3!E10,seed4!E10,seed5!E10),4) -> 12.4735 | G10: 0.6 | H10: =ROUND(AVERAGE(seed1!H10,seed2!H10,seed3!H10,seed4!H10,seed5!H10),4) -> 12.3165 | I10: =ROUND(AVERAGE(seed1!I10,seed2!I10,seed3!I10,seed4!I10,seed5!I10),4) -> 16.6599 | J10: =ROUND(AVERAGE(seed1!J10,seed2!J10,seed3!J10,seed4!J10,seed5!J10),4) -> 14.2441 | M10: 0.6 | N10: =E10 -> 12.4735 | O10: =J10 -> 14.2441
B11: 0.7 | C11: =ROUND(AVERAGE(seed1!C11,seed2!C11,seed3!C11,seed4!C11,seed5!C11),4) -> 9.0354 | D11: =ROUND(AVERAGE(seed1!D11,seed2!D11,seed3!D11,seed4!D11,seed5!D11),4) -> 16.6383 | E11: =ROUND(AVERAGE(seed1!E11,seed2!E11,seed3!E11,seed4!E11,seed5!E11),4) -> 12.1677 | G11: 0.7 | H11: =ROUND(AVERAGE(seed1!H11,seed2!H11,seed3!H11,seed4!H11,seed5!H11),4) -> 12.2862 | I11: =ROUND(AVERAGE(seed1!I11,seed2!I11,seed3!I11,seed4!I11,seed5!I11),4) -> 16.67 | J11: =ROUND(AVERAGE(seed1!J11,seed2!J11,seed3!J11,seed4!J11,seed5!J11),4) -> 14.2312 | M11: 0.7 | N11: =E11 -> 12.1677 | O11: =J11 -> 14.2312
B12: 0.8 | C12: =ROUND(AVERAGE(seed1!C12,seed2!C12,seed3!C12,seed4!C12,seed5!C12),4) -> 9.0354 | D12: =ROUND(AVERAGE(seed1!D12,seed2!D12,seed3!D12,seed4!D12,seed5!D12),4) -> 16.6383 | E12: =ROUND(AVERAGE(seed1!E12,seed2!E12,seed3!E12,seed4!E12,seed5!E12),4) -> 12.1677 | G12: 0.8 | H12: =ROUND(AVERAGE(seed1!H12,seed2!H12,seed3!H12,seed4!H12,seed5!H12),4) -> 12.2862 | I12: =ROUND(AVERAGE(seed1!I12,seed2!I12,seed3!I12,seed4!I12,seed5!I12),4) -> 16.67 | J12: =ROUND(AVERAGE(seed1!J12,seed2!J12,seed3!J12,seed4!J12,seed5!J12),4) -> 14.2312 | M12: 0.8 | N12: =E12 -> 12.1677 | O12: =J12 -> 14.2312
B13: 0.9 | C13: =ROUND(AVERAGE(seed1!C13,seed2!C13,seed3!C13,seed4!C13,seed5!C13),4) -> 9.0354 | D13: =ROUND(AVERAGE(seed1!D13,seed2!D13,seed3!D13,seed4!D13,seed5!D13),4) -> 16.6383 | E13: =ROUND(AVERAGE(seed1!E13,seed2!E13,seed3!E13,seed4!E13,seed5!E13),4) -> 12.1677 | G13: 0.9 | H13: =ROUND(AVERAGE(seed1!H13,seed2!H13,seed3!H13,seed4!H13,seed5!H13),4) -> 12.2862 | I13: =ROUND(AVERAGE(seed1!I13,seed2!I13,seed3!I13,seed4!I13,seed5!I13),4) -> 16.67 | J13: =ROUND(AVERAGE(seed1!J13,seed2!J13,seed3!J13,seed4!J13,seed5!J13),4) -> 14.2312 | M13: 0.9 | N13: =E13 -> 12.1677 | O13: =J13 -> 14.2312
B14: 1 | C14: =ROUND(AVERAGE(seed1!C14,seed2!C14,seed3!C14,seed4!C14,seed5!C14),4) -> 9.0354 | D14: =ROUND(AVERAGE(seed1!D14,seed2!D14,seed3!D14,seed4!D14,seed5!D14),4) -> 16.6383 | E14: =ROUND(AVERAGE(seed1!E14,seed2!E14,seed3!E14,seed4!E14,seed5!E14),4) -> 12.1677 | G14: 1 | H14: =ROUND(AVERAGE(seed1!H14,seed2!H14,seed3!H14,seed4!H14,seed5!H14),4) -> 12.2862 | I14: =ROUND(AVERAGE(seed1!I14,seed2!I14,seed3!I14,seed4!I14,seed5!I14),4) -> 16.67 | J14: =ROUND(AVERAGE(seed1!J14,seed2!J14,seed3!J14,seed4!J14,seed5!J14),4) -> 14.2312 | M14: 1 | N14: =E14 -> 12.1677 | O14: =J14 -> 14.2312

Sheet seed6
C2: 合流100m手前 | H2: 合流200m手前
B3: α | C3: vehicle0 | D3: vehicle1 | E3: all | G3: α | H3: vehicle0 | I3: vehicle1 | J3: all
B4: 0 | C4: 12.0746 | D4: 12.8567 | E4: 12.4363 | G4: 0 | H4: 11.5948 | I4: 11.8484 | J4: 11.7096
B5: 0.1 | C5: 11.983 | D5: 13.0432 | E5: 12.4734 | G5: 0.1 | H5: 11.4417 | I5: 13.4132 | J5: 12.3215
B6: 0.2 | C6: 9.8214 | D6: 15.0769 | E6: 12.0663 | G6: 0.2 | H6: 11.651 | I6: 14.7829 | J6: 12.9796
B7: 0.3 | C7: 10.4717 | D7: 15.375 | E7: 12.5742 | G7: 0.3 | H7: 11.7488 | I7: 15.924 | J7: 13.5135
B8: 0.4 | C8: 10.9898 | D8: 16.4374 | E8: 13.2434 | G8: 0.4 | H8: 10.9223 | I8: 16.4209 | J8: 13.1415
B9: 0.5 | C9: 7.9197 | D9: 16.6649 | E9: 11.2295 | G9: 0.5 | H9: 10.8471 | I9: 16.5953 | J9: 13.1426
B10: 0.6 | C10: 7.9197 | D10: 16.6649 | E10: 11.2295 | G10: 0.6 | H10: 10.8243 | I10: 16.5818 | J10: 13.1236
B11: 0.7 | C11: 7.9197 | D11: 16.6649 | E11: 11.2295 | G11: 0.7 | H11: 10.8243 | I11: 16.5818 | J11: 13.1236
B12: 0.8 | C12: 7.9197 | D12: 16.6649 | E12: 11.2295 | G12: 0.8 | H12: 10.6152 | I12: 16.67 | J12: 13.0332
B13: 0.9 | C13: 7.9197 | D13: 16.6649 | E13: 11.2295 | G13: 0.9 | H13: 10.6152 | I13: 16.67 | J13: 13.0332
B14: 1 | C14: 7.9197 | D14: 16.6649 | E14: 11.2295 | G14: 1 | H14: 10.6152 | I14: 16.67 | J14: 13.0332
D16: mac | I16: mac

Sheet seed7
C2: 合流100m手前 | H2: 合流200m手前
B3: α | C3: vehicle0 | D3: vehicle1 | E3: all | G3: α | H3: vehicle0 | I3: vehicle1 | J3: all
B4: 0 | C4: 12.9194 | D4: 11.3866 | E4: 12.1189 | G4: 0 | H4: 13.6087 | I4: 13.573 | J4: 13.5901
B5: 0.1 | C5: 12.1211 | D5: 12.3275 | E5: 12.2282 | G5: 0.1 | H5: 13.4705 | I5: 13.1496 | J5: 13.3053
B6: 0.2 | C6: 10.8372 | D6: 14.6644 | E6: 12.7202 | G6: 0.2 | H6: 13.1367 | I6: 15.8948 | J6: 14.4383
B7: 0.3 | C7: 9.3767 | D7: 15.9131 | E7: 12.2894 | G7: 0.3 | H7: 12.4991 | I7: 16.0649 | J7: 14.1683
B8: 0.4 | C8: 7.7124 | D8: 16.6401 | E8: 11.3916 | G8: 0.4 | H8: 10.717 | I8: 16.3494 | J8: 13.2069
B9: 0.5 | C9: 7.7124 | D9: 16.6401 | E9: 11.3916 | G9: 0.5 | H9: 10.6632 | I9: 16.5312 | J9: 13.2573
B10: 0.6 | C10: 7.7124 | D10: 16.6401 | E10: 11.3916 | G10: 0.6 | H10: 10.1142 | I10: 16.4953 | J10: 12.8833
B11: 0.7 | C11: 7.7124 | D11: 16.6401 | E11: 11.3916 | G11: 0.7 | H11: 9.8783 | I11: 16.67 | J11: 12.8256
B12: 0.8 | C12: 7.7124 | D12: 16.6401 | E12: 11.3916 | G12: 0.8 | H12: 9.8783 | I12: 16.67 | J12: 12.8256
B13: 0.9 | C13: 7.7124 | D13: 16.6401 | E13: 11.3916 | G13: 0.9 | H13: 9.8783 | I13: 16.67 | J13: 12.8256
B14: 1 | C14: 7.7124 | D14: 16.6401 | E14: 11.3916 | G14: 1 | H14: 9.8783 | I14: 16.67 | J14: 12.8256
D16: mac | I16: mac

Sheet seed8
C2: 合流100m手前 | H2: 合流200m手前
B3: α | C3: vehicle0 | D3: vehicle1 | E3: all | G3: α | H3: vehicle0 | I3: vehicle1 | J3: all
B4: 0 | C4: 13.406 | D4: 13.807 | E4: 13.6102 | G4: 0 | H4: 15.5361 | I4: 15.7677 | J4: 15.6527
B5: 0.1 | C5: 13.3988 | D5: 13.8146 | E5: 13.6106 | G5: 0.1 | H5: 14.9161 | I5: 15.7293 | J5: 15.3227
B6: 0.2 | C6: 12.1944 | D6: 15.6127 | E6: 13.8386 | G6: 0.2 | H6: 14.0189 | I6: 16.4194 | J6: 15.1703
B7: 0.3 | C7: 11.2198 | D7: 16.1871 | E7: 13.51 | G7: 0.3 | H7: 15.6473 | I7: 16.2887 | J7: 15.9661
B8: 0.4 | C8: 11.0955 | D8: 16.5334 | E8: 13.5504 | G8: 0.4 | H8: 12.885 | I8: 16.666 | J8: 14.6365
B9: 0.5 | C9: 11.0328 | D9: 16.5324 | E9: 13.5124 | G9: 0.5 | H9: 12.4654 | I9: 16.6679 | J9: 14.4095
B10: 0.6 | C10: 9.0913 | D10: 16.67 | E10: 12.3091 | G10: 0.6 | H10: 12.9533 | I10: 16.666 | J10: 14.6766
B11: 0.7 | C11: 9.0913 | D11: 16.67 | E11: 12.3091 | G11: 0.7 | H11: 12.9984 | I11: 16.6659 | J11: 14.703
B12: 0.8 | C12: 9.0913 | D12: 16.67 | E12: 12.3091 | G12: 0.8 | H12: 13.0008 | I12: 16.67 | J12: 14.7059
B13: 0.9 | C13: 9.0913 | D13: 16.67 | E13: 12.3091 | G13: 0.9 | H13: 13.0008 | I13: 16.67 | J13: 14.7059
B14: 1 | C14: 9.0913 | D14: 16.67 | E14: 12.3091 | G14: 1 | H14: 13.0008 | I14: 16.67 | J14: 14.7059
D16: mac | I16: mac

Sheet seed9
C2: 合流100m手前 | H2: 合流200m手前
B3: α | C3: vehicle0 | D3: vehicle1 | E3: all | G3: α | H3: vehicle0 | I3: vehicle1 | J3: all
B4: 0 | C4: 12.631 | D4: 14.4865 | E4: 13.4736 | G4: 0 | H4: 14.6022 | I4: 13.301 | J4: 13.9709
B5: 0.1 | C5: 12.631 | D5: 14.4865 | E5: 13.4736 | G5: 0.1 | H5: 14.5436 | I5: 13.4347 | J5: 14.0056
B6: 0.2 | C6: 11.9938 | D6: 15.0418 | E6: 13.3779 | G6: 0.2 | H6: 13.9937 | I6: 14.8865 | J6: 14.4148
B7: 0.3 | C7: 12.229 | D7: 14.0696 | E7: 13.0404 | G7: 0.3 | H7: 15.1658 | I7: 15.1629 | J7: 15.1644
B8: 0.4 | C8: 11.7595 | D8: 16.4102 | E8: 13.7266 | G8: 0.4 | H8: 13.4078 | I8: 16.1232 | J8: 14.6229
B9: 0.5 | C9: 9.286 | D9: 16.5885 | E9: 12.1634 | G9: 0.5 | H9: 12.105 | I9: 16.5973 | J9: 13.9866
B10: 0.6 | C10: 7.2513 | D10: 16.4197 | E10: 10.5974 | G10: 0.6 | H10: 12.0417 | I10: 16.67 | J10: 13.9693
B11: 0.7 | C11: 7.2513 | D11: 16.4197 | E11: 10.5974 | G11: 0.7 | H11: 12.0417 | I11: 16.67 | J11: 13.9693
B12: 0.8 | C12: 7.2513 | D12: 16.4197 | E12: 10.5974 | G12: 0.8 | H12: 12.0417 | I12: 16.67 | J12: 13.9693
B13: 0.9 | C13: 7.2513 | D13: 16.4197 | E13: 10.5974 | G13: 0.9 | H13: 12.0417 | I13: 16.67 | J13: 13.9693
B14: 1 | C14: 7.2513 | D14: 16.4197 | E14: 10.5974 | G14: 1 | H14: 12.0417 | I14: 16.67 | J14: 13.9693
D16: mac | I16: mac

Sheet seed10
C2: 合流100m手前 | H2: 合流200m手前
B3: α | C3: vehicle0 | D3: vehicle1 | E3: all | G3: α | H3: vehicle0 | I3: vehicle1 | J3: all
B4: 0 | C4: 12.4469 | D4: 10.165 | E4: 11.3171 | G4: 0 | H4: 11.9406 | I4: 11.9671 | J4: 11.9531
B5: 0.1 | C5: 12.0421 | D5: 10.6447 | E5: 11.3502 | G5: 0.1 | H5: 13.3506 | I5: 13.3183 | J5: 13.3355
B6: 0.2 | C6: 9.0967 | D6: 16.2325 | E6: 11.9756 | G6: 0.2 | H6: 12.27 | I6: 16.1973 | J6: 13.9688
B7: 0.3 | C7: 9.0967 | D7: 16.2325 | E7: 11.9756 | G7: 0.3 | H7: 12.3586 | I7: 16.3881 | J7: 14.0962
B8: 0.4 | C8: 7.391 | D8: 16.67 | E8: 10.881 | G8: 0.4 | H8: 11.3519 | I8: 16.288 | J8: 13.4119
B9: 0.5 | C9: 7.391 | D9: 16.67 | E9: 10.881 | G9: 0.5 | H9: 10.3764 | I9: 16.4746 | J9: 12.8209
B10: 0.6 | C10: 7.391 | D10: 16.67 | E10: 10.881 | G10: 0.6 | H10: 10.1479 | I10: 16.6279 | J10: 12.7455
B11: 0.7 | C11: 7.391 | D11: 16.67 | E11: 10.881 | G11: 0.7 | H11: 10.1493 | I11: 16.6248 | J11: 12.7464
B12: 0.8 | C12: 7.391 | D12: 16.67 | E12: 10.881 | G12: 0.8 | H12: 10.134 | I12: 16.67 | J12: 12.7557
B13: 0.9 | C13: 7.391 | D13: 16.67 | E13: 10.881 | G13: 0.9 | H13: 10.134 | I13: 16.67 | J13: 12.7557
B14: 1 | C14: 7.391 | D14: 16.67 | E14: 10.881 | G14: 1 | H14: 10.134 | I14: 16.67 | J14: 12.7557
D16: mac | I16: mac

Sheet average
C2: 合流100m手前 | H2: 合流200m手前
B3: α | C3: vehicle0 | D3: vehicle1 | E3: all | G3: α | H3: vehicle0 | I3: vehicle1 | J3: all | M3: α | N3: 100m手前 | O3: 200m手前
B4: 0 | C4: =ROUND(AVERAGE(seed1!C4,seed2!C4,seed3!C4,seed4!C4,seed5!C4,seed6!C4,seed7!C4,seed8!C4,seed9!C4,seed10!C4),4) -> 12.8629 | D4: =ROUND(AVERAGE(seed1!D4,seed2!D4,seed3!D4,seed4!D4,seed5!D4,seed6!D4,seed7!D4,seed8!D4,seed9!D4,seed10!D4),4) -> 13.262 | E4: =ROUND(AVERAGE(seed1!E4,seed2!E4,seed3!E4,seed4!E4,seed5!E4,seed6!E4,seed7!E4,seed8!E4,seed9!E4,seed10!E4),4) -> 13.0113 | G4: 0 | H4: =ROUND(AVERAGE(seed1!H4,seed2!H4,seed3!H4,seed4!H4,seed5!H4,seed6!H4,seed7!H4,seed8!H4,seed9!H4,seed10!H4),4) -> 14.4865 | I4: =ROUND(AVERAGE(seed1!I4,seed2!I4,seed3!I4,seed4!I4,seed5!I4,seed6!I4,seed7!I4,seed8!I4,seed9!I4,seed10!I4),4) -> 13.6687 | J4: =ROUND(AVERAGE(seed1!J4,seed2!J4,seed3!J4,seed4!J4,seed5!J4,seed6!J4,seed7!J4,seed8!J4,seed9!J4,seed10!J4),4) -> 14.0848 | M4: 0 | N4: =E4 -> 13.0113 | O4: =J4 -> 14.0848
B5: 0.1 | C5: =ROUND(AVERAGE(seed1!C5,seed2!C5,seed3!C5,seed4!C5,seed5!C5,seed6!C5,seed7!C5,seed8!C5,seed9!C5,seed10!C5),4) -> 12.7005 | D5: =ROUND(AVERAGE(seed1!D5,seed2!D5,seed3!D5,seed4!D5,seed5!D5,seed6!D5,seed7!D5,seed8!D5,seed9!D5,seed10!D5),4) -> 13.5369 | E5: =ROUND(AVERAGE(seed1!E5,seed2!E5,seed3!E5,seed4!E5,seed5!E5,seed6!E5,seed7!E5,seed8!E5,seed9!E5,seed10!E5),4) -> 13.0643 | G5: 0.1 | H5: =ROUND(AVERAGE(seed1!H5,seed2!H5,seed3!H5,seed4!H5,seed5!H5,seed6!H5,seed7!H5,seed8!H5,seed9!H5,seed10!H5),4) -> 14.4458 | I5: =ROUND(AVERAGE(seed1!I5,seed2!I5,seed3!I5,seed4!I5,seed5!I5,seed6!I5,seed7!I5,seed8!I5,seed9!I5,seed10!I5),4) -> 14.2905 | J5: =ROUND(AVERAGE(seed1!J5,seed2!J5,seed3!J5,seed4!J5,seed5!J5,seed6!J5,seed7!J5,seed8!J5,seed9!J5,seed10!J5),4) -> 14.3625 | M5: 0.1 | N5: =E5 -> 13.0643 | O5: =J5 -> 14.3625
B6: 0.2 | C6: =ROUND(AVERAGE(seed1!C6,seed2!C6,seed3!C6,seed4!C6,seed5!C6,seed6!C6,seed7!C6,seed8!C6,seed9!C6,seed10!C6),4) -> 11.6798 | D6: =ROUND(AVERAGE(seed1!D6,seed2!D6,seed3!D6,seed4!D6,seed5!D6,seed6!D6,seed7!D6,seed8!D6,seed9!D6,seed10!D6),4) -> 15.274 | E6: =ROUND(AVERAGE(seed1!E6,seed2!E6,seed3!E6,seed4!E6,seed5!E6,seed6!E6,seed7!E6,seed8!E6,seed9!E6,seed10!E6),4) -> 13.2711 | G6: 0.2 | H6: =ROUND(AVERAGE(seed1!H6,seed2!H6,seed3!H6,seed4!H6,seed5!H6,seed6!H6,seed7!H6,seed8!H6,seed9!H6,seed10!H6),4) -> 14.091 | I6: =ROUND(AVERAGE(seed1!I6,seed2!I6,seed3!I6,seed4!I6,seed5!I6,seed6!I6,seed7!I6,seed8!I6,seed9!I6,seed10!I6),4) -> 15.6058 | J6: =ROUND(AVERAGE(seed1!J6,seed2!J6,seed3!J6,seed4!J6,seed5!J6,seed6!J6,seed7!J6,seed8!J6,seed9!J6,seed10!J6),4) -> 14.7773 | M6: 0.2 | N6: =E6 -> 13.2711 | O6: =J6 -> 14.7773
B7: 0.3 | C7: =ROUND(AVERAGE(seed1!C7,seed2!C7,seed3!C7,seed4!C7,seed5!C7,seed6!C7,seed7!C7,seed8!C7,seed9!C7,seed10!C7),4) -> 11.0716 | D7: =ROUND(AVERAGE(seed1!D7,seed2!D7,seed3!D7,seed4!D7,seed5!D7,seed6!D7,seed7!D7,seed8!D7,seed9!D7,seed10!D7),4) -> 15.8308 | E7: =ROUND(AVERAGE(seed1!E7,seed2!E7,seed3!E7,seed4!E7,seed5!E7,seed6!E7,seed7!E7,seed8!E7,seed9!E7,seed10!E7),4) -> 13.149 | G7: 0.3 | H7: =ROUND(AVERAGE(seed1!H7,seed2!H7,seed3!H7,seed4!H7,seed5!H7,seed6!H7,seed7!H7,seed8!H7,seed9!H7,seed10!H7),4) -> 14.0943 | I7: =ROUND(AVERAGE(seed1!I7,seed2!I7,seed3!I7,seed4!I7,seed5!I7,seed6!I7,seed7!I7,seed8!I7,seed9!I7,seed10!I7),4) -> 15.9746 | J7: =ROUND(AVERAGE(seed1!J7,seed2!J7,seed3!J7,seed4!J7,seed5!J7,seed6!J7,seed7!J7,seed8!J7,seed9!J7,seed10!J7),4) -> 14.9448 | M7: 0.3 | N7: =E7 -> 13.149 | O7: =J7 -> 14.9448
B8: 0.4 | C8: =ROUND(AVERAGE(seed1!C8,seed2!C8,seed3!C8,seed4!C8,seed5!C8,seed6!C8,seed7!C8,seed8!C8,seed9!C8,seed10!C8),4) -> 10.7229 | D8: =ROUND(AVERAGE(seed1!D8,seed2!D8,seed3!D8,seed4!D8,seed5!D8,seed6!D8,seed7!D8,seed8!D8,seed9!D8,seed10!D8),4) -> 16.4171 | E8: =ROUND(AVERAGE(seed1!E8,seed2!E8,seed3!E8,seed4!E8,seed5!E8,seed6!E8,seed7!E8,seed8!E8,seed9!E8,seed10!E8),4) -> 13.1317 | G8: 0.4 | H8: =ROUND(AVERAGE(seed1!H8,seed2!H8,seed3!H8,seed4!H8,seed5!H8,seed6!H8,seed7!H8,seed8!H8,seed9!H8,seed10!H8),4) -> 12.9936 | I8: =ROUND(AVERAGE(seed1!I8,seed2!I8,seed3!I8,seed4!I8,seed5!I8,seed6!I8,seed7!I8,seed8!I8,seed9!I8,seed10!I8),4) -> 16.3829 | J8: =ROUND(AVERAGE(seed1!J8,seed2!J8,seed3!J8,seed4!J8,seed5!J8,seed6!J8,seed7!J8,seed8!J8,seed9!J8,seed10!J8),4) -> 14.4899 | M8: 0.4 | N8: =E8 -> 13.1317 | O8: =J8 -> 14.4899
B9: 0.5 | C9: =ROUND(AVERAGE(seed1!C9,seed2!C9,seed3!C9,seed4!C9,seed5!C9,seed6!C9,seed7!C9,seed8!C9,seed9!C9,seed10!C9),4) -> 9.1962 | D9: =ROUND(AVERAGE(seed1!D9,seed2!D9,seed3!D9,seed4!D9,seed5!D9,seed6!D9,seed7!D9,seed8!D9,seed9!D9,seed10!D9),4) -> 16.6191 | E9: =ROUND(AVERAGE(seed1!E9,seed2!E9,seed3!E9,seed4!E9,seed5!E9,seed6!E9,seed7!E9,seed8!E9,seed9!E9,seed10!E9),4) -> 12.2335 | G9: 0.5 | H9: =ROUND(AVERAGE(seed1!H9,seed2!H9,seed3!H9,seed4!H9,seed5!H9,seed6!H9,seed7!H9,seed8!H9,seed9!H9,seed10!H9),4) -> 11.9427 | I9: =ROUND(AVERAGE(seed1!I9,seed2!I9,seed3!I9,seed4!I9,seed5!I9,seed6!I9,seed7!I9,seed8!I9,seed9!I9,seed10!I9),4) -> 16.5969 | J9: =ROUND(AVERAGE(seed1!J9,seed2!J9,seed3!J9,seed4!J9,seed5!J9,seed6!J9,seed7!J9,seed8!J9,seed9!J9,seed10!J9),4) -> 13.96 | M9: 0.5 | N9: =E9 -> 12.2335 | O9: =J9 -> 13.96
B10: 0.6 | C10: =ROUND(AVERAGE(seed1!C10,seed2!C10,seed3!C10,seed4!C10,seed5!C10,seed6!C10,seed7!C10,seed8!C10,seed9!C10,seed10!C10),4) -> 8.6836 | D10: =ROUND(AVERAGE(seed1!D10,seed2!D10,seed3!D10,seed4!D10,seed5!D10,seed6!D10,seed7!D10,seed8!D10,seed9!D10,seed10!D10),4) -> 16.6206 | E10: =ROUND(AVERAGE(seed1!E10,seed2!E10,seed3!E10,seed4!E10,seed5!E10,seed6!E10,seed7!E10,seed8!E10,seed9!E10,seed10!E10),4) -> 11.8776 | G10: 0.6 | H10: =ROUND(AVERAGE(seed1!H10,seed2!H10,seed3!H10,seed4!H10,seed5!H10,seed6!H10,seed7!H10,seed8!H10,seed9!H10,seed10!H10),4) -> 11.7664 | I10: =ROUND(AVERAGE(seed1!I10,seed2!I10,seed3!I10,seed4!I10,seed5!I10,seed6!I10,seed7!I10,seed8!I10,seed9!I10,seed10!I10),4) -> 16.634 | J10: =ROUND(AVERAGE(seed1!J10,seed2!J10,seed3!J10,seed4!J10,seed5!J10,seed6!J10,seed7!J10,seed8!J10,seed9!J10,seed10!J10),4) -> 13.8619 | M10: 0.6 | N10: =E10 -> 11.8776 | O10: =J10 -> 13.8619
B11: 0.7 | C11: =ROUND(AVERAGE(seed1!C11,seed2!C11,seed3!C11,seed4!C11,seed5!C11,seed6!C11,seed7!C11,seed8!C11,seed9!C11,seed10!C11),4) -> 8.4543 | D11: =ROUND(AVERAGE(seed1!D11,seed2!D11,seed3!D11,seed4!D11,seed5!D11,seed6!D11,seed7!D11,seed8!D11,seed9!D11,seed10!D11),4) -> 16.6256 | E11: =ROUND(AVERAGE(seed1!E11,seed2!E11,seed3!E11,seed4!E11,seed5!E11,seed6!E11,seed7!E11,seed8!E11,seed9!E11,seed10!E11),4) -> 11.7247 | G11: 0.7 | H11: =ROUND(AVERAGE(seed1!H11,seed2!H11,seed3!H11,seed4!H11,seed5!H11,seed6!H11,seed7!H11,seed8!H11,seed9!H11,seed10!H11),4) -> 11.7323 | I11: =ROUND(AVERAGE(seed1!I11,seed2!I11,seed3!I11,seed4!I11,seed5!I11,seed6!I11,seed7!I11,seed8!I11,seed9!I11,seed10!I11),4) -> 16.6563 | J11: =ROUND(AVERAGE(seed1!J11,seed2!J11,seed3!J11,seed4!J11,seed5!J11,seed6!J11,seed7!J11,seed8!J11,seed9!J11,seed10!J11),4) -> 13.8524 | M11: 0.7 | N11: =E11 -> 11.7247 | O11: =J11 -> 13.8524
B12: 0.8 | C12: =ROUND(AVERAGE(seed1!C12,seed2!C12,seed3!C12,seed4!C12,seed5!C12,seed6!C12,seed7!C12,seed8!C12,seed9!C12,seed10!C12),4) -> 8.4543 | D12: =ROUND(AVERAGE(seed1!D12,seed2!D12,seed3!D12,seed4!D12,seed5!D12,seed6!D12,seed7!D12,seed8!D12,seed9!D12,seed10!D12),4) -> 16.6256 | E12: =ROUND(AVERAGE(seed1!E12,seed2!E12,seed3!E12,seed4!E12,seed5!E12,seed6!E12,seed7!E12,seed8!E12,seed9!E12,seed10!E12),4) -> 11.7247 | G12: 0.8 | H12: =ROUND(AVERAGE(seed1!H12,seed2!H12,seed3!H12,seed4!H12,seed5!H12,seed6!H12,seed7!H12,seed8!H12,seed9!H12,seed10!H12),4) -> 11.7101 | I12: =ROUND(AVERAGE(seed1!I12,seed2!I12,seed3!I12,seed4!I12,seed5!I12,seed6!I12,seed7!I12,seed8!I12,seed9!I12,seed10!I12),4) -> 16.67 | J12: =ROUND(AVERAGE(seed1!J12,seed2!J12,seed3!J12,seed4!J12,seed5!J12,seed6!J12,seed7!J12,seed8!J12,seed9!J12,seed10!J12),4) -> 13.8446 | M12: 0.8 | N12: =E12 -> 11.7247 | O12: =J12 -> 13.8446
B13: 0.9 | C13: =ROUND(AVERAGE(seed1!C13,seed2!C13,seed3!C13,seed4!C13,seed5!C13,seed6!C13,seed7!C13,seed8!C13,seed9!C13,seed10!C13),4) -> 8.4543 | D13: =ROUND(AVERAGE(seed1!D13,seed2!D13,seed3!D13,seed4!D13,seed5!D13,seed6!D13,seed7!D13,seed8!D13,seed9!D13,seed10!D13),4) -> 16.6256 | E13: =ROUND(AVERAGE(seed1!E13,seed2!E13,seed3!E13,seed4!E13,seed5!E13,seed6!E13,seed7!E13,seed8!E13,seed9!E13,seed10!E13),4) -> 11.7247 | G13: 0.9 | H13: =ROUND(AVERAGE(seed1!H13,seed2!H13,seed3!H13,seed4!H13,seed5!H13,seed6!H13,seed7!H13,seed8!H13,seed9!H13,seed10!H13),4) -> 11.7101 | I13: =ROUND(AVERAGE(seed1!I13,seed2!I13,seed3!I13,seed4!I13,seed5!I13,seed6!I13,seed7!I13,seed8!I13,seed9!I13,seed10!I13),4) -> 16.67 | J13: =ROUND(AVERAGE(seed1!J13,seed2!J13,seed3!J13,seed4!J13,seed5!J13,seed6!J13,seed7!J13,seed8!J13,seed9!J13,seed10!J13),4) -> 13.8446 | M13: 0.9 | N13: =E13 -> 11.7247 | O13: =J13 -> 13.8446
B14: 1 | C14: =ROUND(AVERAGE(seed1!C14,seed2!C14,seed3!C14,seed4!C14,seed5!C14,seed6!C14,seed7!C14,seed8!C14,seed9!C14,seed10!C14),4) -> 8.4543 | D14: =ROUND(AVERAGE(seed1!D14,seed2!D14,seed3!D14,seed4!D14,seed5!D14,seed6!D14,seed7!D14,seed8!D14,seed9!D14,seed10!D14),4) -> 16.6256 | E14: =ROUND(AVERAGE(seed1!E14,seed2!E14,seed3!E14,seed4!E14,seed5!E14,seed6!E14,seed7!E14,seed8!E14,seed9!E14,seed10!E14),4) -> 11.7247 | G14: 1 | H14: =ROUND(AVERAGE(seed1!H14,seed2!H14,seed3!H14,seed4!H14,seed5!H14,seed6!H14,seed7!H14,seed8!H14,seed9!H14,seed10!H14),4) -> 11.7101 | I14: =ROUND(AVERAGE(seed1!I14,seed2!I14,seed3!I14,seed4!I14,seed5!I14,seed6!I14,seed7!I14,seed8!I14,seed9!I14,seed10!I14),4) -> 16.67 | J14: =ROUND(AVERAGE(seed1!J14,seed2!J14,seed3!J14,seed4!J14,seed5!J14,seed6!J14,seed7!J14,seed8!J14,seed9!J14,seed10!J14),4) -> 13.8446 | M14: 1 | N14: =E14 -> 11.7247 | O14: =J14 -> 13.8446
