Workbook

Sheet seed1
C2: 合流200m手前（後続全て） | E2: 1000/1000 | H2: 合流200m手前（後続全て） | J2: 750/750
B3: α | C3: vehicle0 | D3: vehicle1 | E3: all | G3: α | H3: vehicle0 | I3: vehicle1 | J3: all
B4: 0 | C4: 14.7242 | D4: 13.2237 | E4: 13.9828 | G4: 0 | H4: 16.4271 | I4: 16.6011 | J4: 16.5083
B5: 0.1 | C5: 14.7242 | D5: 13.2237 | E5: 13.9828 | G5: 0.1 | H5: 16.4271 | I5: 16.6011 | J5: 16.5083
B6: 0.2 | C6: 14.7242 | D6: 13.2237 | E6: 13.9828 | G6: 0.2 | H6: 16.4271 | I6: 16.6011 | J6: 16.5083
B7: 0.3 | C7: 14.7233 | D7: 13.2269 | E7: 13.984 | G7: 0.3 | H7: 16.4271 | I7: 16.6011 | J7: 16.5083
B8: 0.4 | C8: 14.7233 | D8: 13.2269 | E8: 13.984 | G8: 0.4 | H8: 16.4271 | I8: 16.6011 | J8: 16.5083
B9: 0.5 | C9: 14.4061 | D9: 13.6768 | E9: 14.0458 | G9: 0.5 | H9: 16.4271 | I9: 16.6011 | J9: 16.5083
B10: 0.6 | C10: 14.235 | D10: 15.173 | E10: 14.6927 | G10: 0.6 | H10: 16.4271 | I10: 16.6011 | J10: 16.5083
B11: 0.7 | C11: 13.3844 | D11: 16.2527 | E11: 14.7117 | G11: 0.7 | H11: 16.389 | I11: 16.67 | J11: 16.5202
B12: 0.8 | C12: 10.9337 | D12: 16.67 | E12: 13.4037 | G12: 0.8 | H12: 16.389 | I12: 16.67 | J12: 16.5202
B13: 0.9 | C13: 10.9337 | D13: 16.67 | E13: 13.4037 | G13: 0.9 | H13: 16.389 | I13: 16.67 | J13: 16.5202
B14: 1 | C14: 10.9337 | D14: 16.67 | E14: 13.4037 | G14: 1 | H14: 16.389 | I14: 16.67 | J14: 16.5202
D16: excel7 | I16: hpc
C18: 合流200m手前（後続全て） | E18: 1250/750 | H18: 合流200m手前（後続全て） | J18: 750/1250
B19: α | C19: vehicle0 | D19: vehicle1 | E19: all | G19: α | H19: vehicle0 | I19: vehicle1 | J19: all
B20: 0 | C20: 11.6867 | D20: 12.6771 | E20: 12.0491 | G20: 0 | H20: 14.8982 | I20: 13.2539 | J20: 13.8633
B21: 0.1 | C21: 11.6867 | D21: 12.6771 | E21: 12.0491 | G21: 0.1 | H21: 14.8982 | I21: 13.2539 | J21: 13.8633
B22: 0.2 | C22: 11.6867 | D22: 12.6771 | E22: 12.0491 | G22: 0.2 | H22: 14.8982 | I22: 13.2539 | J22: 13.8633
B23: 0.3 | C23: 11.6867 | D23: 12.6771 | E23: 12.0491 | G23: 0.3 | H23: 14.3098 | I23: 14.5606 | J23: 14.4677
B24: 0.4 | C24: 11.6867 | D24: 12.6771 | E24: 12.0491 | G24: 0.4 | H24: 11.0012 | I24: 14.8833 | J24: 13.2602
B25: 0.5 | C25: 12.3151 | D25: 15.3535 | E25: 13.3705 | G25: 0.5 | H25: 11.8361 | I25: 16.2476 | J25: 14.4088
B26: 0.6 | C26: 12.4242 | D26: 14.5269 | E26: 13.1826 | G26: 0.6 | H26: 11.6552 | I26: 16.1479 | J26: 14.2702
B27: 0.7 | C27: 11.4368 | D27: 14.5005 | E27: 12.5399 | G27: 0.7 | H27: 10.7617 | I27: 16.458 | J27: 14.0248
B28: 0.8 | C28: 11.6481 | D28: 16.4962 | E28: 13.2839 | G28: 0.8 | H28: 9.7993 | I28: 16.67 | J28: 13.6484
B29: 0.9 | C29: 11.5212 | D29: 16.67 | E29: 13.2372 | G29: 0.9 | H29: 9.7993 | I29: 16.67 | J29: 13.6484
B30: 1 | C30: 11.5212 | D30: 16.67 | E30: 13.2372 | G30: 1 | H30: 9.7993 | I30: 16.67 | J30: 13.6484
D32: mac | I32: hpc

Sheet seed2
C2: 合流200m手前（後続全て） | E2: 1000/1000 | H2: 合流200m手前（後続全て） | J2: 750/750
B3: α | C3: vehicle0 | D3: vehicle1 | E3: all | G3: α | H3: vehicle0 | I3: vehicle1 | J3: all
B4: 0 | C4: 15.4711 | D4: 14.8276 | E4: 15.142 | G4: 0 | H4: 16.2003 | I4: 16.5611 | J4: 16.391
B5: 0.1 | C5: 15.4711 | D5: 14.8276 | E5: 15.142 | G5: 0.1 | H5: 16.2003 | I5: 16.5611 | J5: 16.391
B6: 0.2 | C6: 15.3745 | D6: 14.9393 | E6: 15.1519 | G6: 0.2 | H6: 16.2003 | I6: 16.5611 | J6: 16.391
B7: 0.3 | C7: 15.3003 | D7: 15.1827 | E7: 15.2401 | G7: 0.3 | H7: 16.2003 | I7: 16.5611 | J7: 16.391
B8: 0.4 | C8: 15.2775 | D8: 15.2417 | E8: 15.2592 | G8: 0.4 | H8: 16.2003 | I8: 16.5611 | J8: 16.391
B9: 0.5 | C9: 15.2775 | D9: 15.2417 | E9: 15.2592 | G9: 0.5 | H9: 16.2003 | I9: 16.5611 | J9: 16.391
B10: 0.6 | C10: 14.2566 | D10: 16.3433 | E10: 15.2771 | G10: 0.6 | H10: 16.2003 | I10: 16.5611 | J10: 16.391
B11: 0.7 | C11: 13.3663 | D11: 16.4565 | E11: 14.8537 | G11: 0.7 | H11: 16.2003 | I11: 16.5611 | J11: 16.391
B12: 0.8 | C12: 13.2565 | D12: 16.67 | E12: 14.8792 | G12: 0.8 | H12: 16.2451 | I12: 16.5637 | J12: 16.4134
B13: 0.9 | C13: 13.2565 | D13: 16.67 | E13: 14.8792 | G13: 0.9 | H13: 15.637 | I13: 16.67 | J13: 16.1826
B14: 1 | C14: 13.2565 | D14: 16.67 | E14: 14.8792 | G14: 1 | H14: 15.637 | I14: 16.67 | J14: 16.1826
D16: excel7 | I16: hpc
C18: 合流200m手前（後続全て） | E18: 1250/750 | H18: 合流200m手前（後続全て） | J18: 750/1250
B19: α | C19: vehicle0 | D19: vehicle1 | E19: all | G19: α | H19: vehicle0 | I19: vehicle1 | J19: all
B20: 0 | C20: 14.7948 | D20: 14.3115 | E20: 14.6176 | G20: 0 | H20: 14.7948 | I20: 14.3115 | J20: 14.6176
B21: 0.1 | C21: 14.7948 | D21: 14.3115 | E21: 14.6176 | G21: 0.1 | H21: 13.6173 | I21: 13.476 | J21: 13.5272
B22: 0.2 | C22: 14.7811 | D22: 14.357 | E22: 14.6255 | G22: 0.2 | H22: 14.7811 | I22: 14.357 | J22: 14.6255
B23: 0.3 | C23: 14.7811 | D23: 14.357 | E23: 14.6255 | G23: 0.3 | H23: 13.0217 | I23: 15.1103 | J23: 14.3138
B24: 0.4 | C24: 14.7811 | D24: 14.357 | E24: 14.6255 | G24: 0.4 | H24: 14.7811 | I24: 14.357 | J24: 14.6255
B25: 0.5 | C25: 14.7995 | D25: 15.2379 | E25: 14.9603 | G25: 0.5 | H25: 13.8023 | I25: 16.465 | J25: 15.4484
B26: 0.6 | C26: 14.8502 | D26: 14.9043 | E26: 14.8705 | G26: 0.6 | H26: 14.8502 | I26: 14.9043 | J26: 14.8705
B27: 0.7 | C27: 14.3579 | D27: 16.135 | E27: 14.9792 | G27: 0.7 | H27: 11.9473 | I27: 16.6675 | J27: 14.8064
B28: 0.8 | C28: 14.3641 | D28: 16.6322 | E28: 15.1585 | G28: 0.8 | H28: 14.3641 | I28: 16.6322 | J28: 15.1585
B29: 0.9 | C29: 13.1865 | D29: 16.67 | E29: 14.3552 | G29: 0.9 | H29: 11.9487 | I29: 16.67 | J29: 14.8081
B30: 1 | C30: 13.1865 | D30: 16.67 | E30: 14.3552 | G30: 1 | H30: 13.1864 | I30: 16.67 | J30: 14.3552
D32: mac | I32: hpc

Sheet seed3
C2: 合流200m手前（後続全て） | E2: 1000/1000 | H2: 合流200m手前（後続全て） | J2: 750/750
B3: α | C3: vehicle0 | D3: vehicle1 | E3: all | G3: α | H3: vehicle0 | I3: vehicle1 | J3: all
B4: 0 | C4: 16.2157 | D4: 16.1456 | E4: 16.1791 | G4: 0 | H4: 16.2629 | I4: 16.5431 | J4: 16.3919
B5: 0.1 | C5: 16.2157 | D5: 16.1456 | E5: 16.1791 | G5: 0.1 | H5: 16.2629 | I5: 16.5431 | J5: 16.3919
B6: 0.2 | C6: 16.2157 | D6: 16.1456 | E6: 16.1791 | G6: 0.2 | H6: 16.2629 | I6: 16.5431 | J6: 16.3919
B7: 0.3 | C7: 16.2157 | D7: 16.1456 | E7: 16.1791 | G7: 0.3 | H7: 16.2629 | I7: 16.5431 | J7: 16.3919
B8: 0.4 | C8: 16.2157 | D8: 16.1456 | E8: 16.1791 | G8: 0.4 | H8: 16.2629 | I8: 16.5431 | J8: 16.3919
B9: 0.5 | C9: 16.2157 | D9: 16.1456 | E9: 16.1791 | G9: 0.5 | H9: 16.2629 | I9: 16.5431 | J9: 16.3919
B10: 0.6 | C10: 16.2157 | D10: 16.1456 | E10: 16.1791 | G10: 0.6 | H10: 16.2629 | I10: 16.5431 | J10: 16.3919
B11: 0.7 | C11: 16.0202 | D11: 16.2394 | E11: 16.1336 | G11: 0.7 | H11: 16.2629 | I11: 16.5431 | J11: 16.3919
B12: 0.8 | C12: 14.7384 | D12: 16.607 | E12: 15.6679 | G12: 0.8 | H12: 16.2629 | I12: 16.5431 | J12: 16.3919
B13: 0.9 | C13: 13.0121 | D13: 16.67 | E13: 14.7402 | G13: 0.9 | H13: 16.0807 | I13: 16.67 | J13: 16.3493
B14: 1 | C14: 13.0121 | D14: 16.67 | E14: 14.7402 | G14: 1 | H14: 16.0807 | I14: 16.67 | J14: 16.3493
D16: excel7 | I16: mac
C18: 合流200m手前（後続全て） | E18: 1250/750 | H18: 合流200m手前（後続全て） | J18: 750/1250
B19: α | C19: vehicle0 | D19: vehicle1 | E19: all | G19: α | H19: vehicle0 | I19: vehicle1 | J19: all
B20: 0 | C20: 15.5153 | D20: 15.8792 | E20: 15.6657 | G20: 0 | H20: 16.2629 | I20: 16.6058 | J20: 16.4803
B21: 0.1 | C21: 15.5153 | D21: 15.8792 | E21: 15.6657 | G21: 0.1 | H21: 16.2629 | I21: 16.6058 | J21: 16.4803
B22: 0.2 | C22: 15.5153 | D22: 15.8792 | E22: 15.6657 | G22: 0.2 | H22: 16.2629 | I22: 16.6058 | J22: 16.4803
B23: 0.3 | C23: 15.5153 | D23: 15.8792 | E23: 15.6657 | G23: 0.3 | H23: 16.2629 | I23: 16.6058 | J23: 16.4803
B24: 0.4 | C24: 15.5153 | D24: 15.8792 | E24: 15.6657 | G24: 0.4 | H24: 16.2629 | I24: 16.6058 | J24: 16.4803
B25: 0.5 | C25: 15.5191 | D25: 15.9222 | E25: 15.6857 | G25: 0.5 | H25: 16.2629 | I25: 16.6058 | J25: 16.4803
B26: 0.6 | C26: 15.5191 | D26: 15.9222 | E26: 15.6857 | G26: 0.6 | H26: 16.2629 | I26: 16.6058 | J26: 16.4803
B27: 0.7 | C27: 15.47 | D27: 16.3004 | E27: 15.8137 | G27: 0.7 | H27: 16.2629 | I27: 16.6058 | J27: 16.4803
B28: 0.8 | C28: 13.2426 | D28: 16.5835 | E28: 14.532 | G28: 0.8 | H28: 16.2629 | I28: 16.6058 | J28: 16.4803
B29: 0.9 | C29: 13.9001 | D29: 16.5434 | E29: 14.9407 | G29: 0.9 | H29: 13.5551 | I29: 16.67 | J29: 15.4203
B30: 1 | C30: 11.9283 | D30: 16.67 | E30: 13.6683 | G30: 1 | H30: 13.5551 | I30: 16.67 | J30: 15.4203
D32: mac | I32: hpc

Sheet seed4
C2: 合流200m手前（後続全て） | E2: 1000/1000 | H2: 合流200m手前（後続全て） | J2: 750/750
B3: α | C3: vehicle0 | D3: vehicle1 | E3: all | G3: α | H3: vehicle0 | I3: vehicle1 | J3: all
B4: 0 | C4: 15.3153 | D4: 15.6675 | E4: 15.4833 | G4: 0 | H4: 15.9991 | I4: 16.6638 | J4: 16.3263
B5: 0.1 | C5: 15.3153 | D5: 15.6675 | E5: 15.4833 | G5: 0.1 | H5: 15.9991 | I5: 16.6638 | J5: 16.3263
B6: 0.2 | C6: 15.3153 | D6: 15.6675 | E6: 15.4833 | G6: 0.2 | H6: 15.9991 | I6: 16.6638 | J6: 16.3263
B7: 0.3 | C7: 14.8079 | D7: 14.9924 | E7: 14.8969 | G7: 0.3 | H7: 15.9991 | I7: 16.6638 | J7: 16.3263
B8: 0.4 | C8: 14.8177 | D8: 15.0007 | E8: 14.906 | G8: 0.4 | H8: 15.9866 | I8: 16.669 | J8: 16.3225
B9: 0.5 | C9: 14.8593 | D9: 15.6086 | E9: 15.2206 | G9: 0.5 | H9: 15.9866 | I9: 16.669 | J9: 16.3225
B10: 0.6 | C10: 14.9699 | D10: 15.7224 | E10: 15.3323 | G10: 0.6 | H10: 15.9862 | I10: 16.67 | J10: 16.3228
B11: 0.7 | C11: 13.6635 | D11: 16.3272 | E11: 14.8651 | G11: 0.7 | H11: 15.9862 | I11: 16.67 | J11: 16.3228
B12: 0.8 | C12: 12.4408 | D12: 16.67 | E12: 14.2773 | G12: 0.8 | H12: 15.8908 | I12: 16.67 | J12: 16.2728
B13: 0.9 | C13: 12.4408 | D13: 16.67 | E13: 14.2773 | G13: 0.9 | H13: 15.8908 | I13: 16.67 | J13: 16.2728
B14: 1 | C14: 12.4408 | D14: 16.67 | E14: 14.2773 | G14: 1 | H14: 15.8908 | I14: 16.67 | J14: 16.2728
D16: excel7 | I16: mac
C18: 合流200m手前（後続全て） | E18: 1250/750 | H18: 合流200m手前（後続全て） | J18: 750/1250
B19: α | C19: vehicle0 | D19: vehicle1 | E19: all | G19: α | H19: vehicle0 | I19: vehicle1 | J19: all
B20: 0 | C20: 13.7564 | D20: 13.0596 | E20: 13.5018 | G20: 0 | H20: 15.0533 | I20: 15.3276 | J20: 15.2181
B21: 0.1 | C21: 13.7564 | D21: 13.0596 | E21: 13.5018 | G21: 0.1 | H21: 15.0533 | I21: 15.3276 | J21: 15.2181
B22: 0.2 | C22: 13.7564 | D22: 13.0596 | E22: 13.5018 | G22: 0.2 | H22: 15.0651 | I22: 16.0423 | J22: 15.6522
B23: 0.3 | C23: 13.7564 | D23: 13.0596 | E23: 13.5018 | G23: 0.3 | H23: 15.0651 | I23: 16.0423 | J23: 15.6522
B24: 0.4 | C24: 13.7467 | D24: 13.9 | E24: 13.8027 | G24: 0.4 | H24: 14.5185 | I24: 16.2907 | J24: 15.5832
B25: 0.5 | C25: 13.7891 | D25: 13.9856 | E25: 13.8609 | G25: 0.5 | H25: 14.5185 | I25: 16.2907 | J25: 15.5832
B26: 0.6 | C26: 12.4031 | D26: 15.0253 | E26: 13.2892 | G26: 0.6 | H26: 14.8656 | I26: 16.3914 | J26: 15.7824
B27: 0.7 | C27: 13.112 | D27: 16.67 | E27: 14.2382 | G27: 0.7 | H27: 14.0997 | I27: 16.4565 | J27: 15.5
B28: 0.8 | C28: 13.112 | D28: 16.67 | E28: 14.2382 | G28: 0.8 | H28: 11.08 | I28: 16.6513 | J28: 14.1964
B29: 0.9 | C29: 12.8371 | D29: 16.5066 | E29: 14.0066 | G29: 0.9 | H29: 11.08 | I29: 16.6513 | J29: 14.1964
B30: 1 | C30: 13.112 | D30: 16.67 | E30: 14.2382 | G30: 1 | H30: 11.08 | I30: 16.6513 | J30: 14.1964
D32: mac | I32: hpc

Sheet seed5
C2: 合流200m手前（後続全て） | E2: 1000/1000 | H2: 合流200m手前（後続全て） | J2: 750/750
B3: α | C3: vehicle0 | D3: vehicle1 | E3: all | G3: α | H3: vehicle0 | I3: vehicle1 | J3: all
B4: 0 | C4: 15.8561 | D4: 10.3655 | E4: 13.1836 | G4: 0 | H4: 16.0554 | I4: 16.1999 | J4: 16.1286
B5: 0.1 | C5: 15.8561 | D5: 10.3655 | E5: 13.1836 | G5: 0.1 | H5: 16.0554 | I5: 16.1999 | J5: 16.1286
B6: 0.2 | C6: 15.3171 | D6: 12.4634 | E6: 13.9629 | G6: 0.2 | H6: 16.0554 | I6: 16.1999 | J6: 16.1286
B7: 0.3 | C7: 15.2091 | D7: 13.568 | E7: 14.4412 | G7: 0.3 | H7: 16.0554 | I7: 16.1999 | J7: 16.1286
B8: 0.4 | C8: 14.3834 | D8: 14.6792 | E8: 14.5192 | G8: 0.4 | H8: 16.0554 | I8: 16.1999 | J8: 16.1286
B9: 0.5 | C9: 15.3392 | D9: 14.9591 | E9: 15.1636 | G9: 0.5 | H9: 15.9284 | I9: 16.3312 | J9: 16.1324
B10: 0.6 | C10: 14.9305 | D10: 15.9321 | E10: 15.3933 | G10: 0.6 | H10: 15.9284 | I10: 16.3312 | J10: 16.1324
B11: 0.7 | C11: 14.8426 | D11: 16.2127 | E11: 15.4756 | G11: 0.7 | H11: 15.4673 | I11: 16.5586 | J11: 16.0159
B12: 0.8 | C12: 14.1606 | D12: 16.4973 | E12: 15.2209 | G12: 0.8 | H12: 15.247 | I12: 16.602 | J12: 15.9226
B13: 0.9 | C13: 11.7876 | D13: 16.67 | E13: 13.8556 | G13: 0.9 | H13: 12.1295 | I13: 16.67 | J13: 14.2105
B14: 1 | C14: 11.7876 | D14: 16.67 | E14: 13.8556 | G14: 1 | H14: 12.1295 | I14: 16.67 | J14: 14.2105
D16: excel7 | I16: mac
C18: 合流200m手前（後続全て） | E18: 1250/750 | H18: 合流200m手前（後続全て） | J18: 750/1250
B19: α | C19: vehicle0 | D19: vehicle1 | E19: all | G19: α | H19: vehicle0 | I19: vehicle1 | J19: all
B20: 0 | C20: 15.8263 | D20: 13.8079 | E20: 15.1261 | G20: 0 | H20: 15.6479 | I20: 15.0956 | J20: 15.3076
B21: 0.1 | C21: 15.8263 | D21: 13.8079 | E21: 15.1261 | G21: 0.1 | H21: 15.6479 | I21: 15.0956 | J21: 15.3076
B22: 0.2 | C22: 15.8225 | D22: 14.4172 | E22: 15.335 | G22: 0.2 | H22: 15.6255 | I22: 15.4742 | J22: 15.5322
B23: 0.3 | C23: 15.7447 | D23: 14.7418 | E23: 15.3966 | G23: 0.3 | H23: 15.6252 | I23: 15.631 | J23: 15.6288
B24: 0.4 | C24: 15.823 | D24: 15.7512 | E24: 15.7981 | G24: 0.4 | H24: 15.6252 | I24: 15.631 | J24: 15.6288
B25: 0.5 | C25: 15.823 | D25: 15.7512 | E25: 15.7981 | G25: 0.5 | H25: 15.6252 | I25: 15.631 | J25: 15.6288
B26: 0.6 | C26: 15.823 | D26: 16.4396 | E26: 16.0369 | G26: 0.6 | H26: 15.1789 | I26: 16.3359 | J26: 15.8917
B27: 0.7 | C27: 15.7633 | D27: 16.3921 | E27: 15.9815 | G27: 0.7 | H27: 12.985 | I27: 16.5124 | J27: 15.0868
B28: 0.8 | C28: 15.7112 | D28: 16.5815 | E28: 16.0131 | G28: 0.8 | H28: 11.2076 | I28: 16.67 | J28: 14.3238
B29: 0.9 | C29: 14.1382 | D29: 16.6424 | E29: 14.9818 | G29: 0.9 | H29: 11.2076 | I29: 16.67 | J29: 14.3238
B30: 1 | C30: 14.138 | D30: 16.67 | E30: 14.991 | G30: 1 | H30: 11.2076 | I30: 16.67 | J30: 14.3238
D32: mac | I32: mac

Sheet average1-5
C2: 合流200m手前（後続全て） | E2: 1000/1000 | H2: 合流200m手前（後続全て） | J2: 750/750
B3: α | C3: vehicle0 | D3: vehicle1 | E3: all | G3: α | H3: vehicle0 | I3: vehicle1 | J3: all
B4: 0 | C4: =ROUND(AVERAGE(seed1!C4,seed2!C4,seed3!C4,seed4!C4,seed5!C4),4) -> 15.5165 | D4: =ROUND(AVERAGE(seed1!D4,seed2!D4,seed3!D4,seed4!D4,seed5!D4),4) -> 14.046 | E4: =ROUND(AVERAGE(seed1!E4,seed2!E4,seed3!E4,seed4!E4,seed5!E4),4) -> 14.7942 | G4: 0 | H4: =ROUND(AVERAGE(seed1!H4,seed2!H4,seed3!H4,seed4!H4,seed5!H4),4) -> 16.189 | I4: =ROUND(AVERAGE(seed1!I4,seed2!I4,seed3!I4,seed4!I4,seed5!I4),4) -> 16.5138 | J4: =ROUND(AVERAGE(seed1!J4,seed2!J4,seed3!J4,seed4!J4,seed5!J4),4) -> 16.3492
B5: 0.1 | C5: =ROUND(AVERAGE(seed1!C5,seed2!C5,seed3!C5,seed4!C5,seed5!C5),4) -> 15.5165 | D5: =ROUND(AVERAGE(seed1!D5,seed2!D5,seed3!D5,seed4!D5,seed5!D5),4) -> 14.046 | E5: =ROUND(AVERAGE(seed1!E5,seed2!E5,seed3!E5,seed4!E5,seed5!E5),4) -> 14.7942 | G5: 0.1 | H5: =ROUND(AVERAGE(seed1!H5,seed2!H5,seed3!H5,seed4!H5,seed5!H5),4) -> 16.189 | I5: =ROUND(AVERAGE(seed1!I5,seed2!I5,seed3!I5,seed4!I5,seed5!I5),4) -> 16.5138 | J5: =ROUND(AVERAGE(seed1!J5,seed2!J5,seed3!J5,seed4!J5,seed5!J5),4) -> 16.3492
B6: 0.2 | C6: =ROUND(AVERAGE(seed1!C6,seed2!C6,seed3!C6,seed4!C6,seed5!C6),4) -> 15.3894 | D6: =ROUND(AVERAGE(seed1!D6,seed2!D6,seed3!D6,seed4!D6,seed5!D6),4) -> 14.4879 | E6: =ROUND(AVERAGE(seed1!E6,seed2!E6,seed3!E6,seed4!E6,seed5!E6),4) -> 14.952 | G6: 0.2 | H6: =ROUND(AVERAGE(seed1!H6,seed2!H6,seed3!H6,seed4!H6,seed5!H6),4) -> 16.189 | I6: =ROUND(AVERAGE(seed1!I6,seed2!I6,seed3!I6,seed4!I6,seed5!I6),4) -> 16.5138 | J6: =ROUND(AVERAGE(seed1!J6,seed2!J6,seed3!J6,seed4!J6,seed5!J6),4) -> 16.3492
B7: 0.3 | C7: =ROUND(AVERAGE(seed1!C7,seed2!C7,seed3!C7,seed4!C7,seed5!C7),4) -> 15.2513 | D7: =ROUND(AVERAGE(seed1!D7,seed2!D7,seed3!D7,seed4!D7,seed5!D7),4) -> 14.6231 | E7: =ROUND(AVERAGE(seed1!E7,seed2!E7,seed3!E7,seed4!E7,seed5!E7),4) -> 14.9483 | G7: 0.3 | H7: =ROUND(AVERAGE(seed1!H7,seed2!H7,seed3!H7,seed4!H7,seed5!H7),4) -> 16.189 | I7: =ROUND(AVERAGE(seed1!I7,seed2!I7,seed3!I7,seed4!I7,seed5!I7),4) -> 16.5138 | J7: =ROUND(AVERAGE(seed1!J7,seed2!J7,seed3!J7,seed4!J7,seed5!J7),4) -> 16.3492
B8: 0.4 | C8: =ROUND(AVERAGE(seed1!C8,seed2!C8,seed3!C8,seed4!C8,seed5!C8),4) -> 15.0835 | D8: =ROUND(AVERAGE(seed1!D8,seed2!D8,seed3!D8,seed4!D8,seed5!D8),4) -> 14.8588 | E8: =ROUND(AVERAGE(seed1!E8,seed2!E8,seed3!E8,seed4!E8,seed5!E8),4) -> 14.9695 | G8: 0.4 | H8: =ROUND(AVERAGE(seed1!H8,seed2!H8,seed3!H8,seed4!H8,seed5!H8),4) -> 16.1865 | I8: =ROUND(AVERAGE(seed1!I8,seed2!I8,seed3!I8,seed4!I8,seed5!I8),4) -> 16.5148 | J8: =ROUND(AVERAGE(seed1!J8,seed2!J8,seed3!J8,seed4!J8,seed5!J8),4) -> 16.3485
B9: 0.5 | C9: =ROUND(AVERAGE(seed1!C9,seed2!C9,seed3!C9,seed4!C9,seed5!C9),4) -> 15.2196 | D9: =ROUND(AVERAGE(seed1!D9,seed2!D9,seed3!D9,seed4!D9,seed5!D9),4) -> 15.1264 | E9: =ROUND(AVERAGE(seed1!E9,seed2!E9,seed3!E9,seed4!E9,seed5!E9),4) -> 15.1737 | G9: 0.5 | H9: =ROUND(AVERAGE(seed1!H9,seed2!H9,seed3!H9,seed4!H9,seed5!H9),4) -> 16.1611 | I9: =ROUND(AVERAGE(seed1!I9,seed2!I9,seed3!I9,seed4!I9,seed5!I9),4) -> 16.5411 | J9: =ROUND(AVERAGE(seed1!J9,seed2!J9,seed3!J9,seed4!J9,seed5!J9),4) -> 16.3492
B10: 0.6 | C10: =ROUND(AVERAGE(seed1!C10,seed2!C10,seed3!C10,seed4!C10,seed5!C10),4) -> 14.9215 | D10: =ROUND(AVERAGE(seed1!D10,seed2!D10,seed3!D10,seed4!D10,seed5!D10),4) -> 15.8633 | E10: =ROUND(AVERAGE(seed1!E10,seed2!E10,seed3!E10,seed4!E10,seed5!E10),4) -> 15.3749 | G10: 0.6 | H10: =ROUND(AVERAGE(seed1!H10,seed2!H10,seed3!H10,seed4!H10,seed5!H10),4) -> 16.161 | I10: =ROUND(AVERAGE(seed1!I10,seed2!I10,seed3!I10,seed4!I10,seed5!I10),4) -> 16.5413 | J10: =ROUND(AVERAGE(seed1!J10,seed2!J10,seed3!J10,seed4!J10,seed5!J10),4) -> 16.3493
B11: 0.7 | C11: =ROUND(AVERAGE(seed1!C11,seed2!C11,seed3!C11,seed4!C11,seed5!C11),4) -> 14.2554 | D11: =ROUND(AVERAGE(seed1!D11,seed2!D11,seed3!D11,seed4!D11,seed5!D11),4) -> 16.2977 | E11: =ROUND(AVERAGE(seed1!E11,seed2!E11,seed3!E11,seed4!E11,seed5!E11),4) -> 15.2079 | G11: 0.7 | H11: =ROUND(AVERAGE(seed1!H11,seed2!H11,seed3!H11,seed4!H11,seed5!H11),4) -> 16.0611 | I11: =ROUND(AVERAGE(seed1!I11,seed2!I11,seed3!I11,seed4!I11,seed5!I11),4) -> 16.6006 | J11: =ROUND(AVERAGE(seed1!J11,seed2!J11,seed3!J11,seed4!J11,seed5!J11),4) -> 16.3284
B12: 0.8 | C12: =ROUND(AVERAGE(seed1!C12,seed2!C12,seed3!C12,seed4!C12,seed5!C12),4) -> 13.106 | D12: =ROUND(AVERAGE(seed1!D12,seed2!D12,seed3!D12,seed4!D12,seed5!D12),4) -> 16.6229 | E12: =ROUND(AVERAGE(seed1!E12,seed2!E12,seed3!E12,seed4!E12,seed5!E12),4) -> 14.6898 | G12: 0.8 | H12: =ROUND(AVERAGE(seed1!H12,seed2!H12,seed3!H12,seed4!H12,seed5!H12),4) -> 16.007 | I12: =ROUND(AVERAGE(seed1!I12,seed2!I12,seed3!I12,seed4!I12,seed5!I12),4) -> 16.6098 | J12: =ROUND(AVERAGE(seed1!J12,seed2!J12,seed3!J12,seed4!J12,seed5!J12),4) -> 16.3042
B13: 0.9 | C13: =ROUND(AVERAGE(seed1!C13,seed2!C13,seed3!C13,seed4!C13,seed5!C13),4) -> 12.2861 | D13: =ROUND(AVERAGE(seed1!D13,seed2!D13,seed3!D13,seed4!D13,seed5!D13),4) -> 16.67 | E13: =ROUND(AVERAGE(seed1!E13,seed2!E13,seed3!E13,seed4!E13,seed5!E13),4) -> 14.2312 | G13: 0.9 | H13: =ROUND(AVERAGE(seed1!H13,seed2!H13,seed3!H13,seed4!H13,seed5!H13),4) -> 15.2254 | I13: =ROUND(AVERAGE(seed1!I13,seed2!I13,seed3!I13,seed4!I13,seed5!I13),4) -> 16.67 | J13: =ROUND(AVERAGE(seed1!J13,seed2!J13,seed3!J13,seed4!J13,seed5!J13),4) -> 15.9071
B14: 1 | C14: =ROUND(AVERAGE(seed1!C14,seed2!C14,seed3!C14,seed4!C14,seed5!C14),4) -> 12.2861 | D14: =ROUND(AVERAGE(seed1!D14,seed2!D14,seed3!D14,seed4!D14,seed5!D14),4) -> 16.67 | E14: =ROUND(AVERAGE(seed1!E14,seed2!E14,seed3!E14,seed4!E14,seed5!E14),4) -> 14.2312 | G14: 1 | H14: =ROUND(AVERAGE(seed1!H14,seed2!H14,seed3!H14,seed4!H14,seed5!H14),4) -> 15.2254 | I14: =ROUND(AVERAGE(seed1!I14,seed2!I14,seed3!I14,seed4!I14,seed5!I14),4) -> 16.67 | J14: =ROUND(AVERAGE(seed1!J14,seed2!J14,seed3!J14,seed4!J14,seed5!J14),4) -> 15.9071
C18: 合流200m手前（後続全て） | E18: 1250/750 | H18: 合流200m手前（後続全て） | J18: 750/1250
B19: α | C19: vehicle0 | D19: vehicle1 | E19: all | G19: α | H19: vehicle0 | I19: vehicle1 | J19: all
B20: 0 | C20: =ROUND(AVERAGE(seed1!C20,seed2!C20,seed3!C20,seed4!C20,seed5!C20),4) -> 14.3159 | D20: =ROUND(AVERAGE(seed1!D20,seed2!D20,seed3!D20,seed4!D20,seed5!D20),4) -> 13.9471 | E20: =ROUND(AVERAGE(seed1!E20,seed2!E20,seed3!E20,seed4!E20,seed5!E20),4) -> 14.1921 | G20: 0 | H20: =ROUND(AVERAGE(seed1!H20,seed2!H20,seed3!H20,seed4!H20,seed5!H20),4) -> 15.3314 | I20: =ROUND(AVERAGE(seed1!I20,seed2!I20,seed3!I20,seed4!I20,seed5!I20),4) -> 14.9189 | J20: =ROUND(AVERAGE(seed1!J20,seed2!J20,seed3!J20,seed4!J20,seed5!J20),4) -> 15.0974
B21: 0.1 | C21: =ROUND(AVERAGE(seed1!C21,seed2!C21,seed3!C21,seed4!C21,seed5!C21),4) -> 14.3159 | D21: =ROUND(AVERAGE(seed1!D21,seed2!D21,seed3!D21,seed4!D21,seed5!D21),4) -> 13.9471 | E21: =ROUND(AVERAGE(seed1!E21,seed2!E21,seed3!E21,seed4!E21,seed5!E21),4) -> 14.1921 | G21: 0.1 | H21: =ROUND(AVERAGE(seed1!H21,seed2!H21,seed3!H21,seed4!H21,seed5!H21),4) -> 15.0959 | I21: =ROUND(AVERAGE(seed1!I21,seed2!I21,seed3!I21,seed4!I21,seed5!I21),4) -> 14.7518 | J21: =ROUND(AVERAGE(seed1!J21,seed2!J21,seed3!J21,seed4!J21,seed5!J21),4) -> 14.8793
B22: 0.2 | C22: =ROUND(AVERAGE(seed1!C22,seed2!C22,seed3!C22,seed4!C22,seed5!C22),4) -> 14.3124 | D22: =ROUND(AVERAGE(seed1!D22,seed2!D22,seed3!D22,seed4!D22,seed5!D22),4) -> 14.078 | E22: =ROUND(AVERAGE(seed1!E22,seed2!E22,seed3!E22,seed4!E22,seed5!E22),4) -> 14.2354 | G22: 0.2 | H22: =ROUND(AVERAGE(seed1!H22,seed2!H22,seed3!H22,seed4!H22,seed5!H22),4) -> 15.3266 | I22: =ROUND(AVERAGE(seed1!I22,seed2!I22,seed3!I22,seed4!I22,seed5!I22),4) -> 15.1466 | J22: =ROUND(AVERAGE(seed1!J22,seed2!J22,seed3!J22,seed4!J22,seed5!J22),4) -> 15.2307
B23: 0.3 | C23: =ROUND(AVERAGE(seed1!C23,seed2!C23,seed3!C23,seed4!C23,seed5!C23),4) -> 14.2968 | D23: =ROUND(AVERAGE(seed1!D23,seed2!D23,seed3!D23,seed4!D23,seed5!D23),4) -> 14.1429 | E23: =ROUND(AVERAGE(seed1!E23,seed2!E23,seed3!E23,seed4!E23,seed5!E23),4) -> 14.2477 | G23: 0.3 | H23: =ROUND(AVERAGE(seed1!H23,seed2!H23,seed3!H23,seed4!H23,seed5!H23),4) -> 14.8569 | I23: =ROUND(AVERAGE(seed1!I23,seed2!I23,seed3!I23,seed4!I23,seed5!I23),4) -> 15.59 | J23: =ROUND(AVERAGE(seed1!J23,seed2!J23,seed3!J23,seed4!J23,seed5!J23),4) -> 15.3086
B24: 0.4 | C24: =ROUND(AVERAGE(seed1!C24,seed2!C24,seed3!C24,seed4!C24,seed5!C24),4) -> 14.3106 | D24: =ROUND(AVERAGE(seed1!D24,seed2!D24,seed3!D24,seed4!D24,seed5!D24),4) -> 14.5129 | E24: =ROUND(AVERAGE(seed1!E24,seed2!E24,seed3!E24,seed4!E24,seed5!E24),4) -> 14.3882 | G24: 0.4 | H24: =ROUND(AVERAGE(seed1!H24,seed2!H24,seed3!H24,seed4!H24,seed5!H24),4) -> 14.4378 | I24: =ROUND(AVERAGE(seed1!I24,seed2!I24,seed3!I24,seed4!I24,seed5!I24),4) -> 15.5536 | J24: =ROUND(AVERAGE(seed1!J24,seed2!J24,seed3!J24,seed4!J24,seed5!J24),4) -> 15.1156
B25: 0.5 | C25: =ROUND(AVERAGE(seed1!C25,seed2!C25,seed3!C25,seed4!C25,seed5!C25),4) -> 14.4492 | D25: =ROUND(AVERAGE(seed1!D25,seed2!D25,seed3!D25,seed4!D25,seed5!D25),4) -> 15.2501 | E25: =ROUND(AVERAGE(seed1!E25,seed2!E25,seed3!E25,seed4!E25,seed5!E25),4) -> 14.7351 | G25: 0.5 | H25: =ROUND(AVERAGE(seed1!H25,seed2!H25,seed3!H25,seed4!H25,seed5!H25),4) -> 14.409 | I25: =ROUND(AVERAGE(seed1!I25,seed2!I25,seed3!I25,seed4!I25,seed5!I25),4) -> 16.248 | J25: =ROUND(AVERAGE(seed1!J25,seed2!J25,seed3!J25,seed4!J25,seed5!J25),4) -> 15.5099
B26: 0.6 | C26: =ROUND(AVERAGE(seed1!C26,seed2!C26,seed3!C26,seed4!C26,seed5!C26),4) -> 14.2039 | D26: =ROUND(AVERAGE(seed1!D26,seed2!D26,seed3!D26,seed4!D26,seed5!D26),4) -> 15.3637 | E26: =ROUND(AVERAGE(seed1!E26,seed2!E26,seed3!E26,seed4!E26,seed5!E26),4) -> 14.613 | G26: 0.6 | H26: =ROUND(AVERAGE(seed1!H26,seed2!H26,seed3!H26,seed4!H26,seed5!H26),4) -> 14.5626 | I26: =ROUND(AVERAGE(seed1!I26,seed2!I26,seed3!I26,seed4!I26,seed5!I26),4) -> 16.0771 | J26: =ROUND(AVERAGE(seed1!J26,seed2!J26,seed3!J26,seed4!J26,seed5!J26),4) -> 15.459
B27: 0.7 | C27: =ROUND(AVERAGE(seed1!C27,seed2!C27,seed3!C27,seed4!C27,seed5!C27),4) -> 14.028 | D27: =ROUND(AVERAGE(seed1!D27,seed2!D27,seed3!D27,seed4!D27,seed5!D27),4) -> 15.9996 | E27: =ROUND(AVERAGE(seed1!E27,seed2!E27,seed3!E27,seed4!E27,seed5!E27),4) -> 14.7105 | G27: 0.7 | H27: =ROUND(AVERAGE(seed1!H27,seed2!H27,seed3!H27,seed4!H27,seed5!H27),4) -> 13.2113 | I27: =ROUND(AVERAGE(seed1!I27,seed2!I27,seed3!I27,seed4!I27,seed5!I27),4) -> 16.54 | J27: =ROUND(AVERAGE(seed1!J27,seed2!J27,seed3!J27,seed4!J27,seed5!J27),4) -> 15.1797
B28: 0.8 | C28: =ROUND(AVERAGE(seed1!C28,seed2!C28,seed3!C28,seed4!C28,seed5!C28),4) -> 13.6156 | D28: =ROUND(AVERAGE(seed1!D28,seed2!D28,seed3!D28,seed4!D28,seed5!D28),4) -> 16.5927 | E28: =ROUND(AVERAGE(seed1!E28,seed2!E28,seed3!E28,seed4!E28,seed5!E28),4) -> 14.6451 | G28: 0.8 | H28: =ROUND(AVERAGE(seed1!H28,seed2!H28,seed3!H28,seed4!H28,seed5!H28),4) -> 12.5428 | I28: =ROUND(AVERAGE(seed1!I28,seed2!I28,seed3!I28,seed4!I28,seed5!I28),4) -> 16.6459 | J28: =ROUND(AVERAGE(seed1!J28,seed2!J28,seed3!J28,seed4!J28,seed5!J28),4) -> 14.7615
B29: 0.9 | C29: =ROUND(AVERAGE(seed1!C29,seed2!C29,seed3!C29,seed4!C29,seed5!C29),4) -> 13.1166 | D29: =ROUND(AVERAGE(seed1!D29,seed2!D29,seed3!D29,seed4!D29,seed5!D29),4) -> 16.6065 | E29: =ROUND(AVERAGE(seed1!E29,seed2!E29,seed3!E29,seed4!E29,seed5!E29),4) -> 14.3043 | G29: 0.9 | H29: =ROUND(AVERAGE(seed1!H29,seed2!H29,seed3!H29,seed4!H29,seed5!H29),4) -> 11.5181 | I29: =ROUND(AVERAGE(seed1!I29,seed2!I29,seed3!I29,seed4!I29,seed5!I29),4) -> 16.6663 | J29: =ROUND(AVERAGE(seed1!J29,seed2!J29,seed3!J29,seed4!J29,seed5!J29),4) -> 14.4794
B30: 1 | C30: =ROUND(AVERAGE(seed1!C30,seed2!C30,seed3!C30,seed4!C30,seed5!C30),4) -> 12.7772 | D30: =ROUND(AVERAGE(seed1!D30,seed2!D30,seed3!D30,seed4!D30,seed5!D30),4) -> 16.67 | E30: =ROUND(AVERAGE(seed1!E30,seed2!E30,seed3!E30,seed4!E30,seed5!E30),4) -> 14.098 | G30: 1 | H30: =ROUND(AVERAGE(seed1!H30,seed2!H30,seed3!H30,seed4!H30,seed5!H30),4) -> 11.7657 | I30: =ROUND(AVERAGE(seed1!I30,seed2!I30,seed3!I30,seed4!I30,seed5!I30),4) -> 16.6663 | J30: =ROUND(AVERAGE(seed1!J30,seed2!J30,seed3!J30,seed4!J30,seed5!J30),4) -> 14.3888

Sheet seed7
C2: 合流200m手前（後続全て） | E2: 1000/1000 | H2: 合流200m手前（後続全て） | J2: 750/750
B3: α | C3: vehicle0 | D3: vehicle1 | E3: all | G3: α | H3: vehicle0 | I3: vehicle1 | J3: all
B4: 0 | C4: 13.6087 | D4: 13.573 | E4: 13.5901 | G4: 0
B5: 0.1 | C5: 13.6087 | D5: 13.573 | E5: 13.5901 | G5: 0.1
B6: 0.2 | C6: 13.6087 | D6: 13.573 | E6: 13.5901 | G6: 0.2
B7: 0.3 | C7: 13.6087 | D7: 13.573 | E7: 13.5901 | G7: 0.3
B8: 0.4 | C8: 12.8835 | D8: 14.7014 | E8: 13.7529 | G8: 0.4
B9: 0.5 | C9: 12.7537 | D9: 15.5823 | E9: 14.0919 | G9: 0.5
B10: 0.6 | C10: 12.7275 | D10: 15.6912 | E10: 14.129 | G10: 0.6
B11: 0.7 | C11: 10.322 | D11: 16.3707 | E11: 12.9557 | G11: 0.7
B12: 0.8 | C12: 10.1142 | D12: 16.4953 | E12: 12.8833 | G12: 0.8
B13: 0.9 | C13: 9.87834 | D13: 16.67 | E13: 12.8256 | G13: 0.9
B14: 1 | C14: 9.87834 | D14: 16.67 | E14: 12.8256 | G14: 1
D16: excel7
C18: 合流200m手前（後続全て） | E18: 1250/750 | H18: 合流200m手前（後続全て） | J18: 750/1250
B19: α | C19: vehicle0 | D19: vehicle1 | E19: all | G19: α | H19: vehicle0 | I19: vehicle1 | J19: all
B20: 0 | C20: 12.5854 | D20: 12.7653 | E20: 12.6541 | G20: 0 | H20: 12.8015 | I20: 11.7582 | J20: 12.1744
B21: 0.1 | C21: 12.5854 | D21: 12.7653 | E21: 12.6541 | G21: 0.1 | H21: 12.8853 | I21: 11.8358 | J21: 12.2526
B22: 0.2 | C22: 12.5854 | D22: 12.7653 | E22: 12.6541 | G22: 0.2 | H22: 12.8853 | I22: 11.8358 | J22: 12.2526
B23: 0.3 | C23: 12.5854 | D23: 12.7653 | E23: 12.6541 | G23: 0.3 | H23: 12.4762 | I23: 13.5858 | J23: 13.1415
B24: 0.4 | C24: 12.0974 | D24: 11.7444 | E24: 11.963 | G24: 0.4 | H24: 12.6383 | I24: 14.0429 | J24: 13.475
B25: 0.5 | C25: 11.4959 | D25: 15.3592 | E25: 12.8338 | G25: 0.5 | H25: 13.7602 | I25: 13.2818 | J25: 13.4713
B26: 0.6 | C26: 13.3258 | D26: 16.3591 | E26: 14.3891 | G26: 0.6 | H26: 12.006 | I26: 15.7481 | J26: 14.1316
B27: 0.7 | C27: 13.4956 | D27: 16.6696 | E27: 14.6083 | G27: 0.7 | H27: 11.5765 | I27: 16.3879 | J27: 14.2732
B28: 0.8 | C28: 13.4961 | D28: 16.6654 | E28: 14.6074 | G28: 0.8 | H28: 9.4037 | I28: 16.6669 | J28: 13.2368
B29: 0.9 | C29: 13.459 | D29: 16.665 | E29: 14.5823 | G29: 0.9 | H29: 9.4191 | I29: 16.67 | J29: 13.2463
B30: 1 | C30: 13.4961 | D30: 16.67 | E30: 14.6087 | G30: 1 | H30: 9.4191 | I30: 16.67 | J30: 13.2463
D32: mac | I32: mac

Sheet seed8
C2: 合流200m手前（後続全て） | E2: 1000/1000 | H2: 合流200m手前（後続全て） | J2: 750/750
B3: α | C3: vehicle0 | D3: vehicle1 | E3: all | G3: α | H3: vehicle0 | I3: vehicle1 | J3: all
B4: 0 | C4: 15.5361 | D4: 15.7677 | E4: 15.6527 | G4: 0
B5: 0.1 | C5: 15.5361 | D5: 15.7677 | E5: 15.6527 | G5: 0.1
B6: 0.2 | C6: 14.9596 | D6: 15.5626 | E6: 15.2611 | G6: 0.2
B7: 0.3 | C7: 14.6901 | D7: 14.854 | E7: 14.7736 | G7: 0.3
B8: 0.4 | C8: 15.6472 | D8: 16.2887 | E8: 15.9661 | G8: 0.4
B9: 0.5 | C9: 15.6472 | D9: 16.2887 | E9: 15.9661 | G9: 0.5
B10: 0.6 | C10: 15.6472 | D10: 16.2887 | E10: 15.9661 | G10: 0.6
B11: 0.7 | C11: 12.9957 | D11: 16.67 | E11: 14.7034 | G11: 0.7
B12: 0.8 | C12: 12.9957 | D12: 16.67 | E12: 14.7034 | G12: 0.8
B13: 0.9 | C13: 12.9533 | D13: 16.666 | E13: 14.6766 | G13: 0.9
B14: 1 | C14: 13.0007 | D14: 16.67 | E14: 14.7058 | G14: 1
D16: excel7
C18: 合流200m手前（後続全て） | E18: 1250/750 | H18: 合流200m手前（後続全て） | J18: 750/1250
B19: α | C19: vehicle0 | D19: vehicle1 | E19: all | G19: α | H19: vehicle0 | I19: vehicle1 | J19: all
B20: 0 | C20: 14.6294 | D20: 15.9228 | E20: 15.116 | G20: 0 | H20: 15.3193 | I20: 14.8627 | J20: 15.0254
B21: 0.1 | C21: 14.6294 | D21: 15.9228 | E21: 15.116 | G21: 0.1 | H21: 15.3193 | I21: 14.8627 | J21: 15.0254
B22: 0.2 | C22: 13.576 | D22: 13.9673 | E22: 13.7292 | G22: 0.2 | H22: 15.3193 | I22: 14.8627 | J22: 15.0254
B23: 0.3 | C23: 14.3556 | D23: 16.6018 | E23: 15.1751 | G23: 0.3 | H23: 12.7649 | I23: 15.4462 | J23: 14.401
B24: 0.4 | C24: 14.8029 | D24: 16.6659 | E24: 15.4832 | G24: 0.4 | H24: 14.31 | I24: 15.3548 | J24: 14.9722
B25: 0.5 | C25: 14.7953 | D25: 16.6659 | E25: 15.4784 | G25: 0.5 | H25: 13.0973 | I25: 15.8292 | J25: 14.7806
B26: 0.6 | C26: 14.7953 | D26: 16.6659 | E26: 15.4784 | G26: 0.6 | H26: 13.8736 | I26: 16.2183 | J26: 15.3075
B27: 0.7 | C27: 14.8004 | D27: 16.668 | E27: 15.4822 | G27: 0.7 | H27: 12.879 | I27: 16.563 | J27: 15.1251
B28: 0.8 | C28: 14.7367 | D28: 16.6676 | E28: 15.4414 | G28: 0.8 | H28: 13.0358 | I28: 16.67 | J28: 15.226
B29: 0.9 | C29: 14.7529 | D29: 16.6686 | E29: 15.4519 | G29: 0.9 | H29: 13.0358 | I29: 16.67 | J29: 15.226
B30: 1 | C30: 14.7514 | D30: 16.67 | E30: 15.4513 | G30: 1 | H30: 13.0358 | I30: 16.67 | J30: 15.226
D32: hpc | I32: hpc

Sheet seed9
C2: 合流200m手前（後続全て） | E2: 1000/1000 | H2: 合流200m手前（後続全て） | J2: 750/750
B3: α | C3: vehicle0 | D3: vehicle1 | E3: all | G3: α | H3: vehicle0 | I3: vehicle1 | J3: all
B4: 0 | C4: 14.6021 | D4: 13.301 | E4: 13.9709 | G4: 0
B5: 0.1 | C5: 14.6021 | D5: 13.301 | E5: 13.9709 | G5: 0.1
B6: 0.2 | C6: 14.51 | D6: 13.3539 | E6: 13.9498 | G6: 0.2
B7: 0.3 | C7: 15.2058 | D7: 14.8733 | E7: 15.0465 | G7: 0.3
B8: 0.4 | C8: 15.1825 | D8: 14.9359 | E8: 15.0643 | G8: 0.4
B9: 0.5 | C9: 14.3581 | D9: 14.9521 | E9: 14.6397 | G9: 0.5
B10: 0.6 | C10: 14.4578 | D10: 15.8551 | E10: 15.1049 | G10: 0.6
B11: 0.7 | C11: 13.2739 | D11: 16.2717 | E11: 14.5907 | G11: 0.7
B12: 0.8 | C12: 12.7865 | D12: 16.561 | E12: 14.4248 | G12: 0.8
B13: 0.9 | C13: 12.0417 | D13: 16.67 | E13: 13.9693 | G13: 0.9
B14: 1 | C14: 12.0417 | D14: 16.67 | E14: 13.9693 | G14: 1
D16: excel7
C18: 合流200m手前（後続全て） | E18: 1250/750 | H18: 合流200m手前（後続全て） | J18: 750/1250
B19: α | C19: vehicle0 | D19: vehicle1 | E19: all | G19: α | H19: vehicle0 | I19: vehicle1 | J19: all
B20: 0 | C20: 12.8964 | D20: 14.6671 | E20: 13.5521 | G20: 0 | H20: 15.6593 | I20: 13.7388 | J20: 14.4466
B21: 0.1 | C21: 12.8964 | D21: 14.6671 | E21: 13.5521 | G21: 0.1 | H21: 15.6593 | I21: 13.7388 | J21: 14.4466
B22: 0.2 | C22: 12.8964 | D22: 14.6671 | E22: 13.5521 | G22: 0.2 | H22: 14.551 | I22: 13.6014 | J22: 13.956
B23: 0.3 | C23: 12.8964 | D23: 14.6671 | E23: 13.5521 | G23: 0.3 | H23: 14.551 | I23: 13.6014 | J23: 13.956
B24: 0.4 | C24: 12.8964 | D24: 14.6671 | E24: 13.5521 | G24: 0.4 | H24: 14.846 | I24: 16.0382 | J24: 15.5569
B25: 0.5 | C25: 12.895 | D25: 14.6696 | E25: 13.5521 | G25: 0.5 | H25: 13.9088 | I25: 15.9104 | J25: 15.0898
B26: 0.6 | C26: 12.4504 | D26: 15.8827 | E26: 13.7072 | G26: 0.6 | H26: 13.867 | I26: 16.1865 | J26: 15.2356
B27: 0.7 | C27: 13.9926 | D27: 16.2023 | E27: 14.8078 | G27: 0.7 | H27: 14.5069 | I27: 16.3058 | J27: 15.5672
B28: 0.8 | C28: 14.0725 | D28: 16.2041 | E28: 14.8698 | G28: 0.8 | H28: 9.7418 | I28: 16.6143 | J28: 13.2927
B29: 0.9 | C29: 11.7696 | D29: 16.5543 | E29: 13.4117 | G29: 0.9 | H29: 9.7418 | I29: 16.6143 | J29: 13.2927
B30: 1 | C30: 11.7696 | D30: 16.5543 | E30: 13.4117 | G30: 1 | H30: 9.7418 | I30: 16.6143 | J30: 13.2927
D32: mac | I32: hpc

Sheet seed10
C2: 合流200m手前（後続全て） | E2: 1000/1000 | H2: 合流200m手前（後続全て） | J2: 750/750
B3: α | C3: vehicle0 | D3: vehicle1 | E3: all | G3: α | H3: vehicle0 | I3: vehicle1 | J3: all
B4: 0 | C4: 11.9406 | D4: 11.9671 | E4: 11.9531 | G4: 0
B5: 0.1 | C5: 11.9406 | D5: 11.9671 | E5: 11.9531 | G5: 0.1
B6: 0.2 | C6: 11.9406 | D6: 11.9671 | E6: 11.9531 | G6: 0.2
B7: 0.3 | C7: 11.9406 | D7: 11.9671 | E7: 11.9531 | G7: 0.3
B8: 0.4 | C8: 12.0659 | D8: 12.6706 | E8: 12.3475 | G8: 0.4
B9: 0.5 | C9: 12.9608 | D9: 14.2486 | E9: 13.5621 | G9: 0.5
B10: 0.6 | C10: 11.566 | D10: 13.5323 | E10: 12.466 | G10: 0.6
B11: 0.7 | C11: 12.3569 | D11: 16.3762 | E11: 14.0906 | G11: 0.7
B12: 0.8 | C12: 10.1492 | D12: 16.6248 | E12: 12.7464 | G12: 0.8
B13: 0.9 | C13: 10.1371 | D13: 16.6695 | E13: 12.757 | G13: 0.9
B14: 1 | C14: 10.134 | D14: 16.67 | E14: 12.7557 | G14: 1
D16: excel7
C18: 合流200m手前（後続全て） | E18: 1250/750 | H18: 合流200m手前（後続全て） | J18: 750/1250
B19: α | C19: vehicle0 | D19: vehicle1 | E19: all | G19: α | H19: vehicle0 | I19: vehicle1 | J19: all
B20: 0 | C20: 11.6523 | D20: 9.9703 | E20: 11.0684 | G20: 0 | H20: 10.5588 | I20: 11.6986 | J20: 11.2036
B21: 0.1 | C21: 11.6523 | D21: 9.9703 | E21: 11.0684 | G21: 0.1 | H21: 10.5588 | I21: 11.6986 | J21: 11.2036
B22: 0.2 | C22: 11.6523 | D22: 9.9703 | E22: 11.0684 | G22: 0.2 | H22: 10.5588 | I22: 11.6986 | J22: 11.2036
B23: 0.3 | C23: 11.6523 | D23: 9.9703 | E23: 11.0684 | G23: 0.3 | H23: 10.5252 | I23: 11.9343 | J23: 11.3224
B24: 0.4 | C24: 12.0172 | D24: 13.5214 | E24: 12.5264 | G24: 0.4 | H24: 10.0681 | I24: 12.6414 | J24: 11.4975
B25: 0.5 | C25: 12.1576 | D25: 13.4591 | E25: 12.6055 | G25: 0.5 | H25: 9.8049 | I25: 15.2307 | J25: 12.6796
B26: 0.6 | C26: 12.2663 | D26: 12.7505 | E26: 12.4338 | G26: 0.6 | H26: 10.4516 | I26: 15.8613 | J26: 13.3696
B27: 0.7 | C27: 11.1362 | D27: 13.6045 | E27: 11.9747 | G27: 0.7 | H27: 11.1294 | I27: 16.1977 | J27: 13.8746
B28: 0.8 | C28: 11.9773 | D28: 15.5927 | E28: 13.1141 | G28: 0.8 | H28: 9.1101 | I28: 16.67 | J28: 12.9479
B29: 0.9 | C29: 12.2766 | D29: 16.67 | E29: 13.6072 | G29: 0.9 | H29: 9.1101 | I29: 16.67 | J29: 12.9479
B30: 1 | C30: 12.2766 | D30: 16.67 | E30: 13.6072 | G30: 1 | H30: 9.1101 | I30: 16.67 | J30: 12.9479
D32: hpc | I32: hpc

Sheet average1-10
C2: 合流200m手前（後続全て） | E2: 1000/1000 | H2: 合流200m手前（後続全て） | J2: 750/750
B3: α | C3: vehicle0 | D3: vehicle1 | E3: all | G3: α | H3: vehicle0 | I3: vehicle1 | J3: all
B4: 0 | C4: =ROUND(AVERAGE(seed1!C4,seed2!C4,seed3!C4,seed4!C4,seed5!C4,seed7!C4,seed8!C4,seed9!C4,seed10!C4),4) -> 14.8078 | D4: =ROUND(AVERAGE(seed1!D4,seed2!D4,seed3!D4,seed4!D4,seed5!D4,seed7!D4,seed8!D4,seed9!D4,seed10!D4),4) -> 13.871 | E4: =ROUND(AVERAGE(seed1!E4,seed2!E4,seed3!E4,seed4!E4,seed5!E4,seed7!E4,seed8!E4,seed9!E4,seed10!E4),4) -> 14.3486 | G4: 0
B5: 0.1 | C5: =ROUND(AVERAGE(seed1!C5,seed2!C5,seed3!C5,seed4!C5,seed5!C5,seed7!C5,seed8!C5,seed9!C5,seed10!C5),4) -> 14.8078 | D5: =ROUND(AVERAGE(seed1!D5,seed2!D5,seed3!D5,seed4!D5,seed5!D5,seed7!D5,seed8!D5,seed9!D5,seed10!D5),4) -> 13.871 | E5: =ROUND(AVERAGE(seed1!E5,seed2!E5,seed3!E5,seed4!E5,seed5!E5,seed7!E5,seed8!E5,seed9!E5,seed10!E5),4) -> 14.3486 | G5: 0.1
B6: 0.2 | C6: =ROUND(AVERAGE(seed1!C6,seed2!C6,seed3!C6,seed4!C6,seed5!C6,seed7!C6,seed8!C6,seed9!C6,seed10!C6),4) -> 14.6629 | D6: =ROUND(AVERAGE(seed1!D6,seed2!D6,seed3!D6,seed4!D6,seed5!D6,seed7!D6,seed8!D6,seed9!D6,seed10!D6),4) -> 14.0996 | E6: =ROUND(AVERAGE(seed1!E6,seed2!E6,seed3!E6,seed4!E6,seed5!E6,seed7!E6,seed8!E6,seed9!E6,seed10!E6),4) -> 14.3905 | G6: 0.2
B7: 0.3 | C7: =ROUND(AVERAGE(seed1!C7,seed2!C7,seed3!C7,seed4!C7,seed5!C7,seed7!C7,seed8!C7,seed9!C7,seed10!C7),4) -> 14.6335 | D7: =ROUND(AVERAGE(seed1!D7,seed2!D7,seed3!D7,seed4!D7,seed5!D7,seed7!D7,seed8!D7,seed9!D7,seed10!D7),4) -> 14.2648 | E7: =ROUND(AVERAGE(seed1!E7,seed2!E7,seed3!E7,seed4!E7,seed5!E7,seed7!E7,seed8!E7,seed9!E7,seed10!E7),4) -> 14.4561 | G7: 0.3
B8: 0.4 | C8: =ROUND(AVERAGE(seed1!C8,seed2!C8,seed3!C8,seed4!C8,seed5!C8,seed7!C8,seed8!C8,seed9!C8,seed10!C8),4) -> 14.5774 | D8: =ROUND(AVERAGE(seed1!D8,seed2!D8,seed3!D8,seed4!D8,seed5!D8,seed7!D8,seed8!D8,seed9!D8,seed10!D8),4) -> 14.7656 | E8: =ROUND(AVERAGE(seed1!E8,seed2!E8,seed3!E8,seed4!E8,seed5!E8,seed7!E8,seed8!E8,seed9!E8,seed10!E8),4) -> 14.6643 | G8: 0.4
B9: 0.5 | C9: =ROUND(AVERAGE(seed1!C9,seed2!C9,seed3!C9,seed4!C9,seed5!C9,seed7!C9,seed8!C9,seed9!C9,seed10!C9),4) -> 14.6464 | D9: =ROUND(AVERAGE(seed1!D9,seed2!D9,seed3!D9,seed4!D9,seed5!D9,seed7!D9,seed8!D9,seed9!D9,seed10!D9),4) -> 15.1893 | E9: =ROUND(AVERAGE(seed1!E9,seed2!E9,seed3!E9,seed4!E9,seed5!E9,seed7!E9,seed8!E9,seed9!E9,seed10!E9),4) -> 14.9031 | G9: 0.5
B10: 0.6 | C10: =ROUND(AVERAGE(seed1!C10,seed2!C10,seed3!C10,seed4!C10,seed5!C10,seed7!C10,seed8!C10,seed9!C10,seed10!C10),4) -> 14.334 | D10: =ROUND(AVERAGE(seed1!D10,seed2!D10,seed3!D10,seed4!D10,seed5!D10,seed7!D10,seed8!D10,seed9!D10,seed10!D10),4) -> 15.6315 | E10: =ROUND(AVERAGE(seed1!E10,seed2!E10,seed3!E10,seed4!E10,seed5!E10,seed7!E10,seed8!E10,seed9!E10,seed10!E10),4) -> 14.9489 | G10: 0.6
B11: 0.7 | C11: =ROUND(AVERAGE(seed1!C11,seed2!C11,seed3!C11,seed4!C11,seed5!C11,seed7!C11,seed8!C11,seed9!C11,seed10!C11),4) -> 13.3584 | D11: =ROUND(AVERAGE(seed1!D11,seed2!D11,seed3!D11,seed4!D11,seed5!D11,seed7!D11,seed8!D11,seed9!D11,seed10!D11),4) -> 16.353 | E11: =ROUND(AVERAGE(seed1!E11,seed2!E11,seed3!E11,seed4!E11,seed5!E11,seed7!E11,seed8!E11,seed9!E11,seed10!E11),4) -> 14.7089 | G11: 0.7
B12: 0.8 | C12: =ROUND(AVERAGE(seed1!C12,seed2!C12,seed3!C12,seed4!C12,seed5!C12,seed7!C12,seed8!C12,seed9!C12,seed10!C12),4) -> 12.3973 | D12: =ROUND(AVERAGE(seed1!D12,seed2!D12,seed3!D12,seed4!D12,seed5!D12,seed7!D12,seed8!D12,seed9!D12,seed10!D12),4) -> 16.6073 | E12: =ROUND(AVERAGE(seed1!E12,seed2!E12,seed3!E12,seed4!E12,seed5!E12,seed7!E12,seed8!E12,seed9!E12,seed10!E12),4) -> 14.2452 | G12: 0.8
B13: 0.9 | C13: =ROUND(AVERAGE(seed1!C13,seed2!C13,seed3!C13,seed4!C13,seed5!C13,seed7!C13,seed8!C13,seed9!C13,seed10!C13),4) -> 11.8268 | D13: =ROUND(AVERAGE(seed1!D13,seed2!D13,seed3!D13,seed4!D13,seed5!D13,seed7!D13,seed8!D13,seed9!D13,seed10!D13),4) -> 16.6695 | E13: =ROUND(AVERAGE(seed1!E13,seed2!E13,seed3!E13,seed4!E13,seed5!E13,seed7!E13,seed8!E13,seed9!E13,seed10!E13),4) -> 13.9316 | G13: 0.9
B14: 1 | C14: =ROUND(AVERAGE(seed1!C14,seed2!C14,seed3!C14,seed4!C14,seed5!C14,seed7!C14,seed8!C14,seed9!C14,seed10!C14),4) -> 11.8317 | D14: =ROUND(AVERAGE(seed1!D14,seed2!D14,seed3!D14,seed4!D14,seed5!D14,seed7!D14,seed8!D14,seed9!D14,seed10!D14),4) -> 16.67 | E14: =ROUND(AVERAGE(seed1!E14,seed2!E14,seed3!E14,seed4!E14,seed5!E14,seed7!E14,seed8!E14,seed9!E14,seed10!E14),4) -> 13.9347 | G14: 1
C18: 合流200m手前（後続全て） | E18: 1250/750 | H18: 合流200m手前（後続全て） | J18: 750/1250
B19: α | C19: vehicle0 | D19: vehicle1 | E19: all | G19: α | H19: vehicle0 | I19: vehicle1 | J19: all
B20: 0 | C20: =ROUND(AVERAGE(seed1!C20,seed2!C20,seed3!C20,seed4!C20,seed5!C20,seed7!C20,seed8!C20,seed9!C20,seed10!C20),4) -> 13.7048 | D20: =ROUND(AVERAGE(seed1!D20,seed2!D20,seed3!D20,seed4!D20,seed5!D20,seed7!D20,seed8!D20,seed9!D20,seed10!D20),4) -> 13.6734 | E20: =ROUND(AVERAGE(seed1!E20,seed2!E20,seed3!E20,seed4!E20,seed5!E20,seed7!E20,seed8!E20,seed9!E20,seed10!E20),4) -> 13.7057 | G20: 0 | H20: =ROUND(AVERAGE(seed1!H20,seed2!H20,seed3!H20,seed4!H20,seed5!H20,seed7!H20,seed8!H20,seed9!H20,seed10!H20),4) -> 14.5551 | I20: =ROUND(AVERAGE(seed1!I20,seed2!I20,seed3!I20,seed4!I20,seed5!I20,seed7!I20,seed8!I20,seed9!I20,seed10!I20),4) -> 14.0725 | J20: =ROUND(AVERAGE(seed1!J20,seed2!J20,seed3!J20,seed4!J20,seed5!J20,seed7!J20,seed8!J20,seed9!J20,seed10!J20),4) -> 14.2597
B21: 0.1 | C21: =ROUND(AVERAGE(seed1!C21,seed2!C21,seed3!C21,seed4!C21,seed5!C21,seed7!C21,seed8!C21,seed9!C21,seed10!C21),4) -> 13.7048 | D21: =ROUND(AVERAGE(seed1!D21,seed2!D21,seed3!D21,seed4!D21,seed5!D21,seed7!D21,seed8!D21,seed9!D21,seed10!D21),4) -> 13.6734 | E21: =ROUND(AVERAGE(seed1!E21,seed2!E21,seed3!E21,seed4!E21,seed5!E21,seed7!E21,seed8!E21,seed9!E21,seed10!E21),4) -> 13.7057 | G21: 0.1 | H21: =ROUND(AVERAGE(seed1!H21,seed2!H21,seed3!H21,seed4!H21,seed5!H21,seed7!H21,seed8!H21,seed9!H21,seed10!H21),4) -> 14.4336 | I21: =ROUND(AVERAGE(seed1!I21,seed2!I21,seed3!I21,seed4!I21,seed5!I21,seed7!I21,seed8!I21,seed9!I21,seed10!I21),4) -> 13.9883 | J21: =ROUND(AVERAGE(seed1!J21,seed2!J21,seed3!J21,seed4!J21,seed5!J21,seed7!J21,seed8!J21,seed9!J21,seed10!J21),4) -> 14.1472
B22: 0.2 | C22: =ROUND(AVERAGE(seed1!C22,seed2!C22,seed3!C22,seed4!C22,seed5!C22,seed7!C22,seed8!C22,seed9!C22,seed10!C22),4) -> 13.5858 | D22: =ROUND(AVERAGE(seed1!D22,seed2!D22,seed3!D22,seed4!D22,seed5!D22,seed7!D22,seed8!D22,seed9!D22,seed10!D22),4) -> 13.5289 | E22: =ROUND(AVERAGE(seed1!E22,seed2!E22,seed3!E22,seed4!E22,seed5!E22,seed7!E22,seed8!E22,seed9!E22,seed10!E22),4) -> 13.5757 | G22: 0.2 | H22: =ROUND(AVERAGE(seed1!H22,seed2!H22,seed3!H22,seed4!H22,seed5!H22,seed7!H22,seed8!H22,seed9!H22,seed10!H22),4) -> 14.4386 | I22: =ROUND(AVERAGE(seed1!I22,seed2!I22,seed3!I22,seed4!I22,seed5!I22,seed7!I22,seed8!I22,seed9!I22,seed10!I22),4) -> 14.1924 | J22: =ROUND(AVERAGE(seed1!J22,seed2!J22,seed3!J22,seed4!J22,seed5!J22,seed7!J22,seed8!J22,seed9!J22,seed10!J22),4) -> 14.2879
B23: 0.3 | C23: =ROUND(AVERAGE(seed1!C23,seed2!C23,seed3!C23,seed4!C23,seed5!C23,seed7!C23,seed8!C23,seed9!C23,seed10!C23),4) -> 13.6638 | D23: =ROUND(AVERAGE(seed1!D23,seed2!D23,seed3!D23,seed4!D23,seed5!D23,seed7!D23,seed8!D23,seed9!D23,seed10!D23),4) -> 13.8577 | E23: =ROUND(AVERAGE(seed1!E23,seed2!E23,seed3!E23,seed4!E23,seed5!E23,seed7!E23,seed8!E23,seed9!E23,seed10!E23),4) -> 13.7432 | G23: 0.3 | H23: =ROUND(AVERAGE(seed1!H23,seed2!H23,seed3!H23,seed4!H23,seed5!H23,seed7!H23,seed8!H23,seed9!H23,seed10!H23),4) -> 13.8447 | I23: =ROUND(AVERAGE(seed1!I23,seed2!I23,seed3!I23,seed4!I23,seed5!I23,seed7!I23,seed8!I23,seed9!I23,seed10!I23),4) -> 14.7242 | J23: =ROUND(AVERAGE(seed1!J23,seed2!J23,seed3!J23,seed4!J23,seed5!J23,seed7!J23,seed8!J23,seed9!J23,seed10!J23),4) -> 14.3737
B24: 0.4 | C24: =ROUND(AVERAGE(seed1!C24,seed2!C24,seed3!C24,seed4!C24,seed5!C24,seed7!C24,seed8!C24,seed9!C24,seed10!C24),4) -> 13.7074 | D24: =ROUND(AVERAGE(seed1!D24,seed2!D24,seed3!D24,seed4!D24,seed5!D24,seed7!D24,seed8!D24,seed9!D24,seed10!D24),4) -> 14.3515 | E24: =ROUND(AVERAGE(seed1!E24,seed2!E24,seed3!E24,seed4!E24,seed5!E24,seed7!E24,seed8!E24,seed9!E24,seed10!E24),4) -> 13.9406 | G24: 0.4 | H24: =ROUND(AVERAGE(seed1!H24,seed2!H24,seed3!H24,seed4!H24,seed5!H24,seed7!H24,seed8!H24,seed9!H24,seed10!H24),4) -> 13.7835 | I24: =ROUND(AVERAGE(seed1!I24,seed2!I24,seed3!I24,seed4!I24,seed5!I24,seed7!I24,seed8!I24,seed9!I24,seed10!I24),4) -> 15.0939 | J24: =ROUND(AVERAGE(seed1!J24,seed2!J24,seed3!J24,seed4!J24,seed5!J24,seed7!J24,seed8!J24,seed9!J24,seed10!J24),4) -> 14.5644
B25: 0.5 | C25: =ROUND(AVERAGE(seed1!C25,seed2!C25,seed3!C25,seed4!C25,seed5!C25,seed7!C25,seed8!C25,seed9!C25,seed10!C25),4) -> 13.7322 | D25: =ROUND(AVERAGE(seed1!D25,seed2!D25,seed3!D25,seed4!D25,seed5!D25,seed7!D25,seed8!D25,seed9!D25,seed10!D25),4) -> 15.156 | E25: =ROUND(AVERAGE(seed1!E25,seed2!E25,seed3!E25,seed4!E25,seed5!E25,seed7!E25,seed8!E25,seed9!E25,seed10!E25),4) -> 14.2384 | G25: 0.5 | H25: =ROUND(AVERAGE(seed1!H25,seed2!H25,seed3!H25,seed4!H25,seed5!H25,seed7!H25,seed8!H25,seed9!H25,seed10!H25),4) -> 13.624 | I25: =ROUND(AVERAGE(seed1!I25,seed2!I25,seed3!I25,seed4!I25,seed5!I25,seed7!I25,seed8!I25,seed9!I25,seed10!I25),4) -> 15.7214 | J25: =ROUND(AVERAGE(seed1!J25,seed2!J25,seed3!J25,seed4!J25,seed5!J25,seed7!J25,seed8!J25,seed9!J25,seed10!J25),4) -> 14.8412
B26: 0.6 | C26: =ROUND(AVERAGE(seed1!C26,seed2!C26,seed3!C26,seed4!C26,seed5!C26,seed7!C26,seed8!C26,seed9!C26,seed10!C26),4) -> 13.7619 | D26: =ROUND(AVERAGE(seed1!D26,seed2!D26,seed3!D26,seed4!D26,seed5!D26,seed7!D26,seed8!D26,seed9!D26,seed10!D26),4) -> 15.3863 | E26: =ROUND(AVERAGE(seed1!E26,seed2!E26,seed3!E26,seed4!E26,seed5!E26,seed7!E26,seed8!E26,seed9!E26,seed10!E26),4) -> 14.3415 | G26: 0.6 | H26: =ROUND(AVERAGE(seed1!H26,seed2!H26,seed3!H26,seed4!H26,seed5!H26,seed7!H26,seed8!H26,seed9!H26,seed10!H26),4) -> 13.6679 | I26: =ROUND(AVERAGE(seed1!I26,seed2!I26,seed3!I26,seed4!I26,seed5!I26,seed7!I26,seed8!I26,seed9!I26,seed10!I26),4) -> 16.0444 | J26: =ROUND(AVERAGE(seed1!J26,seed2!J26,seed3!J26,seed4!J26,seed5!J26,seed7!J26,seed8!J26,seed9!J26,seed10!J26),4) -> 15.0377
B27: 0.7 | C27: =ROUND(AVERAGE(seed1!C27,seed2!C27,seed3!C27,seed4!C27,seed5!C27,seed7!C27,seed8!C27,seed9!C27,seed10!C27),4) -> 13.7294 | D27: =ROUND(AVERAGE(seed1!D27,seed2!D27,seed3!D27,seed4!D27,seed5!D27,seed7!D27,seed8!D27,seed9!D27,seed10!D27),4) -> 15.9047 | E27: =ROUND(AVERAGE(seed1!E27,seed2!E27,seed3!E27,seed4!E27,seed5!E27,seed7!E27,seed8!E27,seed9!E27,seed10!E27),4) -> 14.4917 | G27: 0.7 | H27: =ROUND(AVERAGE(seed1!H27,seed2!H27,seed3!H27,seed4!H27,seed5!H27,seed7!H27,seed8!H27,seed9!H27,seed10!H27),4) -> 12.9054 | I27: =ROUND(AVERAGE(seed1!I27,seed2!I27,seed3!I27,seed4!I27,seed5!I27,seed7!I27,seed8!I27,seed9!I27,seed10!I27),4) -> 16.4616 | J27: =ROUND(AVERAGE(seed1!J27,seed2!J27,seed3!J27,seed4!J27,seed5!J27,seed7!J27,seed8!J27,seed9!J27,seed10!J27),4) -> 14.9709
B28: 0.8 | C28: =ROUND(AVERAGE(seed1!C28,seed2!C28,seed3!C28,seed4!C28,seed5!C28,seed7!C28,seed8!C28,seed9!C28,seed10!C28),4) -> 13.5956 | D28: =ROUND(AVERAGE(seed1!D28,seed2!D28,seed3!D28,seed4!D28,seed5!D28,seed7!D28,seed8!D28,seed9!D28,seed10!D28),4) -> 16.4548 | E28: =ROUND(AVERAGE(seed1!E28,seed2!E28,seed3!E28,seed4!E28,seed5!E28,seed7!E28,seed8!E28,seed9!E28,seed10!E28),4) -> 14.5843 | G28: 0.8 | H28: =ROUND(AVERAGE(seed1!H28,seed2!H28,seed3!H28,seed4!H28,seed5!H28,seed7!H28,seed8!H28,seed9!H28,seed10!H28),4) -> 11.5561 | I28: =ROUND(AVERAGE(seed1!I28,seed2!I28,seed3!I28,seed4!I28,seed5!I28,seed7!I28,seed8!I28,seed9!I28,seed10!I28),4) -> 16.6501 | J28: =ROUND(AVERAGE(seed1!J28,seed2!J28,seed3!J28,seed4!J28,seed5!J28,seed7!J28,seed8!J28,seed9!J28,seed10!J28),4) -> 14.279
B29: 0.9 | C29: =ROUND(AVERAGE(seed1!C29,seed2!C29,seed3!C29,seed4!C29,seed5!C29,seed7!C29,seed8!C29,seed9!C29,seed10!C29),4) -> 13.0935 | D29: =ROUND(AVERAGE(seed1!D29,seed2!D29,seed3!D29,seed4!D29,seed5!D29,seed7!D29,seed8!D29,seed9!D29,seed10!D29),4) -> 16.6211 | E29: =ROUND(AVERAGE(seed1!E29,seed2!E29,seed3!E29,seed4!E29,seed5!E29,seed7!E29,seed8!E29,seed9!E29,seed10!E29),4) -> 14.2861 | G29: 0.9 | H29: =ROUND(AVERAGE(seed1!H29,seed2!H29,seed3!H29,seed4!H29,seed5!H29,seed7!H29,seed8!H29,seed9!H29,seed10!H29),4) -> 10.9886 | I29: =ROUND(AVERAGE(seed1!I29,seed2!I29,seed3!I29,seed4!I29,seed5!I29,seed7!I29,seed8!I29,seed9!I29,seed10!I29),4) -> 16.6617 | J29: =ROUND(AVERAGE(seed1!J29,seed2!J29,seed3!J29,seed4!J29,seed5!J29,seed7!J29,seed8!J29,seed9!J29,seed10!J29),4) -> 14.1233
B30: 1 | C30: =ROUND(AVERAGE(seed1!C30,seed2!C30,seed3!C30,seed4!C30,seed5!C30,seed7!C30,seed8!C30,seed9!C30,seed10!C30),4) -> 12.9089 | D30: =ROUND(AVERAGE(seed1!D30,seed2!D30,seed3!D30,seed4!D30,seed5!D30,seed7!D30,seed8!D30,seed9!D30,seed10!D30),4) -> 16.6571 | E30: =ROUND(AVERAGE(seed1!E30,seed2!E30,seed3!E30,seed4!E30,seed5!E30,seed7!E30,seed8!E30,seed9!E30,seed10!E30),4) -> 14.1743 | G30: 1 | H30: =ROUND(AVERAGE(seed1!H30,seed2!H30,seed3!H30,seed4!H30,seed5!H30,seed7!H30,seed8!H30,seed9!H30,seed10!H30),4) -> 11.1261 | I30: =ROUND(AVERAGE(seed1!I30,seed2!I30,seed3!I30,seed4!I30,seed5!I30,seed7!I30,seed8!I30,seed9!I30,seed10!I30),4) -> 16.6617 | J30: =ROUND(AVERAGE(seed1!J30,seed2!J30,seed3!J30,seed4!J30,seed5!J30,seed7!J30,seed8!J30,seed9!J30,seed10!J30),4) -> 14.073

Sheet seed11
C2: 合流200m手前（後続全て） | E2: 1000/1000
B3: α | C3: vehicle0 | D3: vehicle1 | E3: all
B4: 0 | C4: 14.9702 | D4: 14.926 | E4: 14.9482
B5: 0.1 | C5: 14.9702 | D5: 14.926 | E5: 14.9482
B6: 0.2 | C6: 14.9702 | D6: 14.926 | E6: 14.9482
B7: 0.3 | C7: 14.9531 | D7: 15.0205 | E7: 14.9868
B8: 0.4 | C8: 14.9531 | D8: 15.0205 | E8: 14.9868
B9: 0.5 | C9: 14.7881 | D9: 15.7739 | E9: 15.2802
B10: 0.6 | C10: 15.0424 | D10: 15.8653 | E10: 15.4534
B11: 0.7 | C11: 14.6558 | D11: 16.3675 | E11: 15.5077
B12: 0.8 | C12: 11.3913 | D12: 16.5926 | E12: 13.7615
B13: 0.9 | C13: 11.2703 | D13: 16.67 | E13: 13.7309
B14: 1 | C14: 11.2703 | D14: 16.67 | E14: 13.7309
D16: hpc

Sheet seed12
C2: 合流200m手前（後続全て） | E2: 1000/1000
B3: α | C3: vehicle0 | D3: vehicle1 | E3: all
B4: 0 | C4: 12.9883 | D4: 12.8925 | E4: 12.9457 | G4: veh18低速
B5: 0.1 | C5: 12.9883 | D5: 12.8925 | E5: 12.9457 | G5: veh18低速
B6: 0.2 | C6: 12.9883 | D6: 12.8925 | E6: 12.9457 | G6: veh18低速
B7: 0.3 | C7: 12.9823 | D7: 13.5993 | E7: 13.2599
B8: 0.4 | C8: 12.6654 | D8: 14.7949 | E8: 13.6086
B9: 0.5 | C9: 13.0663 | D9: 13.6723 | E9: 13.349
B10: 0.6 | C10: 12.6621 | D10: 15.4548 | E10: 13.8765
B11: 0.7 | C11: 11.9332 | D11: 15.7264 | E11: 13.5469
B12: 0.8 | C12: 12.0619 | D12: 16.67 | E12: 13.9616
B13: 0.9 | C13: 12.0619 | D13: 16.67 | E13: 13.9616
B14: 1 | C14: 12.0619 | D14: 16.67 | E14: 13.9616
D16: hpc

Sheet seed13
C2: 合流200m手前（後続全て） | E2: 1000/1000
B3: α | C3: vehicle0 | D3: vehicle1 | E3: all
B4: 0 | C4: 12.142 | D4: 12.4002 | E4: 12.2698
B5: 0.1 | C5: 12.142 | D5: 12.4002 | E5: 12.2698
B6: 0.2 | C6: 12.142 | D6: 12.4002 | E6: 12.2698
B7: 0.3 | C7: 12.4434 | D7: 12.5875 | E7: 12.5147
B8: 0.4 | C8: 12.4427 | D8: 12.5784 | E8: 12.5099
B9: 0.5 | C9: 12.311 | D9: 13.3291 | E9: 12.8036
B10: 0.6 | C10: 11.1708 | D10: 14.6151 | E10: 12.7054
B11: 0.7 | C11: 12.0865 | D11: 15.9581 | E11: 13.748
B12: 0.8 | C12: 9.8757 | D12: 16.2927 | E12: 12.4271
B13: 0.9 | C13: 9.6273 | D13: 16.67 | E13: 12.3922
B14: 1 | C14: 9.6273 | D14: 16.67 | E14: 12.3922
D16: hpc

Sheet seed14
C2: 合流200m手前（後続全て） | E2: 1000/1000
B3: α | C3: vehicle0 | D3: vehicle1 | E3: all
B4: 0 | C4: 11.8174 | D4: 11.9574 | E4: 11.8868
B5: 0.1 | C5: 11.8174 | D5: 11.9574 | E5: 11.8868
B6: 0.2 | C6: 11.8174 | D6: 11.9574 | E6: 11.8868
B7: 0.3 | C7: 11.8056 | D7: 12.2026 | E7: 12.0022
B8: 0.4 | C8: 11.5762 | D8: 12.1156 | E8: 11.8418
B9: 0.5 | C9: 11.3517 | D9: 13.9652 | E9: 12.6082
B10: 0.6 | C10: 11.3461 | D10: 13.9743 | E10: 12.6097
B11: 0.7 | C11: 11.9963 | D11: 16.0396 | E11: 13.8218
B12: 0.8 | C12: 10.5352 | D12: 16.5975 | E12: 13.1686
B13: 0.9 | C13: 10.2834 | D13: 16.67 | E13: 13.0124
B14: 1 | C14: 10.2834 | D14: 16.67 | E14: 13.0124
D16: hpc

Sheet seed15
C2: 合流200m手前（後続全て） | E2: 1000/1000
B3: α | C3: vehicle0 | D3: vehicle1 | E3: all
B4: 0 | C4: 11.0315 | D4: 13.6134 | E4: 12.287
B5: 0.1 | C5: 11.0315 | D5: 13.6134 | E5: 12.287
B6: 0.2 | C6: 11.0315 | D6: 13.6134 | E6: 12.287
B7: 0.3 | C7: 11.0315 | D7: 13.6134 | E7: 12.287
B8: 0.4 | C8: 11.0315 | D8: 13.6782 | E8: 12.317
B9: 0.5 | C9: 11.5214 | D9: 14.8616 | E9: 13.0875
B10: 0.6 | C10: 11.2509 | D10: 14.8677 | E10: 12.9427
B11: 0.7 | C11: 12.0284 | D11: 16.4263 | E11: 14.0622
B12: 0.8 | C12: 11.1375 | D12: 16.6697 | E12: 13.6085
B13: 0.9 | C13: 10.4423 | D13: 16.67 | E13: 13.2197
B14: 1 | C14: 10.4423 | D14: 16.67 | E14: 13.2197
D16: hpc

Sheet average1-15
C2: 合流200m手前（後続全て） | E2: 1000/1000
B3: α | C3: vehicle0 | D3: vehicle1 | E3: all
B4: 0 | C4: =ROUND(AVERAGE(seed1!C4,seed2!C4,seed3!C4,seed4!C4,seed5!C4,seed7!C4,seed8!C4,seed9!C4,seed10!C4,seed11!C4,seed12!C4,seed13!C4,seed14!C4,seed15!C4),4) -> 14.0157 | D4: =ROUND(AVERAGE(seed1!D4,seed2!D4,seed3!D4,seed4!D4,seed5!D4,seed7!D4,seed8!D4,seed9!D4,seed10!D4,seed11!D4,seed12!D4,seed13!D4,seed14!D4,seed15!D4),4) -> 13.6163 | E4: =ROUND(AVERAGE(seed1!E4,seed2!E4,seed3!E4,seed4!E4,seed5!E4,seed7!E4,seed8!E4,seed9!E4,seed10!E4,seed11!E4,seed12!E4,seed13!E4,seed14!E4,seed15!E4),4) -> 13.8197
B5: 0.1 | C5: =ROUND(AVERAGE(seed1!C5,seed2!C5,seed3!C5,seed4!C5,seed5!C5,seed7!C5,seed8!C5,seed9!C5,seed10!C5,seed11!C5,seed12!C5,seed13!C5,seed14!C5,seed15!C5),4) -> 14.0157 | D5: =ROUND(AVERAGE(seed1!D5,seed2!D5,seed3!D5,seed4!D5,seed5!D5,seed7!D5,seed8!D5,seed9!D5,seed10!D5,seed11!D5,seed12!D5,seed13!D5,seed14!D5,seed15!D5),4) -> 13.6163 | E5: =ROUND(AVERAGE(seed1!E5,seed2!E5,seed3!E5,seed4!E5,seed5!E5,seed7!E5,seed8!E5,seed9!E5,seed10!E5,seed11!E5,seed12!E5,seed13!E5,seed14!E5,seed15!E5),4) -> 13.8197
B6: 0.2 | C6: =ROUND(AVERAGE(seed1!C6,seed2!C6,seed3!C6,seed4!C6,seed5!C6,seed7!C6,seed8!C6,seed9!C6,seed10!C6,seed11!C6,seed12!C6,seed13!C6,seed14!C6,seed15!C6),4) -> 13.9225 | D6: =ROUND(AVERAGE(seed1!D6,seed2!D6,seed3!D6,seed4!D6,seed5!D6,seed7!D6,seed8!D6,seed9!D6,seed10!D6,seed11!D6,seed12!D6,seed13!D6,seed14!D6,seed15!D6),4) -> 13.7633 | E6: =ROUND(AVERAGE(seed1!E6,seed2!E6,seed3!E6,seed4!E6,seed5!E6,seed7!E6,seed8!E6,seed9!E6,seed10!E6,seed11!E6,seed12!E6,seed13!E6,seed14!E6,seed15!E6),4) -> 13.8465
B7: 0.3 | C7: =ROUND(AVERAGE(seed1!C7,seed2!C7,seed3!C7,seed4!C7,seed5!C7,seed7!C7,seed8!C7,seed9!C7,seed10!C7,seed11!C7,seed12!C7,seed13!C7,seed14!C7,seed15!C7),4) -> 13.9227 | D7: =ROUND(AVERAGE(seed1!D7,seed2!D7,seed3!D7,seed4!D7,seed5!D7,seed7!D7,seed8!D7,seed9!D7,seed10!D7,seed11!D7,seed12!D7,seed13!D7,seed14!D7,seed15!D7),4) -> 13.9576 | E7: =ROUND(AVERAGE(seed1!E7,seed2!E7,seed3!E7,seed4!E7,seed5!E7,seed7!E7,seed8!E7,seed9!E7,seed10!E7,seed11!E7,seed12!E7,seed13!E7,seed14!E7,seed15!E7),4) -> 13.9397
B8: 0.4 | C8: =ROUND(AVERAGE(seed1!C8,seed2!C8,seed3!C8,seed4!C8,seed5!C8,seed7!C8,seed8!C8,seed9!C8,seed10!C8,seed11!C8,seed12!C8,seed13!C8,seed14!C8,seed15!C8),4) -> 13.8475 | D8: =ROUND(AVERAGE(seed1!D8,seed2!D8,seed3!D8,seed4!D8,seed5!D8,seed7!D8,seed8!D8,seed9!D8,seed10!D8,seed11!D8,seed12!D8,seed13!D8,seed14!D8,seed15!D8),4) -> 14.3627 | E8: =ROUND(AVERAGE(seed1!E8,seed2!E8,seed3!E8,seed4!E8,seed5!E8,seed7!E8,seed8!E8,seed9!E8,seed10!E8,seed11!E8,seed12!E8,seed13!E8,seed14!E8,seed15!E8),4) -> 14.0887
B9: 0.5 | C9: =ROUND(AVERAGE(seed1!C9,seed2!C9,seed3!C9,seed4!C9,seed5!C9,seed7!C9,seed8!C9,seed9!C9,seed10!C9,seed11!C9,seed12!C9,seed13!C9,seed14!C9,seed15!C9),4) -> 13.9183 | D9: =ROUND(AVERAGE(seed1!D9,seed2!D9,seed3!D9,seed4!D9,seed5!D9,seed7!D9,seed8!D9,seed9!D9,seed10!D9,seed11!D9,seed12!D9,seed13!D9,seed14!D9,seed15!D9),4) -> 14.879 | E9: =ROUND(AVERAGE(seed1!E9,seed2!E9,seed3!E9,seed4!E9,seed5!E9,seed7!E9,seed8!E9,seed9!E9,seed10!E9,seed11!E9,seed12!E9,seed13!E9,seed14!E9,seed15!E9),4) -> 14.3755
B10: 0.6 | C10: =ROUND(AVERAGE(seed1!C10,seed2!C10,seed3!C10,seed4!C10,seed5!C10,seed7!C10,seed8!C10,seed9!C10,seed10!C10,seed11!C10,seed12!C10,seed13!C10,seed14!C10,seed15!C10),4) -> 13.6056 | D10: =ROUND(AVERAGE(seed1!D10,seed2!D10,seed3!D10,seed4!D10,seed5!D10,seed7!D10,seed8!D10,seed9!D10,seed10!D10,seed11!D10,seed12!D10,seed13!D10,seed14!D10,seed15!D10),4) -> 15.3901 | E10: =ROUND(AVERAGE(seed1!E10,seed2!E10,seed3!E10,seed4!E10,seed5!E10,seed7!E10,seed8!E10,seed9!E10,seed10!E10,seed11!E10,seed12!E10,seed13!E10,seed14!E10,seed15!E10),4) -> 14.4377
B11: 0.7 | C11: =ROUND(AVERAGE(seed1!C11,seed2!C11,seed3!C11,seed4!C11,seed5!C11,seed7!C11,seed8!C11,seed9!C11,seed10!C11,seed11!C11,seed12!C11,seed13!C11,seed14!C11,seed15!C11),4) -> 13.0661 | D11: =ROUND(AVERAGE(seed1!D11,seed2!D11,seed3!D11,seed4!D11,seed5!D11,seed7!D11,seed8!D11,seed9!D11,seed10!D11,seed11!D11,seed12!D11,seed13!D11,seed14!D11,seed15!D11),4) -> 16.2639 | E11: =ROUND(AVERAGE(seed1!E11,seed2!E11,seed3!E11,seed4!E11,seed5!E11,seed7!E11,seed8!E11,seed9!E11,seed10!E11,seed11!E11,seed12!E11,seed13!E11,seed14!E11,seed15!E11),4) -> 14.5048
B12: 0.8 | C12: =ROUND(AVERAGE(seed1!C12,seed2!C12,seed3!C12,seed4!C12,seed5!C12,seed7!C12,seed8!C12,seed9!C12,seed10!C12,seed11!C12,seed12!C12,seed13!C12,seed14!C12,seed15!C12),4) -> 11.8984 | D12: =ROUND(AVERAGE(seed1!D12,seed2!D12,seed3!D12,seed4!D12,seed5!D12,seed7!D12,seed8!D12,seed9!D12,seed10!D12,seed11!D12,seed12!D12,seed13!D12,seed14!D12,seed15!D12),4) -> 16.592 | E12: =ROUND(AVERAGE(seed1!E12,seed2!E12,seed3!E12,seed4!E12,seed5!E12,seed7!E12,seed8!E12,seed9!E12,seed10!E12,seed11!E12,seed12!E12,seed13!E12,seed14!E12,seed15!E12),4) -> 13.9382
B13: 0.9 | C13: =ROUND(AVERAGE(seed1!C13,seed2!C13,seed3!C13,seed4!C13,seed5!C13,seed7!C13,seed8!C13,seed9!C13,seed10!C13,seed11!C13,seed12!C13,seed13!C13,seed14!C13,seed15!C13),4) -> 11.4376 | D13: =ROUND(AVERAGE(seed1!D13,seed2!D13,seed3!D13,seed4!D13,seed5!D13,seed7!D13,seed8!D13,seed9!D13,seed10!D13,seed11!D13,seed12!D13,seed13!D13,seed14!D13,seed15!D13),4) -> 16.6697 | E13: =ROUND(AVERAGE(seed1!E13,seed2!E13,seed3!E13,seed4!E13,seed5!E13,seed7!E13,seed8!E13,seed9!E13,seed10!E13,seed11!E13,seed12!E13,seed13!E13,seed14!E13,seed15!E13),4) -> 13.693
B14: 1 | C14: =ROUND(AVERAGE(seed1!C14,seed2!C14,seed3!C14,seed4!C14,seed5!C14,seed7!C14,seed8!C14,seed9!C14,seed10!C14,seed11!C14,seed12!C14,seed13!C14,seed14!C14,seed15!C14),4) -> 11.4408 | D14: =ROUND(AVERAGE(seed1!D14,seed2!D14,seed3!D14,seed4!D14,seed5!D14,seed7!D14,seed8!D14,seed9!D14,seed10!D14,seed11!D14,seed12!D14,seed13!D14,seed14!D14,seed15!D14),4) -> 16.67 | E14: =ROUND(AVERAGE(seed1!E14,seed2!E14,seed3!E14,seed4!E14,seed5!E14,seed7!E14,seed8!E14,seed9!E14,seed10!E14,seed11!E14,seed12!E14,seed13!E14,seed14!E14,seed15!E14),4) -> 13.6949
