Workbook

Sheet seed1
B2: 1000/1000 | K2: 1200/800
C3: 1 | D3: 2 | E3: 3 | F3: 4 | G3: 5 | H3: 6 | I3: 7 | L3: 1 | M3: 2 | N3: 3 | O3: 4 | P3: 5 | Q3: 6
C4: 全て受け入れ | D4: 道交法 | E4: 0.2 | F4: 0.4 | G4: 既存 | H4: 提案 | I4: 性能込み | L4: 全て受け入れ | M4: 道交法 | N4: 0.2 | O4: 0.4 | P4: 既存 | Q4: 提案
B5: 全体 | C5: 4.1063 | D5: 3.7396 | E5: 3.7396 | F5: 3.8484 | G5: 4.5637 | H5: 4.8645 | I5: 4.8645 | K5: 全体 | L5: 4.3751 | M5: 3.5477 | N5: 3.5477 | O5: 3.7389 | P5: 4.9972 | Q5: 4.6592
B6: 希望車両 | C6: 2.5823 | D6: 0.7495 | E6: 0.7495 | F6: 0.8638 | G6: 2.5861 | H6: 2.8666 | I6: 2.8666 | K6: 希望車両 | L6: 2.6192 | M6: 1.1754 | N6: 1.1754 | O6: 1.3957 | P6: 3.2749 | Q6: 2.9767
B7: 受入れ車両 | C7: 6.513 | D7: 12.8129 | E7: 12.8129 | F7: 12.736 | G7: 8.1819 | H7: 8.7254 | I7: 8.7254 | K7: 受入れ車両 | L7: 9.2651 | M7: 12.7748 | N7: 12.7748 | O7: 12.7059 | P7: 10.1466 | Q7: 9.5431
B8: 通過_希望 | C8: 81 | D8: 19 | E8: 19 | F8: 23 | G8: 85 | H8: 94 | I8: 94 | K8: 通過_希望 | L8: 91 | M8: 35 | N8: 35 | O8: 43 | P8: 114 | Q8: 102
B9: 通過_受入れ | C9: 137 | D9: 162 | E9: 162 | F9: 162 | G9: 159 | H9: 161 | I9: 161 | K9: 通過_受入れ | L9: 124 | M9: 125 | N9: 125 | O9: 125 | P9: 124 | Q9: 118
B12: 800/1200
C13: 1 | D13: 2 | E13: 3 | F13: 4 | G13: 5 | H13: 6
C14: 全て受け入れ | D14: 道交法 | E14: 0.2 | F14: 0.4 | G14: 既存 | H14: 提案
B15: 全体 | C15: 4.0366 | D15: 3.8605 | E15: 3.8605 | F15: 4.1321 | G15: 4.1974 | H15: 4.3266
B16: 希望車両 | C16: 2.2935 | D16: 0.4124 | E16: 0.4124 | F16: 0.6438 | G16: 0.8764 | H16: 2.3029
B17: 受入れ車両 | C17: 5.9826 | D17: 12.8366 | E17: 12.8366 | F17: 12.753 | G17: 11.9693 | H17: 6.932
B18: 通過_希望 | C18: 70 | D18: 6 | E18: 6 | F18: 14 | G18: 23 | H18: 73
B19: 通過_受入れ | C19: 183 | D19: 193 | E19: 193 | F19: 193 | G19: 193 | H19: 186

Sheet seed2
B2: 1000/1000 | K2: 1200/800
C3: 1 | D3: 2 | E3: 3 | F3: 4 | G3: 5 | H3: 6 | L3: 1 | M3: 2 | N3: 3 | O3: 4 | P3: 5 | Q3: 6
C4: 全て受け入れ | D4: 道交法 | E4: 0.2 | F4: 0.4 | G4: 既存 | H4: 提案 | L4: 全て受け入れ | M4: 道交法 | N4: 0.2 | O4: 0.4 | P4: 既存 | Q4: 提案
B5: 全体 | C5: 2.7488 | D5: 3.7278 | E5: 3.7278 | F5: 3.6982 | G5: 5.2632 | H5: 4.6545 | K5: 全体 | L5: 5.0679 | M5: 3.4598 | N5: 3.4598 | O5: 3.7486 | P5: 4.4484 | Q5: 4.3439
B6: 希望車両 | C6: 1.481 | D6: 0.7951 | E6: 0.7951 | F6: 0.8012 | G6: 3.2826 | H6: 2.8041 | K6: 希望車両 | L6: 3.2713 | M6: 1.0218 | N6: 1.0218 | O6: 1.3701 | P6: 2.5859 | Q6: 2.7975
B7: 受入れ車両 | C7: 4.4804 | D7: 12.8156 | E7: 12.8156 | F7: 12.7195 | G7: 9.4401 | H7: 8.1361 | K7: 受入れ車両 | L7: 10.3096 | M7: 12.7965 | N7: 12.7965 | O7: 12.6404 | P7: 9.5054 | Q7: 8.1296
B8: 通過_希望 | C8: 45 | D8: 20 | E8: 20 | F8: 21 | G8: 107 | H8: 93 | K8: 通過_希望 | L8: 110 | M8: 29 | N8: 29 | O8: 42 | P8: 86 | Q8: 92
B9: 通過_受入れ | C9: 114 | D9: 158 | E9: 158 | F9: 158 | G9: 154 | H9: 153 | K9: 通過_受入れ | L9: 126 | M9: 129 | N9: 129 | O9: 129 | P9: 129 | Q9: 114
B12: 800/1200
C13: 1 | D13: 2 | E13: 3 | F13: 4 | G13: 5 | H13: 6
C14: 全て受け入れ | D14: 道交法 | E14: 0.2 | F14: 0.4 | G14: 既存 | H14: 提案
B15: 全体 | C15: 3.9064 | D15: 3.9658 | E15: 3.9658 | F15: 3.8406 | G15: 3.9929 | H15: 4.6166
B16: 希望車両 | C16: 2.053 | D16: 0.4974 | E16: 0.4974 | F16: 0.3725 | G16: 0.5026 | H16: 2.4538
B17: 受入れ車両 | C17: 5.9576 | D17: 12.8176 | E17: 12.8176 | F17: 12.8449 | G17: 12.7664 | H17: 7.502
B18: 通過_希望 | C18: 60 | D18: 8 | E18: 8 | F18: 5 | G18: 9 | H18: 73
B19: 通過_受入れ | C19: 173 | D19: 192 | E19: 192 | F19: 192 | G19: 192 | H19: 183

Sheet seed3
B2: 1000/1000 | K2: 1200/800
C3: 1 | D3: 2 | E3: 3 | F3: 4 | G3: 5 | H3: 6 | L3: 1 | M3: 2 | N3: 3 | O3: 4 | P3: 5 | Q3: 6
C4: 全て受け入れ | D4: 道交法 | E4: 0.2 | F4: 0.4 | G4: 既存 | H4: 提案 | L4: 全て受け入れ | M4: 道交法 | N4: 0.2 | O4: 0.4 | P4: 既存 | Q4: 提案
B5: 全体 | C5: 4.532 | D5: 3.8173 | E5: 3.8173 | F5: 3.9879 | G5: 3.5069 | H5: 4.9777 | K5: 全体 | L5: 4.7247 | M5: 3.4453 | N5: 3.4453 | O5: 4.014 | P5: 4.7296 | Q5: 4.6207
B6: 希望車両 | C6: 2.7513 | D6: 0.8074 | E6: 0.8074 | F6: 0.9401 | G6: 2.4686 | H6: 2.9945 | K6: 希望車両 | L6: 2.9844 | M6: 0.9984 | N6: 0.9984 | O6: 1.6426 | P6: 2.9005 | Q6: 2.7584
B7: 受入れ車両 | C7: 7.4058 | D7: 12.8206 | E7: 12.8206 | F7: 12.7956 | G7: 5.0665 | H7: 8.5321 | K7: 受入れ車両 | L7: 9.2233 | M7: 12.8071 | N7: 12.8071 | O7: 12.5438 | P7: 9.8587 | Q7: 9.5304
B8: 通過_希望 | C8: 84 | D8: 20 | E8: 20 | F8: 24 | G8: 74 | H8: 92 | K8: 通過_希望 | L8: 101 | M8: 29 | N8: 29 | O8: 52 | P8: 98 | Q8: 91
B9: 通過_受入れ | C9: 150 | D9: 161 | E9: 161 | F9: 161 | G9: 106 | H9: 156 | K9: 通過_受入れ | L9: 130 | M9: 130 | N9: 130 | O9: 130 | P9: 129 | Q9: 130
B12: 800/1200
C13: 1 | D13: 2 | E13: 3 | F13: 4 | G13: 5 | H13: 6
C14: 全て受け入れ | D14: 道交法 | E14: 0.2 | F14: 0.4 | G14: 既存 | H14: 提案
B15: 全体 | C15: 5.0866 | D15: 4.0869 | E15: 4.0869 | F15: 4.4087 | G15: 5.1342 | H15: 4.913
B16: 希望車両 | C16: 3.0462 | D16: 0.5128 | E16: 0.5128 | F16: 0.8784 | G16: 2.7838 | H16: 2.844
B17: 受入れ車両 | C17: 7.6857 | D17: 12.8183 | E17: 12.8183 | F17: 12.4357 | G17: 8.3719 | H17: 7.5527
B18: 通過_希望 | C18: 85 | D18: 8 | E18: 8 | F18: 21 | G18: 77 | H18: 80
B19: 通過_受入れ | C19: 180 | D19: 192 | E19: 192 | F19: 192 | G19: 183 | H19: 178

Sheet seed6
B2: 1000/1000 | K2: 1200/800 | L2: seed7
C3: 1 | D3: 2 | E3: 3 | F3: 4 | G3: 5 | H3: 6 | L3: 1 | M3: 2 | N3: 3 | O3: 4 | P3: 5 | Q3: 6
C4: 全て受け入れ | D4: 道交法 | E4: 0.2 | F4: 0.4 | G4: 既存 | H4: 提案 | L4: 全て受け入れ | M4: 道交法 | N4: 0.2 | O4: 0.4 | P4: 既存 | Q4: 提案
B5: 全体 | C5: 5.074 | D5: 3.6629 | E5: 3.6829 | F5: 4.1669 | G5: 3.981 | H5: 4.7597 | K5: 全体 | L5: 4.6254 | M5: 3.4691 | N5: 3.4691 | O5: 3.8003 | P5: 4.3454 | Q5: 4.7533
B6: 希望車両 | C6: 3.0922 | D6: 0.6307 | E6: 0.6307 | F6: 1.117 | G6: 1.078 | H6: 2.7862 | K6: 希望車両 | L6: 2.9294 | M6: 1.0468 | N6: 1.0468 | O6: 1.4591 | P6: 2.5055 | Q6: 3.0626
B7: 受入れ車両 | C7: 8.5953 | D7: 12.8241 | E7: 12.8241 | F7: 12.689 | G7: 11.849 | H7: 8.3442 | K7: 受入れ車両 | L7: 9.0658 | M7: 12.7973 | N7: 12.7973 | O7: 12.5626 | P7: 9.3272 | Q7: 9.2298
B8: 通過_希望 | C8: 91 | D8: 14 | E8: 14 | F8: 30 | G8: 30 | H8: 88 | K8: 通過_希望 | L8: 99 | M8: 31 | N8: 31 | O8: 46 | P8: 84 | Q8: 105
B9: 通過_受入れ | C9: 154 | D9: 162 | E9: 162 | F9: 162 | G9: 155 | H9: 155 | K9: 通過_受入れ | L9: 126 | M9: 129 | N9: 129 | O9: 129 | P9: 126 | Q9: 126
B12: 800/1200
C13: 1 | D13: 2 | E13: 3 | F13: 4 | G13: 5 | H13: 6
C14: 全て受け入れ | D14: 道交法 | E14: 0.2 | F14: 0.4 | G14: 既存 | H14: 提案
B15: 全体 | C15: 3.0214 | D15: 4.0471 | E15: 4.0471 | F15: 4.5557 | G15: 4.7946 | H15: 4.4362
B16: 希望車両 | C16: 1.7881 | D16: 0.5102 | E16: 0.5102 | F16: 1.0209 | G16: 1.3038 | H16: 2.4579
B17: 受入れ車両 | C17: 4.28 | D17: 12.813 | E17: 12.813 | F17: 12.6537 | G17: 12.0515 | H17: 6.8833
B18: 通過_希望 | C18: 47 | D18: 9 | E18: 9 | F18: 25 | G18: 34 | H18: 73
B19: 通過_受入れ | C19: 126 | D19: 191 | E19: 191 | F19: 191 | G19: 191 | H19: 176

Sheet seed8
B2: 1000/1000 | K2: 1200/800
C3: 1 | D3: 2 | E3: 3 | F3: 4 | G3: 5 | H3: 6 | L3: 1 | M3: 2 | N3: 3 | O3: 4 | P3: 5 | Q3: 6
C4: 全て受け入れ | D4: 道交法 | E4: 0.2 | F4: 0.4 | G4: 既存 | H4: 提案 | L4: 全て受け入れ | M4: 道交法 | N4: 0.2 | O4: 0.4 | P4: 既存 | Q4: 提案
B5: 全体 | C5: 4.0979 | D5: 3.6514 | E5: 3.6514 | F5: 3.4048 | G5: 4.2352 | H5: 4.7598 | K5: 全体 | L5: 4.8761 | M5: 3.4339 | N5: 3.4339 | O5: 3.882 | P5: 5.2027 | Q5: 4.9235
B6: 希望車両 | C6: 2.1895 | D6: 0.6692 | E6: 0.6692 | F6: 0.4351 | G6: 2.289 | H6: 2.7728 | K6: 希望車両 | L6: 3.1695 | M6: 0.9909 | N6: 0.9909 | O6: 1.5091 | P6: 3.499 | Q6: 3.148
B7: 受入れ車両 | C7: 7.3337 | D7: 12.8061 | E7: 12.8061 | F7: 12.8351 | G7: 7.6693 | H7: 8.7358 | K7: 受入れ車両 | L7: 9.6235 | M7: 12.8308 | N7: 12.8308 | O7: 12.7132 | P7: 10.2346 | Q7: 9.9645
B8: 通過_希望 | C8: 73 | D8: 16 | E8: 16 | F8: 7 | G8: 72 | H8: 89 | K8: 通過_希望 | L8: 110 | M8: 28 | N8: 28 | O8: 47 | P8: 121 | Q8: 107
B9: 通過_受入れ | C9: 156 | D9: 161 | E9: 161 | F9: 161 | G9: 153 | H9: 152 | K9: 通過_受入れ | L9: 127 | M9: 129 | N9: 129 | O9: 129 | P9: 128 | Q9: 128
B12: 800/1200
C13: 1 | D13: 2 | E13: 3 | F13: 4 | G13: 5 | H13: 6
C14: 全て受け入れ | D14: 道交法 | E14: 0.2 | F14: 0.4 | G14: 既存 | H14: 提案
B15: 全体 | C15: 4.2519 | D15: 3.9811 | E15: 3.9811 | F15: 4.1963 | G15: 4.5958 | H15: 3.9269
B16: 希望車両 | C16: 2.4471 | D16: 0.4555 | E16: 0.4555 | F16: 0.6825 | G16: 2.2785 | H16: 2.0476
B17: 受入れ車両 | C17: 6.2949 | D17: 12.8229 | E17: 12.8229 | F17: 12.7451 | G17: 7.9066 | H17: 6.026
B18: 通過_希望 | C18: 74 | D18: 7 | E18: 7 | F18: 15 | G18: 71 | H18: 62
B19: 通過_受入れ | C19: 182 | D19: 193 | E19: 193 | F19: 194 | G19: 189 | H19: 183

Sheet 平均
B2: 1000/1000 | K2: 1200/800
C3: 1 | D3: 2 | E3: 3 | F3: 4 | G3: 5 | H3: 6 | I3: 7 | L3: 1 | M3: 2 | N3: 3 | O3: 4 | P3: 5 | Q3: 6 | R3: 7
C4: 全て受け入れ | D4: 道交法 | E4: 0.2 | F4: 0.4 | G4: 既存 | H4: 提案 | I4: 性能込み | L4: 全て受け入れ | M4: 道交法 | N4: 0.2 | O4: 0.4 | P4: 既存 | Q4: 提案 | R4: 性能込み
B5: 全体 | C5: =ROUND(AVERAGE(seed1!C5,seed2!C5,seed3!C5,seed6!C5,seed8!C5),4) -> 4.1118 | D5: =ROUND(AVERAGE(seed1!D5,seed2!D5,seed3!D5,seed6!D5,seed8!D5),4) -> 3.7198 | E5: =ROUND(AVERAGE(seed1!E5,seed2!E5,seed3!E5,seed6!E5,seed8!E5),4) -> 3.7238 | F5: =ROUND(AVERAGE(seed1!F5,seed2!F5,seed3!F5,seed6!F5,seed8!F5),4) -> 3.8212 | G5: =ROUND(AVERAGE(seed1!G5,seed2!G5,seed3!G5,seed6!G5,seed8!G5),4) -> 4.31 | H5: =ROUND(AVERAGE(seed1!H5,seed2!H5,seed3!H5,seed6!H5,seed8!H5),4) -> 4.8032 | I5: =ROUND(AVERAGE(seed1!I5,seed2!I5,seed3!I5,seed6!I5,seed8!I5),4) -> 4.8645 | K5: 全体 | L5: =ROUND(AVERAGE(seed1!L5,seed2!L5,seed3!L5,seed6!L5,seed8!L5),4) -> 4.7338 | M5: =ROUND(AVERAGE(seed1!M5,seed2!M5,seed3!M5,seed6!M5,seed8!M5),4) -> 3.4712 | N5: =ROUND(AVERAGE(seed1!N5,seed2!N5,seed3!N5,seed6!N5,seed8!N5),4) -> 3.4712 | O5: =ROUND(AVERAGE(seed1!O5,seed2!O5,seed3!O5,seed6!O5,seed8!O5),4) -> 3.8368 | P5: =ROUND(AVERAGE(seed1!P5,seed2!P5,seed3!P5,seed6!P5,seed8!P5),4) -> 4.7447 | Q5: =ROUND(AVERAGE(seed1!Q5,seed2!Q5,seed3!Q5,seed6!Q5,seed8!Q5),4) -> 4.6601
B6: 希望車両 | C6: =ROUND(AVERAGE(seed1!C6,seed2!C6,seed3!C6,seed6!C6,seed8!C6),4) -> 2.4193 | D6: =ROUND(AVERAGE(seed1!D6,seed2!D6,seed3!D6,seed6!D6,seed8!D6),4) -> 0.7304 | E6: =ROUND(AVERAGE(seed1!E6,seed2!E6,seed3!E6,seed6!E6,seed8!E6),4) -> 0.7304 | F6: =ROUND(AVERAGE(seed1!F6,seed2!F6,seed3!F6,seed6!F6,seed8!F6),4) -> 0.8314 | G6: =ROUND(AVERAGE(seed1!G6,seed2!G6,seed3!G6,seed6!G6,seed8!G6),4) -> 2.3409 | H6: =ROUND(AVERAGE(seed1!H6,seed2!H6,seed3!H6,seed6!H6,seed8!H6),4) -> 2.8448 | I6: =ROUND(AVERAGE(seed1!I6,seed2!I6,seed3!I6,seed6!I6,seed8!I6),4) -> 2.8666 | K6: 希望車両 | L6: =ROUND(AVERAGE(seed1!L6,seed2!L6,seed3!L6,seed6!L6,seed8!L6),4) -> 2.9948 | M6: =ROUND(AVERAGE(seed1!M6,seed2!M6,seed3!M6,seed6!M6,seed8!M6),4) -> 1.0467 | N6: =ROUND(AVERAGE(seed1!N6,seed2!N6,seed3!N6,seed6!N6,seed8!N6),4) -> 1.0467 | O6: =ROUND(AVERAGE(seed1!O6,seed2!O6,seed3!O6,seed6!O6,seed8!O6),4) -> 1.4753 | P6: =ROUND(AVERAGE(seed1!P6,seed2!P6,seed3!P6,seed6!P6,seed8!P6),4) -> 2.9532 | Q6: =ROUND(AVERAGE(seed1!Q6,seed2!Q6,seed3!Q6,seed6!Q6,seed8!Q6),4) -> 2.9486
B7: 受入れ車両 | C7: =ROUND(AVERAGE(seed1!C7,seed2!C7,seed3!C7,seed6!C7,seed8!C7),4) -> 6.8656 | D7: =ROUND(AVERAGE(seed1!D7,seed2!D7,seed3!D7,seed6!D7,seed8!D7),4) -> 12.8159 | E7: =ROUND(AVERAGE(seed1!E7,seed2!E7,seed3!E7,seed6!E7,seed8!E7),4) -> 12.8159 | F7: =ROUND(AVERAGE(seed1!F7,seed2!F7,seed3!F7,seed6!F7,seed8!F7),4) -> 12.755 | G7: =ROUND(AVERAGE(seed1!G7,seed2!G7,seed3!G7,seed6!G7,seed8!G7),4) -> 8.4414 | H7: =ROUND(AVERAGE(seed1!H7,seed2!H7,seed3!H7,seed6!H7,seed8!H7),4) -> 8.4947 | I7: =ROUND(AVERAGE(seed1!I7,seed2!I7,seed3!I7,seed6!I7,seed8!I7),4) -> 8.7254 | K7: 受入れ車両 | L7: =ROUND(AVERAGE(seed1!L7,seed2!L7,seed3!L7,seed6!L7,seed8!L7),4) -> 9.4975 | M7: =ROUND(AVERAGE(seed1!M7,seed2!M7,seed3!M7,seed6!M7,seed8!M7),4) -> 12.8013 | N7: =ROUND(AVERAGE(seed1!N7,seed2!N7,seed3!N7,seed6!N7,seed8!N7),4) -> 12.8013 | O7: =ROUND(AVERAGE(seed1!O7,seed2!O7,seed3!O7,seed6!O7,seed8!O7),4) -> 12.6332 | P7: =ROUND(AVERAGE(seed1!P7,seed2!P7,seed3!P7,seed6!P7,seed8!P7),4) -> 9.8145 | Q7: =ROUND(AVERAGE(seed1!Q7,seed2!Q7,seed3!Q7,seed6!Q7,seed8!Q7),4) -> 9.2795
B8: 通過_希望 | C8: =ROUND(AVERAGE(seed1!C8,seed2!C8,seed3!C8,seed6!C8,seed8!C8),1) -> 74.8 | D8: =ROUND(AVERAGE(seed1!D8,seed2!D8,seed3!D8,seed6!D8,seed8!D8),1) -> 17.8 | E8: =ROUND(AVERAGE(seed1!E8,seed2!E8,seed3!E8,seed6!E8,seed8!E8),1) -> 17.8 | F8: =ROUND(AVERAGE(seed1!F8,seed2!F8,seed3!F8,seed6!F8,seed8!F8),1) -> 21 | G8: =ROUND(AVERAGE(seed1!G8,seed2!G8,seed3!G8,seed6!G8,seed8!G8),1) -> 73.6 | H8: =ROUND(AVERAGE(seed1!H8,seed2!H8,seed3!H8,seed6!H8,seed8!H8),1) -> 91.2 | I8: =ROUND(AVERAGE(seed1!I8,seed2!I8,seed3!I8,seed6!I8,seed8!I8),1) -> 94 | K8: 通過_希望 | L8: =ROUND(AVERAGE(seed1!L8,seed2!L8,seed3!L8,seed6!L8,seed8!L8),1) -> 102.2 | M8: =ROUND(AVERAGE(seed1!M8,seed2!M8,seed3!M8,seed6!M8,seed8!M8),1) -> 30.4 | N8: =ROUND(AVERAGE(seed1!N8,seed2!N8,seed3!N8,seed6!N8,seed8!N8),1) -> 30.4 | O8: =ROUND(AVERAGE(seed1!O8,seed2!O8,seed3!O8,seed6!O8,seed8!O8),1) -> 46 | P8: =ROUND(AVERAGE(seed1!P8,seed2!P8,seed3!P8,seed6!P8,seed8!P8),1) -> 100.6 | Q8: =ROUND(AVERAGE(seed1!Q8,seed2!Q8,seed3!Q8,seed6!Q8,seed8!Q8),1) -> 99.4
B9: 通過_受入れ | C9: =ROUND(AVERAGE(seed1!C9,seed2!C9,seed3!C9,seed6!C9,seed8!C9),1) -> 142.2 | D9: =ROUND(AVERAGE(seed1!D9,seed2!D9,seed3!D9,seed6!D9,seed8!D9),1) -> 160.8 | E9: =ROUND(AVERAGE(seed1!E9,seed2!E9,seed3!E9,seed6!E9,seed8!E9),1) -> 160.8 | F9: =ROUND(AVERAGE(seed1!F9,seed2!F9,seed3!F9,seed6!F9,seed8!F9),1) -> 160.8 | G9: =ROUND(AVERAGE(seed1!G9,seed2!G9,seed3!G9,seed6!G9,seed8!G9),1) -> 145.4 | H9: =ROUND(AVERAGE(seed1!H9,seed2!H9,seed3!H9,seed6!H9,seed8!H9),1) -> 155.4 | I9: =ROUND(AVERAGE(seed1!I9,seed2!I9,seed3!I9,seed6!I9,seed8!I9),1) -> 161 | K9: 通過_受入れ | L9: =ROUND(AVERAGE(seed1!L9,seed2!L9,seed3!L9,seed6!L9,seed8!L9),1) -> 126.6 | M9: =ROUND(AVERAGE(seed1!M9,seed2!M9,seed3!M9,seed6!M9,seed8!M9),1) -> 128.4 | N9: =ROUND(AVERAGE(seed1!N9,seed2!N9,seed3!N9,seed6!N9,seed8!N9),1) -> 128.4 | O9: =ROUND(AVERAGE(seed1!O9,seed2!O9,seed3!O9,seed6!O9,seed8!O9),1) -> 128.4 | P9: =ROUND(AVERAGE(seed1!P9,seed2!P9,seed3!P9,seed6!P9,seed8!P9),1) -> 127.2 | Q9: =ROUND(AVERAGE(seed1!Q9,seed2!Q9,seed3!Q9,seed6!Q9,seed8!Q9),1) -> 123.2
B12: 800/1200 | L12: 本線 | M12: 合流
C13: 1 | D13: 2 | E13: 3 | F13: 4 | G13: 5 | H13: 6 | I13: 7 | L13: 受け入れ | N13: ALW | O13: ACT | P13: SPD | Q13: UTF | R13: TIV
C14: 全て受け入れ | D14: 道交法 | E14: 0.2 | F14: 0.4 | G14: 既存 | H14: 提案 | I14: 性能込み | L14: 1200 | M14: 800 | N14: 4.0606 | O14: 3.9883 | P14: 4.2267 | Q14: 4.543 | R14: 4.4439 | U14: =(Q14-R14)*2/(R14+Q14) -> 0.022054324
B15: 全体 | C15: =ROUND(AVERAGE(seed1!C15,seed2!C15,seed3!C15,seed6!C15,seed8!C15),4) -> 4.0606 | D15: =ROUND(AVERAGE(seed1!D15,seed2!D15,seed3!D15,seed6!D15,seed8!D15),4) -> 3.9883 | E15: =ROUND(AVERAGE(seed1!E15,seed2!E15,seed3!E15,seed6!E15,seed8!E15),4) -> 3.9883 | F15: =ROUND(AVERAGE(seed1!F15,seed2!F15,seed3!F15,seed6!F15,seed8!F15),4) -> 4.2267 | G15: =ROUND(AVERAGE(seed1!G15,seed2!G15,seed3!G15,seed6!G15,seed8!G15),4) -> 4.543 | H15: =ROUND(AVERAGE(seed1!H15,seed2!H15,seed3!H15,seed6!H15,seed8!H15),4) -> 4.4439 | I15: =ROUND(AVERAGE(seed1!I15,seed2!I15,seed3!I15,seed6!I15,seed8!I15),4) -> #DIV/0! | L15: 1000 | M15: 1000 | N15: 4.1118 | O15: 3.7198 | P15: 3.8212 | Q15: 4.31 | R15: 4.8032 | T15: =(R15-Q15)*2/(Q15+R15) -> 0.1082386 | U15: =(Q15-R15)*2/(R15+Q15) -> -0.1082386
B16: 希望車両 | C16: =ROUND(AVERAGE(seed1!C16,seed2!C16,seed3!C16,seed6!C16,seed8!C16),4) -> 2.3256 | D16: =ROUND(AVERAGE(seed1!D16,seed2!D16,seed3!D16,seed6!D16,seed8!D16),4) -> 0.4777 | E16: =ROUND(AVERAGE(seed1!E16,seed2!E16,seed3!E16,seed6!E16,seed8!E16),4) -> 0.4777 | F16: =ROUND(AVERAGE(seed1!F16,seed2!F16,seed3!F16,seed6!F16,seed8!F16),4) -> 0.7196 | G16: =ROUND(AVERAGE(seed1!G16,seed2!G16,seed3!G16,seed6!G16,seed8!G16),4) -> 1.549 | H16: =ROUND(AVERAGE(seed1!H16,seed2!H16,seed3!H16,seed6!H16,seed8!H16),4) -> 2.4212 | I16: =ROUND(AVERAGE(seed1!I16,seed2!I16,seed3!I16,seed6!I16,seed8!I16),4) -> #DIV/0! | L16: 800 | M16: 1200 | N16: 4.7338 | O16: 3.4712 | P16: 3.8368 | Q16: 4.7447 | R16: 4.6601 | U16: =(Q16-R16)*2/(R16+Q16) -> 0.017990813
B17: 受入れ車両 | C17: =ROUND(AVERAGE(seed1!C17,seed2!C17,seed3!C17,seed6!C17,seed8!C17),4) -> 6.0402 | D17: =ROUND(AVERAGE(seed1!D17,seed2!D17,seed3!D17,seed6!D17,seed8!D17),4) -> 12.8217 | E17: =ROUND(AVERAGE(seed1!E17,seed2!E17,seed3!E17,seed6!E17,seed8!E17),4) -> 12.8217 | F17: =ROUND(AVERAGE(seed1!F17,seed2!F17,seed3!F17,seed6!F17,seed8!F17),4) -> 12.6865 | G17: =ROUND(AVERAGE(seed1!G17,seed2!G17,seed3!G17,seed6!G17,seed8!G17),4) -> 10.6131 | H17: =ROUND(AVERAGE(seed1!H17,seed2!H17,seed3!H17,seed6!H17,seed8!H17),4) -> 6.9792 | I17: =ROUND(AVERAGE(seed1!I17,seed2!I17,seed3!I17,seed6!I17,seed8!I17),4) -> #DIV/0!
B18: 通過_希望 | C18: =ROUND(AVERAGE(seed1!C18,seed2!C18,seed3!C18,seed6!C18,seed8!C18),1) -> 67.2 | D18: =ROUND(AVERAGE(seed1!D18,seed2!D18,seed3!D18,seed6!D18,seed8!D18),1) -> 7.6 | E18: =ROUND(AVERAGE(seed1!E18,seed2!E18,seed3!E18,seed6!E18,seed8!E18),1) -> 7.6 | F18: =ROUND(AVERAGE(seed1!F18,seed2!F18,seed3!F18,seed6!F18,seed8!F18),1) -> 16 | G18: =ROUND(AVERAGE(seed1!G18,seed2!G18,seed3!G18,seed6!G18,seed8!G18),1) -> 42.8 | H18: =ROUND(AVERAGE(seed1!H18,seed2!H18,seed3!H18,seed6!H18,seed8!H18),1) -> 72.2 | I18: =ROUND(AVERAGE(seed1!I18,seed2!I18,seed3!I18,seed6!I18,seed8!I18),1) -> #DIV/0!
B19: 通過_受入れ | C19: =ROUND(AVERAGE(seed1!C19,seed2!C19,seed3!C19,seed6!C19,seed8!C19),1) -> 168.8 | D19: =ROUND(AVERAGE(seed1!D19,seed2!D19,seed3!D19,seed6!D19,seed8!D19),1) -> 192.2 | E19: =ROUND(AVERAGE(seed1!E19,seed2!E19,seed3!E19,seed6!E19,seed8!E19),1) -> 192.2 | F19: =ROUND(AVERAGE(seed1!F19,seed2!F19,seed3!F19,seed6!F19,seed8!F19),1) -> 192.4 | G19: =ROUND(AVERAGE(seed1!G19,seed2!G19,seed3!G19,seed6!G19,seed8!G19),1) -> 189.6 | H19: =ROUND(AVERAGE(seed1!H19,seed2!H19,seed3!H19,seed6!H19,seed8!H19),1) -> 181.2 | I19: =ROUND(AVERAGE(seed1!I19,seed2!I19,seed3!I19,seed6!I19,seed8!I19),1) -> #DIV/0!
