Workbook

Sheet seed1
B2: 800/0/1000 | C2: 車種2種類 | L2: 1000/0/1000 | M2: 車種2種類
C3: 1 | D3: 2 | E3: 3 | F3: 4 | G3: 5 | H3: 6 | I3: 7 | M3: 1 | N3: 2 | O3: 3 | P3: 4 | Q3: 5 | R3: 6 | S3: 7
C4: 全て受け入れ | D4: 道交法 | E4: 0.2 | F4: 0.4 | G4: 既存 | H4: 提案 | I4: 性能込み | M4: 全て受け入れ | N4: 道交法 | O4: 0.2 | P4: 0.4 | Q4: 既存 | R4: 提案 | S4: 性能込み
B5: （Bus） | C5: 5.7078 | D5: 2.4843 | E5: 2.6369 | F5: 3.9885 | G5: 5.7103 | H5: 5.5036 | I5: 5.3097 | L5: （Bus）
B6: （Car） | C6: 5.5635 | D6: 1.5397 | E6: 2.5317 | F6: 3.9824 | G6: 5.4819 | H6: 5.2117 | I6: 4.8993 | L6: （Car）
B7: 左折 | C7: 5.5858 | D7: 1.6616 | E7: 2.5511 | F7: 3.9834 | G7: 5.5169 | H7: 5.2557 | I7: 4.9599 | L7: 左折
B8: （Bus） | C8: 7.0983 | D8: 4.318 | E8: 4.6283 | F8: 6.2076 | G8: 6.7343 | H8: 6.5956 | I8: 6.9629 | L8: （Bus）
B9: （Car） | C9: 7.1951 | D9: 4.0502 | E9: 4.4431 | F9: 6.0001 | G9: 6.9378 | H9: 7.0171 | I9: 6.8202 | L9: （Car）
B10: 直進 | C10: 7.1712 | D10: 4.1101 | E10: 4.4859 | F10: 6.0497 | G10: 6.8869 | H10: 6.9092 | I10: 6.8545 | L10: 直進
B11: （Bus） | C11: 8.5041 | D11: 6.0621 | E11: 6.227 | F11: 7.7162 | G11: 8.224 | H11: 8.0911 | I11: 8.3008 | L11: （Bus）
B12: （Car） | C12: 8.8713 | D12: 5.4957 | E12: 6.1003 | F12: 7.6385 | G12: 8.5269 | H12: 8.5268 | I12: 8.3798 | L12: （Car）
B13: 合計 | C13: 8.7825 | D13: 5.6182 | E13: 6.1297 | F13: 7.6567 | G13: 8.454 | H13: 8.4206 | I13: 8.3611 | L13: 合計
B14: 左折台数 | C14: 38 | D14: 20 | E14: 30 | F14: 37 | G14: 38 | H14: 38 | I14: 38 | L14: 左折台数
B15: 直進台数 | C15: =131+126 -> 257 | D15: =131+72 -> 203 | E15: =131+93 -> 224 | F15: =130+118 -> 248 | G15: =129+126 -> 255 | H15: =130+126 -> 256 | I15: =130+123 -> 253 | L15: 直進台数

Sheet seed2
B2: 800/0/1000 | C2: 車種2種類 | L2: 1000/0/1000 | M2: 車種2種類
C3: 1 | D3: 2 | E3: 3 | F3: 4 | G3: 5 | H3: 6 | I3: 7 | M3: 1 | N3: 2 | O3: 3 | P3: 4 | Q3: 5 | R3: 6 | S3: 7
C4: 全て受け入れ | D4: 道交法 | E4: 0.2 | F4: 0.4 | G4: 既存 | H4: 提案 | I4: 性能込み | M4: 全て受け入れ | N4: 道交法 | O4: 0.2 | P4: 0.4 | Q4: 既存 | R4: 提案 | S4: 性能込み
B5: （Bus） | C5: 5.2462 | D5: 1.1848 | E5: 2.4187 | F5: 3.0377 | G5: 4.8491 | H5: 4.4232 | I5: 4.0557 | L5: （Bus）
B6: （Car） | C6: 5.5377 | D6: 1.1388 | E6: 2.2717 | F6: 2.8284 | G6: 5.1013 | H6: 4.708 | I6: 4.5631 | L6: （Car）
B7: 左折 | C7: 5.4813 | D7: 1.1498 | E7: 2.3006 | F7: 2.8646 | G7: 5.053 | H7: 4.6528 | I7: 4.4607 | L7: 左折
B8: （Bus） | C8: 5.8369 | D8: 3.2576 | E8: 4.7686 | F8: 5.2828 | G8: 5.459 | H8: 5.7 | I8: 5.4341 | L8: （Bus）
B9: （Car） | C9: 5.9508 | D9: 3.7107 | E9: 4.2322 | F9: 4.6536 | G9: 5.6321 | H9: 5.9 | I9: 5.6382 | L9: （Car）
B10: 直進 | C10: 5.9201 | D10: 3.5535 | E10: 4.3715 | F10: 4.8109 | G10: 5.5851 | H10: 5.8457 | I10: 5.5828 | L10: 直進
B11: （Bus） | C11: 7.4656 | D11: 4.5949 | E11: 6.2007 | F11: 6.7446 | G11: 7.1951 | H11: 7.323 | I11: 6.9471 | L11: （Bus）
B12: （Car） | C12: 7.8178 | D12: 4.8324 | E12: 5.6861 | F12: 6.2078 | G12: 7.5618 | H12: 7.6248 | I12: 7.2967 | L12: （Car）
B13: 合計 | C13: 7.7258 | D13: 4.7561 | E13: 5.8181 | F13: 6.3391 | G13: 7.4659 | H13: 7.5467 | I13: 7.2055 | L13: 合計
B14: 左折台数 | C14: 49 | D14: 19 | E14: 37 | F14: 42 | G14: 49 | H14: 49 | I14: 49 | L14: 左折台数
B15: 直進台数 | C15: =125+112 -> 237 | D15: =130+39 -> 169 | E15: =130+80 -> 210 | F15: =130+94 -> 224 | G15: =127+112 -> 239 | H15: =129+109 -> 238 | I15: =127+109 -> 236 | L15: 直進台数

Sheet seed3
B2: 800/0/1000 | C2: 車種2種類 | L2: 1000/0/1000 | M2: 車種2種類
C3: 1 | D3: 2 | E3: 3 | F3: 4 | G3: 5 | H3: 6 | I3: 7 | M3: 1 | N3: 2 | O3: 3 | P3: 4 | Q3: 5 | R3: 6 | S3: 7
C4: 全て受け入れ | D4: 道交法 | E4: 0.2 | F4: 0.4 | G4: 既存 | H4: 提案 | I4: 性能込み | M4: 全て受け入れ | N4: 道交法 | O4: 0.2 | P4: 0.4 | Q4: 既存 | R4: 提案 | S4: 性能込み
B5: （Bus） | C5: 5.2383 | D5: 1.4353 | E5: 2.2354 | F5: 2.7491 | G5: 4.864 | H5: 4.3559 | I5: 4.3559 | L5: （Bus）
B6: （Car） | C6: 5.1575 | D6: 1.6081 | E6: 2.4722 | F6: 2.6563 | G6: 4.9527 | H6: 4.6446 | I6: 4.6446 | L6: （Car）
B7: 左折 | C7: 5.1892 | D7: 1.5243 | E7: 2.3646 | F7: 2.6948 | G7: 4.9172 | H7: 4.5257 | I7: 4.5257 | L7: 左折
B8: （Bus） | C8: 5.7037 | D8: 3.9296 | E8: 5.6746 | F8: 5.1521 | G8: 5.7243 | H8: 5.7807 | I8: 5.7807 | L8: （Bus）
B9: （Car） | C9: 5.5858 | D9: 3.9185 | E9: 4.2334 | F9: 4.7555 | G9: 5.7125 | H9: 5.5481 | I9: 5.5481 | L9: （Car）
B10: 直進 | C10: 5.614 | D10: 3.9211 | E10: 4.5003 | F10: 4.8441 | G10: 5.7154 | H10: 5.6027 | I10: 5.6027 | L10: 直進
B11: （Bus） | C11: 7.3068 | D11: 4.6898 | E11: 6.0157 | F11: 6.1644 | G11: 7.1314 | H11: 7.101 | I11: 7.101 | L11: （Bus）
B12: （Car） | C12: 7.5019 | D12: 5.6148 | E12: 6.0444 | F12: 6.5432 | G12: 7.58 | H12: 7.4991 | I12: 7.4991 | L12: （Car）
B13: 合計 | C13: 7.4484 | D13: 5.3433 | E13: 6.0369 | F13: 6.4378 | G13: 7.4539 | H13: 7.3874 | I13: 7.3874 | L13: 合計
B14: 左折台数 | C14: 47 | D14: 22 | E14: 31 | F14: 37 | G14: 47 | H14: 47 | I14: 47 | L14: 左折台数
B15: 直進台数 | C15: =123+108 -> 231 | D15: =129+60 -> 189 | E15: =129+86 -> 215 | F15: =130+92 -> 222 | G15: =123+108 -> 231 | H15: =123+108 -> 231 | I15: =123+108 -> 231 | L15: 直進台数

Sheet seed4
B2: 800/0/1000 | C2: 車種2種類 | L2: 1000/0/1000 | M2: 車種2種類
C3: 1 | D3: 2 | E3: 3 | F3: 4 | G3: 5 | H3: 6 | I3: 7 | M3: 1 | N3: 2 | O3: 3 | P3: 4 | Q3: 5 | R3: 6 | S3: 7
C4: 全て受け入れ | D4: 道交法 | E4: 0.2 | F4: 0.4 | G4: 既存 | H4: 提案 | I4: 性能込み | M4: 全て受け入れ | N4: 道交法 | O4: 0.2 | P4: 0.4 | Q4: 既存 | R4: 提案 | S4: 性能込み
B5: （Bus） | C5: 5.9221 | D5: 2.0899 | E5: 3.6937 | F5: 4.3134 | G5: 5.6658 | H5: 5.5154 | I5: 5.2474 | L5: （Bus）
B6: （Car） | C6: 5.6295 | D6: 1.4005 | E6: 3.3541 | F6: 3.9368 | G6: 5.4931 | H6: 4.511 | I6: 4.9807 | L6: （Car）
B7: 左折 | C7: 5.696 | D7: 1.4677 | E7: 3.4235 | F7: 4.0142 | G7: 5.5331 | H7: 4.714 | I7: 5.0413 | L7: 左折
B8: （Bus） | C8: 7.2839 | D8: 3.5612 | E8: 5.5221 | F8: 6.2885 | G8: 7.0964 | H8: 6.5083 | I8: 6.983 | L8: （Bus）
B9: （Car） | C9: 7.7656 | D9: 4.2711 | E9: 5.5344 | F9: 6.299 | G9: 7.2209 | H9: 6.9274 | I9: 7.1414 | L9: （Car）
B10: 直進 | C10: 7.6308 | D10: 4.0412 | E10: 5.5311 | F10: 6.2962 | G10: 7.1872 | H10: 6.8102 | I10: 7.0983 | L10: 直進
B11: （Bus） | C11: 8.6394 | D11: 5.3472 | E11: 7.1384 | F11: 7.7834 | G11: 8.4377 | H11: 8.0093 | I11: 8.2555 | L11: （Bus）
B12: （Car） | C12: 9.2694 | D12: 5.4565 | E12: 7.1876 | F12: 7.9087 | G12: 8.8594 | H12: 8.3754 | I12: 8.7925 | L12: （Car）
B13: 合計 | C13: 9.0957 | D13: 5.4267 | E13: 7.1746 | F13: 7.8754 | G13: 8.7452 | H13: 8.2764 | I13: 8.6455 | L13: 合計
B14: 左折台数 | C14: 37 | D14: 21 | E14: 35 | F14: 35 | G14: 37 | H14: 37 | I14: 37 | L14: 左折台数
B15: 直進台数 | C15: =127+123 -> 250 | D15: =128+57 -> 185 | E15: =128+117 -> 245 | F15: =128+117 -> 245 | G15: =125+123 -> 248 | H15: =127+124 -> 251 | I15: =125+122 -> 247 | L15: 直進台数

Sheet seed5
B2: 800/0/1000 | C2: 車種2種類 | L2: 1000/0/1000 | M2: 車種2種類
C3: 1 | D3: 2 | E3: 3 | F3: 4 | G3: 5 | H3: 6 | I3: 7 | M3: 1 | N3: 2 | O3: 3 | P3: 4 | Q3: 5 | R3: 6 | S3: 7
C4: 全て受け入れ | D4: 道交法 | E4: 0.2 | F4: 0.4 | G4: 既存 | H4: 提案 | I4: 性能込み | M4: 全て受け入れ | N4: 道交法 | O4: 0.2 | P4: 0.4 | Q4: 既存 | R4: 提案 | S4: 性能込み
B5: （Bus） | C5: 5.4462 | D5: 1.2933 | E5: 3.078 | F5: 3.3527 | G5: 5.1415 | H5: 4.4327 | I5: 4.8069 | L5: （Bus）
B6: （Car） | C6: 5.4914 | D6: 1.7351 | E6: 2.992 | F6: 3.1069 | G6: 5.2947 | H6: 4.5122 | I6: 4.8279 | L6: （Car）
B7: 左折 | C7: 5.4802 | D7: 1.6392 | E7: 3.0104 | F7: 3.1591 | G7: 5.2564 | H7: 4.493 | I7: 4.8228 | L7: 左折
B8: （Bus） | C8: 6.9663 | D8: 3.9559 | E8: 4.8256 | F8: 5.4483 | G8: 6.7445 | H8: 6.4655 | I8: 6.9615 | L8: （Bus）
B9: （Car） | C9: 6.783 | D9: 4.7326 | E9: 5.8367 | F9: 6.1309 | G9: 6.6861 | H9: 6.5808 | I9: 6.6517 | L9: （Car）
B10: 直進 | C10: 6.8223 | D10: 4.5585 | E10: 5.5832 | F10: 5.9688 | G10: 6.6988 | H10: 6.5552 | I10: 6.7172 | L10: 直進
B11: （Bus） | C11: 8.1251 | D11: 5.1391 | E11: 6.2909 | F11: 6.8628 | G11: 7.9471 | H11: 7.6873 | I11: 8.0693 | L11: （Bus）
B12: （Car） | C12: 8.4378 | D12: 6.1304 | E12: 7.3556 | F12: 7.5884 | G12: 8.3697 | H12: 8.199 | I12: 8.3496 | L12: （Car）
B13: 合計 | C13: 8.3679 | D13: 5.9151 | E13: 7.0989 | F13: 7.4209 | G13: 8.2747 | H13: 8.0828 | I13: 8.287 | L13: 合計
B14: 左折台数 | C14: 38 | D14: 21 | E14: 34 | F14: 35 | G14: 38 | H14: 37 | I14: 38 | L14: 左折台数
B15: 直進台数 | C15: =128+121 -> 249 | D15: =130+74 -> 204 | E15: =130+110 -> 240 | F15: =130+110 -> 240 | G15: =126+120 -> 246 | H15: =128+117 -> 245 | I15: =129+120 -> 249 | L15: 直進台数

Sheet 平均
B2: 800/0/1000 | C2: 車種2種類 | L2: 1000/0/1000 | M2: 車種2種類
C3: 1 | D3: 2 | E3: 3 | F3: 4 | G3: 5 | H3: 6 | I3: 7 | M3: 1 | N3: 2 | O3: 3 | P3: 4 | Q3: 5 | R3: 6 | S3: 7
C4: 全て受け入れ | D4: 道交法 | E4: 0.2 | F4: 0.4 | G4: 既存 | H4: 提案 | I4: 性能込み | M4: 全て受け入れ | N4: 道交法 | O4: 0.2 | P4: 0.4 | Q4: 既存 | R4: 提案 | S4: 性能込み
B5: （Bus） | C5: =ROUND(AVERAGE(seed1!C5,seed2!C5,seed3!C5,seed4!C5,seed5!C5),4) -> 5.5121 | D5: =ROUND(AVERAGE(seed1!D5,seed2!D5,seed3!D5,seed4!D5,seed5!D5),4) -> 1.6975 | E5: =ROUND(AVERAGE(seed1!E5,seed2!E5,seed3!E5,seed4!E5,seed5!E5),4) -> 2.8125 | F5: =ROUND(AVERAGE(seed1!F5,seed2!F5,seed3!F5,seed4!F5,seed5!F5),4) -> 3.4883 | G5: =ROUND(AVERAGE(seed1!G5,seed2!G5,seed3!G5,seed4!G5,seed5!G5),4) -> 5.2461 | H5: =ROUND(AVERAGE(seed1!H5,seed2!H5,seed3!H5,seed4!H5,seed5!H5),4) -> 4.8462 | I5: =ROUND(AVERAGE(seed1!I5,seed2!I5,seed3!I5,seed4!I5,seed5!I5),4) -> 4.7551 | L5: （Bus） | M5: =ROUND(AVERAGE(seed1!M5,seed2!M5,seed3!M5,seed4!M5,seed5!M5),4) -> #DIV/0! | N5: =ROUND(AVERAGE(seed1!N5,seed2!N5,seed3!N5,seed4!N5,seed5!N5),4) -> #DIV/0! | O5: =ROUND(AVERAGE(seed1!O5,seed2!O5,seed3!O5,seed4!O5,seed5!O5),4) -> #DIV/0! | P5: =ROUND(AVERAGE(seed1!P5,seed2!P5,seed3!P5,seed4!P5,seed5!P5),4) -> #DIV/0! | Q5: =ROUND(AVERAGE(seed1!Q5,seed2!Q5,seed3!Q5,seed4!Q5,seed5!Q5),4) -> #DIV/0! | R5: =ROUND(AVERAGE(seed1!R5,seed2!R5,seed3!R5,seed4!R5,seed5!R5),4) -> #DIV/0! | S5: =AVERAGE(seed1!S5,seed2!S5,seed3!S5,seed4!S5,seed5!S5) -> #DIV/0!
B6: （Car） | C6: =ROUND(AVERAGE(seed1!C6,seed2!C6,seed3!C6,seed4!C6,seed5!C6),4) -> 5.4759 | D6: =ROUND(AVERAGE(seed1!D6,seed2!D6,seed3!D6,seed4!D6,seed5!D6),4) -> 1.4844 | E6: =ROUND(AVERAGE(seed1!E6,seed2!E6,seed3!E6,seed4!E6,seed5!E6),4) -> 2.7243 | F6: =ROUND(AVERAGE(seed1!F6,seed2!F6,seed3!F6,seed4!F6,seed5!F6),4) -> 3.3022 | G6: =ROUND(AVERAGE(seed1!G6,seed2!G6,seed3!G6,seed4!G6,seed5!G6),4) -> 5.2647 | H6: =ROUND(AVERAGE(seed1!H6,seed2!H6,seed3!H6,seed4!H6,seed5!H6),4) -> 4.7175 | I6: =ROUND(AVERAGE(seed1!I6,seed2!I6,seed3!I6,seed4!I6,seed5!I6),4) -> 4.7831 | L6: （Car） | M6: =ROUND(AVERAGE(seed1!M6,seed2!M6,seed3!M6,seed4!M6,seed5!M6),4) -> #DIV/0! | N6: =ROUND(AVERAGE(seed1!N6,seed2!N6,seed3!N6,seed4!N6,seed5!N6),4) -> #DIV/0! | O6: =ROUND(AVERAGE(seed1!O6,seed2!O6,seed3!O6,seed4!O6,seed5!O6),4) -> #DIV/0! | P6: =ROUND(AVERAGE(seed1!P6,seed2!P6,seed3!P6,seed4!P6,seed5!P6),4) -> #DIV/0! | Q6: =ROUND(AVERAGE(seed1!Q6,seed2!Q6,seed3!Q6,seed4!Q6,seed5!Q6),4) -> #DIV/0! | R6: =ROUND(AVERAGE(seed1!R6,seed2!R6,seed3!R6,seed4!R6,seed5!R6),4) -> #DIV/0! | S6: =AVERAGE(seed1!S6,seed2!S6,seed3!S6,seed4!S6,seed5!S6) -> #DIV/0!
B7: 左折 | C7: =ROUND(AVERAGE(seed1!C7,seed2!C7,seed3!C7,seed4!C7,seed5!C7),4) -> 5.4865 | D7: =ROUND(AVERAGE(seed1!D7,seed2!D7,seed3!D7,seed4!D7,seed5!D7),4) -> 1.4885 | E7: =ROUND(AVERAGE(seed1!E7,seed2!E7,seed3!E7,seed4!E7,seed5!E7),4) -> 2.73 | F7: =ROUND(AVERAGE(seed1!F7,seed2!F7,seed3!F7,seed4!F7,seed5!F7),4) -> 3.3432 | G7: =ROUND(AVERAGE(seed1!G7,seed2!G7,seed3!G7,seed4!G7,seed5!G7),4) -> 5.2553 | H7: =ROUND(AVERAGE(seed1!H7,seed2!H7,seed3!H7,seed4!H7,seed5!H7),4) -> 4.7282 | I7: =ROUND(AVERAGE(seed1!I7,seed2!I7,seed3!I7,seed4!I7,seed5!I7),4) -> 4.7621 | L7: 左折 | M7: =ROUND(AVERAGE(seed1!M7,seed2!M7,seed3!M7,seed4!M7,seed5!M7),4) -> #DIV/0! | N7: =ROUND(AVERAGE(seed1!N7,seed2!N7,seed3!N7,seed4!N7,seed5!N7),4) -> #DIV/0! | O7: =ROUND(AVERAGE(seed1!O7,seed2!O7,seed3!O7,seed4!O7,seed5!O7),4) -> #DIV/0! | P7: =ROUND(AVERAGE(seed1!P7,seed2!P7,seed3!P7,seed4!P7,seed5!P7),4) -> #DIV/0! | Q7: =ROUND(AVERAGE(seed1!Q7,seed2!Q7,seed3!Q7,seed4!Q7,seed5!Q7),4) -> #DIV/0! | R7: =ROUND(AVERAGE(seed1!R7,seed2!R7,seed3!R7,seed4!R7,seed5!R7),4) -> #DIV/0! | S7: =AVERAGE(seed1!S7,seed2!S7,seed3!S7,seed4!S7,seed5!S7) -> #DIV/0!
B8: （Bus） | C8: =ROUND(AVERAGE(seed1!C8,seed2!C8,seed3!C8,seed4!C8,seed5!C8),4) -> 6.5778 | D8: =ROUND(AVERAGE(seed1!D8,seed2!D8,seed3!D8,seed4!D8,seed5!D8),4) -> 3.8045 | E8: =ROUND(AVERAGE(seed1!E8,seed2!E8,seed3!E8,seed4!E8,seed5!E8),4) -> 5.0838 | F8: =ROUND(AVERAGE(seed1!F8,seed2!F8,seed3!F8,seed4!F8,seed5!F8),4) -> 5.6759 | G8: =ROUND(AVERAGE(seed1!G8,seed2!G8,seed3!G8,seed4!G8,seed5!G8),4) -> 6.3517 | H8: =ROUND(AVERAGE(seed1!H8,seed2!H8,seed3!H8,seed4!H8,seed5!H8),4) -> 6.21 | I8: =ROUND(AVERAGE(seed1!I8,seed2!I8,seed3!I8,seed4!I8,seed5!I8),4) -> 6.4244 | L8: （Bus） | M8: =ROUND(AVERAGE(seed1!M8,seed2!M8,seed3!M8,seed4!M8,seed5!M8),4) -> #DIV/0! | N8: =ROUND(AVERAGE(seed1!N8,seed2!N8,seed3!N8,seed4!N8,seed5!N8),4) -> #DIV/0! | O8: =ROUND(AVERAGE(seed1!O8,seed2!O8,seed3!O8,seed4!O8,seed5!O8),4) -> #DIV/0! | P8: =ROUND(AVERAGE(seed1!P8,seed2!P8,seed3!P8,seed4!P8,seed5!P8),4) -> #DIV/0! | Q8: =ROUND(AVERAGE(seed1!Q8,seed2!Q8,seed3!Q8,seed4!Q8,seed5!Q8),4) -> #DIV/0! | R8: =ROUND(AVERAGE(seed1!R8,seed2!R8,seed3!R8,seed4!R8,seed5!R8),4) -> #DIV/0! | S8: =AVERAGE(seed1!S8,seed2!S8,seed3!S8,seed4!S8,seed5!S8) -> #DIV/0!
B9: （Car） | C9: =ROUND(AVERAGE(seed1!C9,seed2!C9,seed3!C9,seed4!C9,seed5!C9),4) -> 6.6561 | D9: =ROUND(AVERAGE(seed1!D9,seed2!D9,seed3!D9,seed4!D9,seed5!D9),4) -> 4.1366 | E9: =ROUND(AVERAGE(seed1!E9,seed2!E9,seed3!E9,seed4!E9,seed5!E9),4) -> 4.856 | F9: =ROUND(AVERAGE(seed1!F9,seed2!F9,seed3!F9,seed4!F9,seed5!F9),4) -> 5.5678 | G9: =ROUND(AVERAGE(seed1!G9,seed2!G9,seed3!G9,seed4!G9,seed5!G9),4) -> 6.4379 | H9: =ROUND(AVERAGE(seed1!H9,seed2!H9,seed3!H9,seed4!H9,seed5!H9),4) -> 6.3947 | I9: =ROUND(AVERAGE(seed1!I9,seed2!I9,seed3!I9,seed4!I9,seed5!I9),4) -> 6.3599 | L9: （Car） | M9: =ROUND(AVERAGE(seed1!M9,seed2!M9,seed3!M9,seed4!M9,seed5!M9),4) -> #DIV/0! | N9: =ROUND(AVERAGE(seed1!N9,seed2!N9,seed3!N9,seed4!N9,seed5!N9),4) -> #DIV/0! | O9: =ROUND(AVERAGE(seed1!O9,seed2!O9,seed3!O9,seed4!O9,seed5!O9),4) -> #DIV/0! | P9: =ROUND(AVERAGE(seed1!P9,seed2!P9,seed3!P9,seed4!P9,seed5!P9),4) -> #DIV/0! | Q9: =ROUND(AVERAGE(seed1!Q9,seed2!Q9,seed3!Q9,seed4!Q9,seed5!Q9),4) -> #DIV/0! | R9: =ROUND(AVERAGE(seed1!R9,seed2!R9,seed3!R9,seed4!R9,seed5!R9),4) -> #DIV/0! | S9: =AVERAGE(seed1!S9,seed2!S9,seed3!S9,seed4!S9,seed5!S9) -> #DIV/0!
B10: 直進 | C10: =ROUND(AVERAGE(seed1!C10,seed2!C10,seed3!C10,seed4!C10,seed5!C10),4) -> 6.6317 | D10: =ROUND(AVERAGE(seed1!D10,seed2!D10,seed3!D10,seed4!D10,seed5!D10),4) -> 4.0369 | E10: =ROUND(AVERAGE(seed1!E10,seed2!E10,seed3!E10,seed4!E10,seed5!E10),4) -> 4.8944 | F10: =ROUND(AVERAGE(seed1!F10,seed2!F10,seed3!F10,seed4!F10,seed5!F10),4) -> 5.5939 | G10: =ROUND(AVERAGE(seed1!G10,seed2!G10,seed3!G10,seed4!G10,seed5!G10),4) -> 6.4147 | H10: =ROUND(AVERAGE(seed1!H10,seed2!H10,seed3!H10,seed4!H10,seed5!H10),4) -> 6.3446 | I10: =ROUND(AVERAGE(seed1!I10,seed2!I10,seed3!I10,seed4!I10,seed5!I10),4) -> 6.3711 | L10: 直進 | M10: =ROUND(AVERAGE(seed1!M10,seed2!M10,seed3!M10,seed4!M10,seed5!M10),4) -> #DIV/0! | N10: =ROUND(AVERAGE(seed1!N10,seed2!N10,seed3!N10,seed4!N10,seed5!N10),4) -> #DIV/0! | O10: =ROUND(AVERAGE(seed1!O10,seed2!O10,seed3!O10,seed4!O10,seed5!O10),4) -> #DIV/0! | P10: =ROUND(AVERAGE(seed1!P10,seed2!P10,seed3!P10,seed4!P10,seed5!P10),4) -> #DIV/0! | Q10: =ROUND(AVERAGE(seed1!Q10,seed2!Q10,seed3!Q10,seed4!Q10,seed5!Q10),4) -> #DIV/0! | R10: =ROUND(AVERAGE(seed1!R10,seed2!R10,seed3!R10,seed4!R10,seed5!R10),4) -> #DIV/0! | S10: =AVERAGE(seed1!S10,seed2!S10,seed3!S10,seed4!S10,seed5!S10) -> #DIV/0!
B11: （Bus） | C11: =ROUND(AVERAGE(seed1!C11,seed2!C11,seed3!C11,seed4!C11,seed5!C11),4) -> 8.0082 | D11: =ROUND(AVERAGE(seed1!D11,seed2!D11,seed3!D11,seed4!D11,seed5!D11),4) -> 5.1666 | E11: =ROUND(AVERAGE(seed1!E11,seed2!E11,seed3!E11,seed4!E11,seed5!E11),4) -> 6.3745 | F11: =ROUND(AVERAGE(seed1!F11,seed2!F11,seed3!F11,seed4!F11,seed5!F11),4) -> 7.0543 | G11: =ROUND(AVERAGE(seed1!G11,seed2!G11,seed3!G11,seed4!G11,seed5!G11),4) -> 7.7871 | H11: =ROUND(AVERAGE(seed1!H11,seed2!H11,seed3!H11,seed4!H11,seed5!H11),4) -> 7.6423 | I11: =ROUND(AVERAGE(seed1!I11,seed2!I11,seed3!I11,seed4!I11,seed5!I11),4) -> 7.7347 | L11: （Bus） | M11: =ROUND(AVERAGE(seed1!M11,seed2!M11,seed3!M11,seed4!M11,seed5!M11),4) -> #DIV/0! | N11: =ROUND(AVERAGE(seed1!N11,seed2!N11,seed3!N11,seed4!N11,seed5!N11),4) -> #DIV/0! | O11: =ROUND(AVERAGE(seed1!O11,seed2!O11,seed3!O11,seed4!O11,seed5!O11),4) -> #DIV/0! | P11: =ROUND(AVERAGE(seed1!P11,seed2!P11,seed3!P11,seed4!P11,seed5!P11),4) -> #DIV/0! | Q11: =ROUND(AVERAGE(seed1!Q11,seed2!Q11,seed3!Q11,seed4!Q11,seed5!Q11),4) -> #DIV/0! | R11: =ROUND(AVERAGE(seed1!R11,seed2!R11,seed3!R11,seed4!R11,seed5!R11),4) -> #DIV/0! | S11: =AVERAGE(seed1!S11,seed2!S11,seed3!S11,seed4!S11,seed5!S11) -> #DIV/0!
B12: （Car） | C12: =ROUND(AVERAGE(seed1!C12,seed2!C12,seed3!C12,seed4!C12,seed5!C12),4) -> 8.3796 | D12: =ROUND(AVERAGE(seed1!D12,seed2!D12,seed3!D12,seed4!D12,seed5!D12),4) -> 5.506 | E12: =ROUND(AVERAGE(seed1!E12,seed2!E12,seed3!E12,seed4!E12,seed5!E12),4) -> 6.4748 | F12: =ROUND(AVERAGE(seed1!F12,seed2!F12,seed3!F12,seed4!F12,seed5!F12),4) -> 7.1773 | G12: =ROUND(AVERAGE(seed1!G12,seed2!G12,seed3!G12,seed4!G12,seed5!G12),4) -> 8.1796 | H12: =ROUND(AVERAGE(seed1!H12,seed2!H12,seed3!H12,seed4!H12,seed5!H12),4) -> 8.045 | I12: =ROUND(AVERAGE(seed1!I12,seed2!I12,seed3!I12,seed4!I12,seed5!I12),4) -> 8.0635 | L12: （Car） | M12: =ROUND(AVERAGE(seed1!M12,seed2!M12,seed3!M12,seed4!M12,seed5!M12),4) -> #DIV/0! | N12: =ROUND(AVERAGE(seed1!N12,seed2!N12,seed3!N12,seed4!N12,seed5!N12),4) -> #DIV/0! | O12: =ROUND(AVERAGE(seed1!O12,seed2!O12,seed3!O12,seed4!O12,seed5!O12),4) -> #DIV/0! | P12: =ROUND(AVERAGE(seed1!P12,seed2!P12,seed3!P12,seed4!P12,seed5!P12),4) -> #DIV/0! | Q12: =ROUND(AVERAGE(seed1!Q12,seed2!Q12,seed3!Q12,seed4!Q12,seed5!Q12),4) -> #DIV/0! | R12: =ROUND(AVERAGE(seed1!R12,seed2!R12,seed3!R12,seed4!R12,seed5!R12),4) -> #DIV/0! | S12: =AVERAGE(seed1!S12,seed2!S12,seed3!S12,seed4!S12,seed5!S12) -> #DIV/0!
B13: 合計 | C13: =ROUND(AVERAGE(seed1!C13,seed2!C13,seed3!C13,seed4!C13,seed5!C13),4) -> 8.2841 | D13: =ROUND(AVERAGE(seed1!D13,seed2!D13,seed3!D13,seed4!D13,seed5!D13),4) -> 5.4119 | E13: =ROUND(AVERAGE(seed1!E13,seed2!E13,seed3!E13,seed4!E13,seed5!E13),4) -> 6.4516 | F13: =ROUND(AVERAGE(seed1!F13,seed2!F13,seed3!F13,seed4!F13,seed5!F13),4) -> 7.146 | G13: =ROUND(AVERAGE(seed1!G13,seed2!G13,seed3!G13,seed4!G13,seed5!G13),4) -> 8.0787 | H13: =ROUND(AVERAGE(seed1!H13,seed2!H13,seed3!H13,seed4!H13,seed5!H13),4) -> 7.9428 | I13: =ROUND(AVERAGE(seed1!I13,seed2!I13,seed3!I13,seed4!I13,seed5!I13),4) -> 7.9773 | L13: 合計 | M13: =ROUND(AVERAGE(seed1!M13,seed2!M13,seed3!M13,seed4!M13,seed5!M13),4) -> #DIV/0! | N13: =ROUND(AVERAGE(seed1!N13,seed2!N13,seed3!N13,seed4!N13,seed5!N13),4) -> #DIV/0! | O13: =ROUND(AVERAGE(seed1!O13,seed2!O13,seed3!O13,seed4!O13,seed5!O13),4) -> #DIV/0! | P13: =ROUND(AVERAGE(seed1!P13,seed2!P13,seed3!P13,seed4!P13,seed5!P13),4) -> #DIV/0! | Q13: =ROUND(AVERAGE(seed1!Q13,seed2!Q13,seed3!Q13,seed4!Q13,seed5!Q13),4) -> #DIV/0! | R13: =ROUND(AVERAGE(seed1!R13,seed2!R13,seed3!R13,seed4!R13,seed5!R13),4) -> #DIV/0! | S13: =AVERAGE(seed1!S13,seed2!S13,seed3!S13,seed4!S13,seed5!S13) -> #DIV/0!
B14: 左折台数 | C14: =ROUND(AVERAGE(seed1!C14,seed2!C14,seed3!C14,seed4!C14,seed5!C14),1) -> 41.8 | D14: =ROUND(AVERAGE(seed1!D14,seed2!D14,seed3!D14,seed4!D14,seed5!D14),1) -> 20.6 | E14: =ROUND(AVERAGE(seed1!E14,seed2!E14,seed3!E14,seed4!E14,seed5!E14),1) -> 33.4 | F14: =ROUND(AVERAGE(seed1!F14,seed2!F14,seed3!F14,seed4!F14,seed5!F14),1) -> 37.2 | G14: =ROUND(AVERAGE(seed1!G14,seed2!G14,seed3!G14,seed4!G14,seed5!G14),1) -> 41.8 | H14: =ROUND(AVERAGE(seed1!H14,seed2!H14,seed3!H14,seed4!H14,seed5!H14),1) -> 41.6 | I14: =ROUND(AVERAGE(seed1!I14,seed2!I14,seed3!I14,seed4!I14,seed5!I14),1) -> 41.8 | L14: 左折台数 | M14: =ROUND(AVERAGE(seed1!M14,seed2!M14,seed3!M14,seed4!M14,seed5!M14),1) -> #DIV/0! | N14: =ROUND(AVERAGE(seed1!N14,seed2!N14,seed3!N14,seed4!N14,seed5!N14),1) -> #DIV/0! | O14: =ROUND(AVERAGE(seed1!O14,seed2!O14,seed3!O14,seed4!O14,seed5!O14),1) -> #DIV/0! | P14: =ROUND(AVERAGE(seed1!P14,seed2!P14,seed3!P14,seed4!P14,seed5!P14),1) -> #DIV/0! | Q14: =ROUND(AVERAGE(seed1!Q14,seed2!Q14,seed3!Q14,seed4!Q14,seed5!Q14),1) -> #DIV/0! | R14: =ROUND(AVERAGE(seed1!R14,seed2!R14,seed3!R14,seed4!R14,seed5!R14),1) -> #DIV/0! | S14: =ROUND(AVERAGE(seed1!S14,seed2!S14,seed3!S14,seed4!S14,seed5!S14),1) -> #DIV/0!
B15: 直進台数 | C15: =ROUND(AVERAGE(seed1!C15,seed2!C15,seed3!C15,seed4!C15,seed5!C15),1) -> 244.8 | D15: =ROUND(AVERAGE(seed1!D15,seed2!D15,seed3!D15,seed4!D15,seed5!D15),1) -> 190 | E15: =ROUND(AVERAGE(seed1!E15,seed2!E15,seed3!E15,seed4!E15,seed5!E15),1) -> 226.8 | F15: =ROUND(AVERAGE(seed1!F15,seed2!F15,seed3!F15,seed4!F15,seed5!F15),1) -> 235.8 | G15: =ROUND(AVERAGE(seed1!G15,seed2!G15,seed3!G15,seed4!G15,seed5!G15),1) -> 243.8 | H15: =ROUND(AVERAGE(seed1!H15,seed2!H15,seed3!H15,seed4!H15,seed5!H15),1) -> 244.2 | I15: =ROUND(AVERAGE(seed1!I15,seed2!I15,seed3!I15,seed4!I15,seed5!I15),1) -> 243.2 | L15: 直進台数 | M15: =ROUND(AVERAGE(seed1!M15,seed2!M15,seed3!M15,seed4!M15,seed5!M15),1) -> #DIV/0! | N15: =ROUND(AVERAGE(seed1!N15,seed2!N15,seed3!N15,seed4!N15,seed5!N15),1) -> #DIV/0! | O15: =ROUND(AVERAGE(seed1!O15,seed2!O15,seed3!O15,seed4!O15,seed5!O15),1) -> #DIV/0! | P15: =ROUND(AVERAGE(seed1!P15,seed2!P15,seed3!P15,seed4!P15,seed5!P15),1) -> #DIV/0! | Q15: =ROUND(AVERAGE(seed1!Q15,seed2!Q15,seed3!Q15,seed4!Q15,seed5!Q15),1) -> #DIV/0! | R15: =ROUND(AVERAGE(seed1!R15,seed2!R15,seed3!R15,seed4!R15,seed5!R15),1) -> #DIV/0! | S15: =ROUND(AVERAGE(seed1!S15,seed2!S15,seed3!S15,seed4!S15,seed5!S15),1) -> #DIV/0!
B16: 交差点前_平均 | C16: =ROUND(AVERAGE(C7,C10),4) -> 6.0591 | D16: =ROUND(AVERAGE(D7,D10),4) -> 2.7627 | E16: =ROUND(AVERAGE(E7,E10),4) -> 3.8122 | F16: =ROUND(AVERAGE(F7,F10),4) -> 4.4686 | G16: =ROUND(AVERAGE(G7,G10),4) -> 5.835 | H16: =ROUND(AVERAGE(H7,H10),4) -> 5.5364 | I16: =ROUND(AVERAGE(I7,I10),4) -> 5.5666 | L16: 交差点前_平均 | M16: =ROUND(AVERAGE(M7,M10),4) -> #DIV/0! | N16: =ROUND(AVERAGE(N7,N10),4) -> #DIV/0! | O16: =ROUND(AVERAGE(O7,O10),4) -> #DIV/0! | P16: =ROUND(AVERAGE(P7,P10),4) -> #DIV/0! | Q16: =ROUND(AVERAGE(Q7,Q10),4) -> #DIV/0! | R16: =ROUND(AVERAGE(R7,R10),4) -> #DIV/0! | S16: =ROUND(AVERAGE(S7,S10),4) -> #DIV/0!
