Workbook

Sheet seed1
B2: 1000/1000 | K2: 1200/800
C3: 1 | D3: 2 | E3: 3 | F3: 4 | G3: 5 | H3: 6 | I3: 7 | L3: 1 | M3: 2 | N3: 3 | O3: 4 | P3: 5 | Q3: 6 | R3: 7
C4: 全て受け入れ | D4: 道交法 | E4: 0.2 | F4: 0.4 | G4: 既存 | H4: 提案 | I4: 性能込み | L4: 全て受け入れ | M4: 道交法 | N4: 0.2 | O4: 0.4 | P4: 既存 | Q4: 提案 | R4: 性能込み
B5: （Bus） | C5: 4.0418 | D5: 3.2289 | E5: 3.3896 | F5: 3.6204 | G5: 4.4013 | H5: 4.4731 | I5: 4.0032 | K5: （Bus）
B6: （Car） | C6: 4.3383 | D6: 3.6628 | E6: 3.7979 | F6: 3.9811 | G6: 4.6111 | H6: 4.7891 | I6: 4.3275 | K6: （Car）
B7: 全体 | C7: 4.2594 | D7: 3.545 | E7: 3.6877 | F7: 3.8852 | G7: 4.5562 | H7: 4.7043 | I7: 4.2407 | K7: 全体
B8: （Bus） | C8: 2.2114 | D8: 0.5177 | E8: 0.6952 | F8: 0.9811 | G8: 2.4965 | H8: 2.4673 | I8: 1.9294 | K8: （Bus）
B9: （Car） | C9: 2.5053 | D9: 0.8223 | E9: 0.977 | F9: 1.2876 | G9: 2.6566 | H9: 2.7502 | I9: 2.178 | K9: （Car）
B10: 希望車両 | C10: 2.4266 | D10: 0.7398 | E10: 0.9013 | F10: 1.2068 | G10: 2.6155 | H10: 2.674 | I10: 2.1122 | K10: 希望車両
B11: （Bus） | C11: 7.1933 | D11: 10.2816 | E11: 10.1696 | F11: 9.7747 | G11: 7.6366 | H11: 8.3891 | I11: 7.7021 | K11: （Bus）
B12: （Car） | C12: 7.4117 | D12: 11.1294 | E12: 11.0888 | F12: 10.5154 | G12: 8.1775 | H12: 8.7087 | I12: 8.351 | K12: （Car）
B13: 受入れ車両 | C13: 7.3543 | D13: 10.898 | E13: 10.837 | F13: 10.3145 | G13: 8.0311 | H13: 8.6235 | I13: 8.1732 | K13: 受入れ車両
B14: 通過_希望 | C14: 77 | D14: 18 | E14: 25 | F14: 36 | G14: 85 | H14: 87 | I14: 69 | K14: 通過_希望
B15: 通過_受入れ | C15: 152 | D15: 162 | E15: 162 | F15: 162 | G15: 162 | H15: 160 | I15: 161 | K15: 通過_受入れ
B18: 800/1200
C19: 1 | D19: 2 | E19: 3 | F19: 4 | G19: 5 | H19: 6 | I19: 7
C20: 全て受け入れ | D20: 道交法 | E20: 0.2 | F20: 0.4 | G20: 既存 | H20: 提案 | I20: 性能込み
B21: （Bus）
B22: （Car）
B23: 全体
B24: （Bus）
B25: （Car）
B26: 希望車両
B27: （Bus）
B28: （Car）
B29: 受入れ車両
B30: 通過_希望
B31: 通過_受入れ

Sheet seed2
B2: 1000/1000 | K2: 1200/800
C3: 1 | D3: 2 | E3: 3 | F3: 4 | G3: 5 | H3: 6 | I3: 7 | L3: 1 | M3: 2 | N3: 3 | O3: 4 | P3: 5 | Q3: 6 | R3: 7
C4: 全て受け入れ | D4: 道交法 | E4: 0.2 | F4: 0.4 | G4: 既存 | H4: 提案 | I4: 性能込み | L4: 全て受け入れ | M4: 道交法 | N4: 0.2 | O4: 0.4 | P4: 既存 | Q4: 提案 | R4: 性能込み
B5: （Bus） | C5: 4.9604 | D5: 3.7416 | E5: 3.4223 | F5: 4.1468 | G5: 4.5623 | H5: 4.1935 | I5: 4.1935 | K5: （Bus）
B6: （Car） | C6: 4.2625 | D6: 3.4264 | E6: 3.2085 | F6: 3.6474 | G6: 3.8399 | H6: 3.6408 | I6: 3.6408 | K6: （Car）
B7: 全体 | C7: 4.4157 | D7: 3.5042 | E7: 3.2627 | F7: 3.7655 | G7: 3.9986 | H7: 3.7657 | I7: 3.7657 | K7: 全体
B8: （Bus） | C8: 2.5902 | D8: 0.7535 | E8: 0.5131 | F8: 1.1508 | G8: 2.1403 | H8: 1.9976 | I8: 1.9976 | K8: （Bus）
B9: （Car） | C9: 2.4607 | D9: 0.7807 | E9: 0.5595 | F9: 1.1201 | G9: 1.9384 | H9: 1.925 | I9: 1.925 | K9: （Car）
B10: 希望車両 | C10: 2.4861 | D10: 0.7744 | E10: 0.5482 | F10: 1.1268 | G10: 1.9768 | H10: 1.9396 | I10: 1.9396 | K10: 希望車両
B11: （Bus） | C11: 8.1936 | D11: 10.1996 | E11: 10.1166 | F11: 10.1371 | G11: 7.5849 | H11: 6.8888 | I11: 6.8888 | K11: （Bus）
B12: （Car） | C12: 7.8265 | D12: 10.9002 | E12: 10.6568 | F12: 10.7618 | G12: 7.5929 | H12: 6.6426 | I12: 6.6426 | K12: （Car）
B13: 受入れ車両 | C13: 7.9225 | D13: 10.7013 | E13: 10.5047 | F13: 10.5853 | G13: 7.5908 | H13: 6.7078 | I13: 6.7078 | K13: 受入れ車両
B14: 通過_希望 | C14: 80 | D14: 20 | E14: 12 | F14: 33 | G14: 64 | H14: 62 | I14: 62 | K14: 通過_希望
B15: 通過_受入れ | C15: 154 | D15: 156 | E15: 156 | F15: 156 | G15: 153 | H15: 148 | I15: 148 | K15: 通過_受入れ
B18: 800/1200
C19: 1 | D19: 2 | E19: 3 | F19: 4 | G19: 5 | H19: 6 | I19: 7
C20: 全て受け入れ | D20: 道交法 | E20: 0.2 | F20: 0.4 | G20: 既存 | H20: 提案 | I20: 性能込み
B21: （Bus）
B22: （Car）
B23: 全体
B24: （Bus）
B25: （Car）
B26: 希望車両
B27: （Bus）
B28: （Car）
B29: 受入れ車両
B30: 通過_希望
B31: 通過_受入れ

Sheet seed3
B2: 1000/1000 | K2: 1200/800
C3: 1 | D3: 2 | E3: 3 | F3: 4 | G3: 5 | H3: 6 | I3: 7 | L3: 1 | M3: 2 | N3: 3 | O3: 4 | P3: 5 | Q3: 6 | R3: 7
C4: 全て受け入れ | D4: 道交法 | E4: 0.2 | F4: 0.4 | G4: 既存 | H4: 提案 | I4: 性能込み | L4: 全て受け入れ | M4: 道交法 | N4: 0.2 | O4: 0.4 | P4: 既存 | Q4: 提案 | R4: 性能込み
B5: （Bus） | C5: 4.4163 | D5: 3.1587 | E5: 3.1991 | F5: 3.5763 | G5: 4.7404 | H5: 4.9393 | I5: 4.9393 | K5: （Bus）
B6: （Car） | C6: 4.2224 | D6: 3.4336 | E6: 3.4121 | F6: 3.4353 | G6: 4.3118 | H6: 4.5519 | I6: 4.5519 | K6: （Car）
B7: 全体 | C7: 4.2681 | D7: 3.3583 | E7: 3.3543 | F7: 3.4709 | G7: 4.4092 | H7: 4.6407 | I7: 4.6407 | K7: 全体
B8: （Bus） | C8: 2.236 | D8: 0.4127 | E8: 0.3862 | F8: 0.6236 | G8: 2.485 | H8: 2.646 | I8: 2.646 | K8: （Bus）
B9: （Car） | C9: 2.3113 | D9: 0.5586 | E9: 0.5123 | F9: 0.6314 | G9: 2.3989 | H9: 2.6133 | I9: 2.6133 | K9: （Car）
B10: 希望車両 | C10: 2.2952 | D10: 0.5176 | E10: 0.4785 | F10: 0.6295 | G10: 2.4163 | H10: 2.6201 | I10: 2.6201 | K10: 希望車両
B11: （Bus） | C11: 7.4946 | D11: 10.3965 | E11: 10.4345 | F11: 10.3523 | G11: 7.6741 | H11: 8.2591 | I11: 8.2591 | K11: （Bus）
B12: （Car） | C12: 8.0079 | D12: 11.4102 | E12: 11.3087 | F12: 11.282 | G12: 7.9246 | H12: 8.4358 | I12: 8.4358 | K12: （Car）
B13: 受入れ車両 | C13: 7.8661 | D13: 11.1251 | E13: 11.0644 | F13: 11.0212 | G13: 7.8571 | H13: 8.3886 | I13: 8.3886 | K13: 受入れ車両
B14: 通過_希望 | C14: 73 | D14: 9 | E14: 8 | F14: 14 | G14: 73 | H14: 84 | I14: 84 | K14: 通過_希望
B15: 通過_受入れ | C15: 150 | D15: 157 | E15: 159 | F15: 158 | G15: 153 | H15: 156 | I15: 156 | K15: 通過_受入れ
B18: 800/1200
C19: 1 | D19: 2 | E19: 3 | F19: 4 | G19: 5 | H19: 6 | I19: 7
C20: 全て受け入れ | D20: 道交法 | E20: 0.2 | F20: 0.4 | G20: 既存 | H20: 提案 | I20: 性能込み
B21: （Bus）
B22: （Car）
B23: 全体
B24: （Bus）
B25: （Car）
B26: 希望車両
B27: （Bus）
B28: （Car）
B29: 受入れ車両
B30: 通過_希望
B31: 通過_受入れ

Sheet seed7
B2: 1000/1000 | K2: 1200/800
C3: 1 | D3: 2 | E3: 3 | F3: 4 | G3: 5 | H3: 6 | I3: 7 | L3: 1 | M3: 2 | N3: 3 | O3: 4 | P3: 5 | Q3: 6 | R3: 7
C4: 全て受け入れ | D4: 道交法 | E4: 0.2 | F4: 0.4 | G4: 既存 | H4: 提案 | I4: 性能込み | L4: 全て受け入れ | M4: 道交法 | N4: 0.2 | O4: 0.4 | P4: 既存 | Q4: 提案 | R4: 性能込み
B5: （Bus） | C5: 4.3166 | D5: 2.9987 | E5: 3.7644 | F5: 3.5917 | G5: 5.0536 | H5: 4.5975 | I5: 4.7237 | K5: （Bus）
B6: （Car） | C6: 4.0974 | D6: 3.522 | E6: 3.6046 | F6: 3.5655 | G6: 4.2178 | H6: 4.0535 | I6: 4.0909 | K6: （Car）
B7: 全体 | C7: 4.1465 | D7: 3.3786 | E7: 3.6425 | F7: 3.5719 | G7: 4.3873 | H7: 4.17 | I7: 4.2222 | K7: 全体
B8: （Bus） | C8: 2.372 | D8: 0.463 | E8: 0.939 | F8: 0.8262 | G8: 2.908 | H8: 2.4783 | I8: 2.6965 | K8: （Bus）
B9: （Car） | C9: 2.3105 | D9: 0.6201 | E9: 0.8853 | F9: 0.8033 | G9: 2.3534 | H9: 2.2176 | I9: 2.3068 | K9: （Car）
B10: 希望車両 | C10: 2.3238 | D10: 0.5762 | E10: 0.8976 | F10: 0.8088 | G10: 2.4553 | H10: 2.2704 | I10: 2.3822 | K10: 希望車両
B11: （Bus） | C11: 7.2991 | D11: 10.2305 | E11: 10.1378 | F11: 10.0326 | G11: 8.042 | H11: 7.6473 | I11: 7.6637 | K11: （Bus）
B12: （Car） | C12: 7.2308 | D12: 11.0331 | E12: 10.8471 | F12: 10.8396 | G12: 7.7974 | H12: 7.2201 | I12: 7.3475 | K12: （Car）
B13: 受入れ車両 | C13: 7.2471 | D13: 10.8243 | E13: 10.6633 | F13: 10.6287 | G13: 7.8554 | H13: 7.3198 | I13: 7.4209 | K13: 受入れ車両
B14: 通過_希望 | C14: 77 | D14: 12 | E14: 24 | F14: 22 | G14: 81 | H14: 73 | I14: 77 | K14: 通過_希望
B15: 通過_受入れ | C15: 156 | D15: 159 | E15: 160 | F15: 161 | G15: 157 | H15: 157 | I15: 150 | K15: 通過_受入れ
B18: 800/1200
C19: 1 | D19: 2 | E19: 3 | F19: 4 | G19: 5 | H19: 6 | I19: 7
C20: 全て受け入れ | D20: 道交法 | E20: 0.2 | F20: 0.4 | G20: 既存 | H20: 提案 | I20: 性能込み
B21: （Bus）
B22: （Car）
B23: 全体
B24: （Bus）
B25: （Car）
B26: 希望車両
B27: （Bus）
B28: （Car）
B29: 受入れ車両
B30: 通過_希望
B31: 通過_受入れ

Sheet seed11
B2: 1000/1000 | K2: 1200/800
C3: 1 | D3: 2 | E3: 3 | F3: 4 | G3: 5 | H3: 6 | I3: 7 | L3: 1 | M3: 2 | N3: 3 | O3: 4 | P3: 5 | Q3: 6 | R3: 7
C4: 全て受け入れ | D4: 道交法 | E4: 0.2 | F4: 0.4 | G4: 既存 | H4: 提案 | I4: 性能込み | L4: 全て受け入れ | M4: 道交法 | N4: 0.2 | O4: 0.4 | P4: 既存 | Q4: 提案 | R4: 性能込み
B5: （Bus） | C5: 4.3907 | D5: 4.2387 | E5: 4.7444 | F5: 4.6678 | G5: 5.3987 | H5: 4.9871 | I5: 4.2318 | K5: （Bus）
B6: （Car） | C6: 4.2085 | D6: 2.8948 | E6: 2.9887 | F6: 3.1298 | G6: 4.2377 | H6: 3.844 | I6: 4.1534 | K6: （Car）
B7: 全体 | C7: 4.2527 | D7: 3.1614 | E7: 3.3105 | F7: 3.4238 | G7: 4.4805 | H7: 4.0812 | I7: 4.1729 | K7: 全体
B8: （Bus） | C8: 2.2417 | D8: 0.3047 | E8: 0.5659 | F8: 0.5908 | G8: 2.6486 | H8: 2.4489 | I8: 1.8059 | K8: （Bus）
B9: （Car） | C9: 2.5363 | D9: 0.4032 | E9: 0.5603 | F9: 0.6449 | G9: 2.1432 | H9: 2.0041 | I9: 2.2002 | K9: （Car）
B10: 希望車両 | C10: 2.4738 | D10: 0.3871 | E10: 0.5611 | F10: 0.63667 | G10: 2.2258 | H10: 2.0781 | I10: 2.1118 | K10: 希望車両
B11: （Bus） | C11: 6.8135 | D11: 10.3427 | E11: 10.1969 | F11: 10.2845 | G11: 8.2556 | H11: 7.7029 | I11: 7.7016 | K11: （Bus）
B12: （Car） | C12: 7.0546 | D12: 11.2074 | E12: 10.9417 | F12: 11.3067 | G12: 8.8847 | H12: 7.7275 | I12: 8.2262 | K12: （Car）
B13: 受入れ車両 | C13: 6.9849 | D13: 10.9514 | E13: 10.7228 | F13: 11.0011 | G13: 8.6995 | H13: 7.7205 | I13: 8.0708 | K13: 受入れ車両
B14: 通過_希望 | C14: 77 | D14: 5 | E14: 12 | F14: 15 | G14: 67 | H14: 66 | I14: 70 | K14: 通過_希望
B15: 通過_受入れ | C15: 155 | D15: 160 | E15: 160 | F15: 160 | G15: 160 | H15: 151 | I15: 154 | K15: 通過_受入れ
B18: 800/1200
C19: 1 | D19: 2 | E19: 3 | F19: 4 | G19: 5 | H19: 6 | I19: 7
C20: 全て受け入れ | D20: 道交法 | E20: 0.2 | F20: 0.4 | G20: 既存 | H20: 提案 | I20: 性能込み
B21: （Bus）
B22: （Car）
B23: 全体
B24: （Bus）
B25: （Car）
B26: 希望車両
B27: （Bus）
B28: （Car）
B29: 受入れ車両
B30: 通過_希望
B31: 通過_受入れ

Sheet 平均
B2: 1000/1000 | K2: 1200/800
C3: 1 | D3: 2 | E3: 3 | F3: 4 | G3: 5 | H3: 6 | I3: 7 | L3: 1 | M3: 2 | N3: 3 | O3: 4 | P3: 5 | Q3: 6 | R3: 7
C4: 全て受け入れ | D4: 道交法 | E4: 0.2 | F4: 0.4 | G4: 既存 | H4: 提案 | I4: 性能込み | L4: 全て受け入れ | M4: 道交法 | N4: 0.2 | O4: 0.4 | P4: 既存 | Q4: 提案 | R4: 性能込み
B5: （Bus） | C5: =ROUND(AVERAGE(seed1!C5,seed2!C5,seed3!C5,seed7!C5,seed11!C5),4) -> 4.4252 | D5: =ROUND(AVERAGE(seed1!D5,seed2!D5,seed3!D5,seed7!D5,seed11!D5),4) -> 3.4733 | E5: =ROUND(AVERAGE(seed1!E5,seed2!E5,seed3!E5,seed7!E5,seed11!E5),4) -> 3.704 | F5: =ROUND(AVERAGE(seed1!F5,seed2!F5,seed3!F5,seed7!F5,seed11!F5),4) -> 3.9206 | G5: =ROUND(AVERAGE(seed1!G5,seed2!G5,seed3!G5,seed7!G5,seed11!G5),4) -> 4.8313 | H5: =ROUND(AVERAGE(seed1!H5,seed2!H5,seed3!H5,seed7!H5,seed11!H5),4) -> 4.6381 | I5: =ROUND(AVERAGE(seed1!I5,seed2!I5,seed3!I5,seed7!I5,seed11!I5),4) -> 4.4183 | K5: （Bus） | L5: =ROUND(AVERAGE(seed1!L5,seed2!L5,seed3!L5,seed7!L5,seed11!L5),4) -> #DIV/0! | M5: =ROUND(AVERAGE(seed1!M5,seed2!M5,seed3!M5,seed7!M5,seed11!M5),4) -> #DIV/0! | N5: =ROUND(AVERAGE(seed1!N5,seed2!N5,seed3!N5,seed7!N5,seed11!N5),4) -> #DIV/0! | O5: =ROUND(AVERAGE(seed1!O5,seed2!O5,seed3!O5,seed7!O5,seed11!O5),4) -> #DIV/0! | P5: =ROUND(AVERAGE(seed1!P5,seed2!P5,seed3!P5,seed7!P5,seed11!P5),4) -> #DIV/0! | Q5: =ROUND(AVERAGE(seed1!Q5,seed2!Q5,seed3!Q5,seed7!Q5,seed11!Q5),4) -> #DIV/0! | R5: =ROUND(AVERAGE(seed1!R5,seed2!R5,seed3!R5,seed7!R5,seed11!R5),4) -> #DIV/0!
B6: （Car） | C6: =ROUND(AVERAGE(seed1!C6,seed2!C6,seed3!C6,seed7!C6,seed11!C6),4) -> 4.2258 | D6: =ROUND(AVERAGE(seed1!D6,seed2!D6,seed3!D6,seed7!D6,seed11!D6),4) -> 3.3879 | E6: =ROUND(AVERAGE(seed1!E6,seed2!E6,seed3!E6,seed7!E6,seed11!E6),4) -> 3.4024 | F6: =ROUND(AVERAGE(seed1!F6,seed2!F6,seed3!F6,seed7!F6,seed11!F6),4) -> 3.5518 | G6: =ROUND(AVERAGE(seed1!G6,seed2!G6,seed3!G6,seed7!G6,seed11!G6),4) -> 4.2437 | H6: =ROUND(AVERAGE(seed1!H6,seed2!H6,seed3!H6,seed7!H6,seed11!H6),4) -> 4.1759 | I6: =ROUND(AVERAGE(seed1!I6,seed2!I6,seed3!I6,seed7!I6,seed11!I6),4) -> 4.1529 | K6: （Car） | L6: =ROUND(AVERAGE(seed1!L6,seed2!L6,seed3!L6,seed7!L6,seed11!L6),4) -> #DIV/0! | M6: =ROUND(AVERAGE(seed1!M6,seed2!M6,seed3!M6,seed7!M6,seed11!M6),4) -> #DIV/0! | N6: =ROUND(AVERAGE(seed1!N6,seed2!N6,seed3!N6,seed7!N6,seed11!N6),4) -> #DIV/0! | O6: =ROUND(AVERAGE(seed1!O6,seed2!O6,seed3!O6,seed7!O6,seed11!O6),4) -> #DIV/0! | P6: =ROUND(AVERAGE(seed1!P6,seed2!P6,seed3!P6,seed7!P6,seed11!P6),4) -> #DIV/0! | Q6: =ROUND(AVERAGE(seed1!Q6,seed2!Q6,seed3!Q6,seed7!Q6,seed11!Q6),4) -> #DIV/0! | R6: =ROUND(AVERAGE(seed1!R6,seed2!R6,seed3!R6,seed7!R6,seed11!R6),4) -> #DIV/0!
B7: 全体 | C7: =ROUND(AVERAGE(seed1!C7,seed2!C7,seed3!C7,seed7!C7,seed11!C7),4) -> 4.2685 | D7: =ROUND(AVERAGE(seed1!D7,seed2!D7,seed3!D7,seed7!D7,seed11!D7),4) -> 3.3895 | E7: =ROUND(AVERAGE(seed1!E7,seed2!E7,seed3!E7,seed7!E7,seed11!E7),4) -> 3.4515 | F7: =ROUND(AVERAGE(seed1!F7,seed2!F7,seed3!F7,seed7!F7,seed11!F7),4) -> 3.6235 | G7: =ROUND(AVERAGE(seed1!G7,seed2!G7,seed3!G7,seed7!G7,seed11!G7),4) -> 4.3664 | H7: =ROUND(AVERAGE(seed1!H7,seed2!H7,seed3!H7,seed7!H7,seed11!H7),4) -> 4.2724 | I7: =ROUND(AVERAGE(seed1!I7,seed2!I7,seed3!I7,seed7!I7,seed11!I7),4) -> 4.2084 | K7: 全体 | L7: =ROUND(AVERAGE(seed1!L7,seed2!L7,seed3!L7,seed7!L7,seed11!L7),4) -> #DIV/0! | M7: =ROUND(AVERAGE(seed1!M7,seed2!M7,seed3!M7,seed7!M7,seed11!M7),4) -> #DIV/0! | N7: =ROUND(AVERAGE(seed1!N7,seed2!N7,seed3!N7,seed7!N7,seed11!N7),4) -> #DIV/0! | O7: =ROUND(AVERAGE(seed1!O7,seed2!O7,seed3!O7,seed7!O7,seed11!O7),4) -> #DIV/0! | P7: =ROUND(AVERAGE(seed1!P7,seed2!P7,seed3!P7,seed7!P7,seed11!P7),4) -> #DIV/0! | Q7: =ROUND(AVERAGE(seed1!Q7,seed2!Q7,seed3!Q7,seed7!Q7,seed11!Q7),4) -> #DIV/0! | R7: =ROUND(AVERAGE(seed1!R7,seed2!R7,seed3!R7,seed7!R7,seed11!R7),4) -> #DIV/0!
B8: （Bus） | C8: =ROUND(AVERAGE(seed1!C8,seed2!C8,seed3!C8,seed7!C8,seed11!C8),4) -> 2.3303 | D8: =ROUND(AVERAGE(seed1!D8,seed2!D8,seed3!D8,seed7!D8,seed11!D8),4) -> 0.4903 | E8: =ROUND(AVERAGE(seed1!E8,seed2!E8,seed3!E8,seed7!E8,seed11!E8),4) -> 0.6199 | F8: =ROUND(AVERAGE(seed1!F8,seed2!F8,seed3!F8,seed7!F8,seed11!F8),4) -> 0.8345 | G8: =ROUND(AVERAGE(seed1!G8,seed2!G8,seed3!G8,seed7!G8,seed11!G8),4) -> 2.5357 | H8: =ROUND(AVERAGE(seed1!H8,seed2!H8,seed3!H8,seed7!H8,seed11!H8),4) -> 2.4076 | I8: =ROUND(AVERAGE(seed1!I8,seed2!I8,seed3!I8,seed7!I8,seed11!I8),4) -> 2.2151 | K8: （Bus） | L8: =ROUND(AVERAGE(seed1!L8,seed2!L8,seed3!L8,seed7!L8,seed11!L8),4) -> #DIV/0! | M8: =ROUND(AVERAGE(seed1!M8,seed2!M8,seed3!M8,seed7!M8,seed11!M8),4) -> #DIV/0! | N8: =ROUND(AVERAGE(seed1!N8,seed2!N8,seed3!N8,seed7!N8,seed11!N8),4) -> #DIV/0! | O8: =ROUND(AVERAGE(seed1!O8,seed2!O8,seed3!O8,seed7!O8,seed11!O8),4) -> #DIV/0! | P8: =ROUND(AVERAGE(seed1!P8,seed2!P8,seed3!P8,seed7!P8,seed11!P8),4) -> #DIV/0! | Q8: =ROUND(AVERAGE(seed1!Q8,seed2!Q8,seed3!Q8,seed7!Q8,seed11!Q8),4) -> #DIV/0! | R8: =ROUND(AVERAGE(seed1!R8,seed2!R8,seed3!R8,seed7!R8,seed11!R8),4) -> #DIV/0!
B9: （Car） | C9: =ROUND(AVERAGE(seed1!C9,seed2!C9,seed3!C9,seed7!C9,seed11!C9),4) -> 2.4248 | D9: =ROUND(AVERAGE(seed1!D9,seed2!D9,seed3!D9,seed7!D9,seed11!D9),4) -> 0.637 | E9: =ROUND(AVERAGE(seed1!E9,seed2!E9,seed3!E9,seed7!E9,seed11!E9),4) -> 0.6989 | F9: =ROUND(AVERAGE(seed1!F9,seed2!F9,seed3!F9,seed7!F9,seed11!F9),4) -> 0.8975 | G9: =ROUND(AVERAGE(seed1!G9,seed2!G9,seed3!G9,seed7!G9,seed11!G9),4) -> 2.2981 | H9: =ROUND(AVERAGE(seed1!H9,seed2!H9,seed3!H9,seed7!H9,seed11!H9),4) -> 2.302 | I9: =ROUND(AVERAGE(seed1!I9,seed2!I9,seed3!I9,seed7!I9,seed11!I9),4) -> 2.2447 | K9: （Car） | L9: =ROUND(AVERAGE(seed1!L9,seed2!L9,seed3!L9,seed7!L9,seed11!L9),4) -> #DIV/0! | M9: =ROUND(AVERAGE(seed1!M9,seed2!M9,seed3!M9,seed7!M9,seed11!M9),4) -> #DIV/0! | N9: =ROUND(AVERAGE(seed1!N9,seed2!N9,seed3!N9,seed7!N9,seed11!N9),4) -> #DIV/0! | O9: =ROUND(AVERAGE(seed1!O9,seed2!O9,seed3!O9,seed7!O9,seed11!O9),4) -> #DIV/0! | P9: =ROUND(AVERAGE(seed1!P9,seed2!P9,seed3!P9,seed7!P9,seed11!P9),4) -> #DIV/0! | Q9: =ROUND(AVERAGE(seed1!Q9,seed2!Q9,seed3!Q9,seed7!Q9,seed11!Q9),4) -> #DIV/0! | R9: =ROUND(AVERAGE(seed1!R9,seed2!R9,seed3!R9,seed7!R9,seed11!R9),4) -> #DIV/0!
B10: 希望車両 | C10: =ROUND(AVERAGE(seed1!C10,seed2!C10,seed3!C10,seed7!C10,seed11!C10),4) -> 2.4011 | D10: =ROUND(AVERAGE(seed1!D10,seed2!D10,seed3!D10,seed7!D10,seed11!D10),4) -> 0.599 | E10: =ROUND(AVERAGE(seed1!E10,seed2!E10,seed3!E10,seed7!E10,seed11!E10),4) -> 0.6773 | F10: =ROUND(AVERAGE(seed1!F10,seed2!F10,seed3!F10,seed7!F10,seed11!F10),4) -> 0.8817 | G10: =ROUND(AVERAGE(seed1!G10,seed2!G10,seed3!G10,seed7!G10,seed11!G10),4) -> 2.3379 | H10: =ROUND(AVERAGE(seed1!H10,seed2!H10,seed3!H10,seed7!H10,seed11!H10),4) -> 2.3164 | I10: =ROUND(AVERAGE(seed1!I10,seed2!I10,seed3!I10,seed7!I10,seed11!I10),4) -> 2.2332 | K10: 希望車両 | L10: =ROUND(AVERAGE(seed1!L10,seed2!L10,seed3!L10,seed7!L10,seed11!L10),4) -> #DIV/0! | M10: =ROUND(AVERAGE(seed1!M10,seed2!M10,seed3!M10,seed7!M10,seed11!M10),4) -> #DIV/0! | N10: =ROUND(AVERAGE(seed1!N10,seed2!N10,seed3!N10,seed7!N10,seed11!N10),4) -> #DIV/0! | O10: =ROUND(AVERAGE(seed1!O10,seed2!O10,seed3!O10,seed7!O10,seed11!O10),4) -> #DIV/0! | P10: =ROUND(AVERAGE(seed1!P10,seed2!P10,seed3!P10,seed7!P10,seed11!P10),4) -> #DIV/0! | Q10: =ROUND(AVERAGE(seed1!Q10,seed2!Q10,seed3!Q10,seed7!Q10,seed11!Q10),4) -> #DIV/0! | R10: =ROUND(AVERAGE(seed1!R10,seed2!R10,seed3!R10,seed7!R10,seed11!R10),4) -> #DIV/0!
B11: （Bus） | C11: =ROUND(AVERAGE(seed1!C11,seed2!C11,seed3!C11,seed7!C11,seed11!C11),4) -> 7.3988 | D11: =ROUND(AVERAGE(seed1!D11,seed2!D11,seed3!D11,seed7!D11,seed11!D11),4) -> 10.2902 | E11: =ROUND(AVERAGE(seed1!E11,seed2!E11,seed3!E11,seed7!E11,seed11!E11),4) -> 10.2111 | F11: =ROUND(AVERAGE(seed1!F11,seed2!F11,seed3!F11,seed7!F11,seed11!F11),4) -> 10.1162 | G11: =ROUND(AVERAGE(seed1!G11,seed2!G11,seed3!G11,seed7!G11,seed11!G11),4) -> 7.8386 | H11: =ROUND(AVERAGE(seed1!H11,seed2!H11,seed3!H11,seed7!H11,seed11!H11),4) -> 7.7774 | I11: =ROUND(AVERAGE(seed1!I11,seed2!I11,seed3!I11,seed7!I11,seed11!I11),4) -> 7.6431 | K11: （Bus） | L11: =ROUND(AVERAGE(seed1!L11,seed2!L11,seed3!L11,seed7!L11,seed11!L11),4) -> #DIV/0! | M11: =ROUND(AVERAGE(seed1!M11,seed2!M11,seed3!M11,seed7!M11,seed11!M11),4) -> #DIV/0! | N11: =ROUND(AVERAGE(seed1!N11,seed2!N11,seed3!N11,seed7!N11,seed11!N11),4) -> #DIV/0! | O11: =ROUND(AVERAGE(seed1!O11,seed2!O11,seed3!O11,seed7!O11,seed11!O11),4) -> #DIV/0! | P11: =ROUND(AVERAGE(seed1!P11,seed2!P11,seed3!P11,seed7!P11,seed11!P11),4) -> #DIV/0! | Q11: =ROUND(AVERAGE(seed1!Q11,seed2!Q11,seed3!Q11,seed7!Q11,seed11!Q11),4) -> #DIV/0! | R11: =ROUND(AVERAGE(seed1!R11,seed2!R11,seed3!R11,seed7!R11,seed11!R11),4) -> #DIV/0!
B12: （Car） | C12: =ROUND(AVERAGE(seed1!C12,seed2!C12,seed3!C12,seed7!C12,seed11!C12),4) -> 7.5063 | D12: =ROUND(AVERAGE(seed1!D12,seed2!D12,seed3!D12,seed7!D12,seed11!D12),4) -> 11.1361 | E12: =ROUND(AVERAGE(seed1!E12,seed2!E12,seed3!E12,seed7!E12,seed11!E12),4) -> 10.9686 | F12: =ROUND(AVERAGE(seed1!F12,seed2!F12,seed3!F12,seed7!F12,seed11!F12),4) -> 10.9411 | G12: =ROUND(AVERAGE(seed1!G12,seed2!G12,seed3!G12,seed7!G12,seed11!G12),4) -> 8.0754 | H12: =ROUND(AVERAGE(seed1!H12,seed2!H12,seed3!H12,seed7!H12,seed11!H12),4) -> 7.7469 | I12: =ROUND(AVERAGE(seed1!I12,seed2!I12,seed3!I12,seed7!I12,seed11!I12),4) -> 7.8006 | K12: （Car） | L12: =ROUND(AVERAGE(seed1!L12,seed2!L12,seed3!L12,seed7!L12,seed11!L12),4) -> #DIV/0! | M12: =ROUND(AVERAGE(seed1!M12,seed2!M12,seed3!M12,seed7!M12,seed11!M12),4) -> #DIV/0! | N12: =ROUND(AVERAGE(seed1!N12,seed2!N12,seed3!N12,seed7!N12,seed11!N12),4) -> #DIV/0! | O12: =ROUND(AVERAGE(seed1!O12,seed2!O12,seed3!O12,seed7!O12,seed11!O12),4) -> #DIV/0! | P12: =ROUND(AVERAGE(seed1!P12,seed2!P12,seed3!P12,seed7!P12,seed11!P12),4) -> #DIV/0! | Q12: =ROUND(AVERAGE(seed1!Q12,seed2!Q12,seed3!Q12,seed7!Q12,seed11!Q12),4) -> #DIV/0! | R12: =ROUND(AVERAGE(seed1!R12,seed2!R12,seed3!R12,seed7!R12,seed11!R12),4) -> #DIV/0!
B13: 受入れ車両 | C13: =ROUND(AVERAGE(seed1!C13,seed2!C13,seed3!C13,seed7!C13,seed11!C13),4) -> 7.475 | D13: =ROUND(AVERAGE(seed1!D13,seed2!D13,seed3!D13,seed7!D13,seed11!D13),4) -> 10.9 | E13: =ROUND(AVERAGE(seed1!E13,seed2!E13,seed3!E13,seed7!E13,seed11!E13),4) -> 10.7584 | F13: =ROUND(AVERAGE(seed1!F13,seed2!F13,seed3!F13,seed7!F13,seed11!F13),4) -> 10.7102 | G13: =ROUND(AVERAGE(seed1!G13,seed2!G13,seed3!G13,seed7!G13,seed11!G13),4) -> 8.0068 | H13: =ROUND(AVERAGE(seed1!H13,seed2!H13,seed3!H13,seed7!H13,seed11!H13),4) -> 7.752 | I13: =ROUND(AVERAGE(seed1!I13,seed2!I13,seed3!I13,seed7!I13,seed11!I13),4) -> 7.7523 | K13: 受入れ車両 | L13: =ROUND(AVERAGE(seed1!L13,seed2!L13,seed3!L13,seed7!L13,seed11!L13),4) -> #DIV/0! | M13: =ROUND(AVERAGE(seed1!M13,seed2!M13,seed3!M13,seed7!M13,seed11!M13),4) -> #DIV/0! | N13: =ROUND(AVERAGE(seed1!N13,seed2!N13,seed3!N13,seed7!N13,seed11!N13),4) -> #DIV/0! | O13: =ROUND(AVERAGE(seed1!O13,seed2!O13,seed3!O13,seed7!O13,seed11!O13),4) -> #DIV/0! | P13: =ROUND(AVERAGE(seed1!P13,seed2!P13,seed3!P13,seed7!P13,seed11!P13),4) -> #DIV/0! | Q13: =ROUND(AVERAGE(seed1!Q13,seed2!Q13,seed3!Q13,seed7!Q13,seed11!Q13),4) -> #DIV/0! | R13: =ROUND(AVERAGE(seed1!R13,seed2!R13,seed3!R13,seed7!R13,seed11!R13),4) -> #DIV/0!
B14: 通過_希望 | C14: =ROUND(AVERAGE(seed1!C14,seed2!C14,seed3!C14,seed7!C14,seed11!C14),1) -> 76.8 | D14: =ROUND(AVERAGE(seed1!D14,seed2!D14,seed3!D14,seed7!D14,seed11!D14),1) -> 12.8 | E14: =ROUND(AVERAGE(seed1!E14,seed2!E14,seed3!E14,seed7!E14,seed11!E14),1) -> 16.2 | F14: =ROUND(AVERAGE(seed1!F14,seed2!F14,seed3!F14,seed7!F14,seed11!F14),1) -> 24 | G14: =ROUND(AVERAGE(seed1!G14,seed2!G14,seed3!G14,seed7!G14,seed11!G14),1) -> 74 | H14: =ROUND(AVERAGE(seed1!H14,seed2!H14,seed3!H14,seed7!H14,seed11!H14),1) -> 74.4 | I14: =ROUND(AVERAGE(seed1!I14,seed2!I14,seed3!I14,seed7!I14,seed11!I14),1) -> 72.4 | K14: 通過_希望 | L14: =ROUND(AVERAGE(seed1!L14,seed2!L14,seed3!L14,seed7!L14,seed11!L14),1) -> #DIV/0! | M14: =ROUND(AVERAGE(seed1!M14,seed2!M14,seed3!M14,seed7!M14,seed11!M14),1) -> #DIV/0! | N14: =ROUND(AVERAGE(seed1!N14,seed2!N14,seed3!N14,seed7!N14,seed11!N14),1) -> #DIV/0! | O14: =ROUND(AVERAGE(seed1!O14,seed2!O14,seed3!O14,seed7!O14,seed11!O14),1) -> #DIV/0! | P14: =ROUND(AVERAGE(seed1!P14,seed2!P14,seed3!P14,seed7!P14,seed11!P14),1) -> #DIV/0! | Q14: =ROUND(AVERAGE(seed1!Q14,seed2!Q14,seed3!Q14,seed7!Q14,seed11!Q14),1) -> #DIV/0! | R14: =ROUND(AVERAGE(seed1!R14,seed2!R14,seed3!R14,seed7!R14,seed11!R14),1) -> #DIV/0!
B15: 通過_受入れ | C15: =ROUND(AVERAGE(seed1!C15,seed2!C15,seed3!C15,seed7!C15,seed11!C15),1) -> 153.4 | D15: =ROUND(AVERAGE(seed1!D15,seed2!D15,seed3!D15,seed7!D15,seed11!D15),1) -> 158.8 | E15: =ROUND(AVERAGE(seed1!E15,seed2!E15,seed3!E15,seed7!E15,seed11!E15),1) -> 159.4 | F15: =ROUND(AVERAGE(seed1!F15,seed2!F15,seed3!F15,seed7!F15,seed11!F15),1) -> 159.4 | G15: =ROUND(AVERAGE(seed1!G15,seed2!G15,seed3!G15,seed7!G15,seed11!G15),1) -> 157 | H15: =ROUND(AVERAGE(seed1!H15,seed2!H15,seed3!H15,seed7!H15,seed11!H15),1) -> 154.4 | I15: =ROUND(AVERAGE(seed1!I15,seed2!I15,seed3!I15,seed7!I15,seed11!I15),1) -> 153.8 | K15: 通過_受入れ | L15: =ROUND(AVERAGE(seed1!L15,seed2!L15,seed3!L15,seed7!L15,seed11!L15),1) -> #DIV/0! | M15: =ROUND(AVERAGE(seed1!M15,seed2!M15,seed3!M15,seed7!M15,seed11!M15),1) -> #DIV/0! | N15: =ROUND(AVERAGE(seed1!N15,seed2!N15,seed3!N15,seed7!N15,seed11!N15),1) -> #DIV/0! | O15: =ROUND(AVERAGE(seed1!O15,seed2!O15,seed3!O15,seed7!O15,seed11!O15),1) -> #DIV/0! | P15: =ROUND(AVERAGE(seed1!P15,seed2!P15,seed3!P15,seed7!P15,seed11!P15),1) -> #DIV/0! | Q15: =ROUND(AVERAGE(seed1!Q15,seed2!Q15,seed3!Q15,seed7!Q15,seed11!Q15),1) -> #DIV/0! | R15: =ROUND(AVERAGE(seed1!R15,seed2!R15,seed3!R15,seed7!R15,seed11!R15),1) -> #DIV/0!
B18: 800/1200
C19: 1 | D19: 2 | E19: 3 | F19: 4 | G19: 5 | H19: 6 | I19: 7
C20: 全て受け入れ | D20: 道交法 | E20: 0.2 | F20: 0.4 | G20: 既存 | H20: 提案 | I20: 性能込み
B21: （Bus） | C21: =ROUND(AVERAGE(seed1!C21,seed2!C21,seed3!C21,seed7!C21,seed11!C21),4) -> #DIV/0! | D21: =ROUND(AVERAGE(seed1!D21,seed2!D21,seed3!D21,seed7!D21,seed11!D21),4) -> #DIV/0! | E21: =ROUND(AVERAGE(seed1!E21,seed2!E21,seed3!E21,seed7!E21,seed11!E21),4) -> #DIV/0! | F21: =ROUND(AVERAGE(seed1!F21,seed2!F21,seed3!F21,seed7!F21,seed11!F21),4) -> #DIV/0! | G21: =ROUND(AVERAGE(seed1!G21,seed2!G21,seed3!G21,seed7!G21,seed11!G21),4) -> #DIV/0! | H21: =ROUND(AVERAGE(seed1!H21,seed2!H21,seed3!H21,seed7!H21,seed11!H21),4) -> #DIV/0! | I21: =ROUND(AVERAGE(seed1!I21,seed2!I21,seed3!I21,seed7!I21,seed11!I21),4) -> #DIV/0!
B22: （Car） | C22: =ROUND(AVERAGE(seed1!C22,seed2!C22,seed3!C22,seed7!C22,seed11!C22),4) -> #DIV/0! | D22: =ROUND(AVERAGE(seed1!D22,seed2!D22,seed3!D22,seed7!D22,seed11!D22),4) -> #DIV/0! | E22: =ROUND(AVERAGE(seed1!E22,seed2!E22,seed3!E22,seed7!E22,seed11!E22),4) -> #DIV/0! | F22: =ROUND(AVERAGE(seed1!F22,seed2!F22,seed3!F22,seed7!F22,seed11!F22),4) -> #DIV/0! | G22: =ROUND(AVERAGE(seed1!G22,seed2!G22,seed3!G22,seed7!G22,seed11!G22),4) -> #DIV/0! | H22: =ROUND(AVERAGE(seed1!H22,seed2!H22,seed3!H22,seed7!H22,seed11!H22),4) -> #DIV/0! | I22: =ROUND(AVERAGE(seed1!I22,seed2!I22,seed3!I22,seed7!I22,seed11!I22),4) -> #DIV/0!
B23: 全体 | C23: =ROUND(AVERAGE(seed1!C23,seed2!C23,seed3!C23,seed7!C23,seed11!C23),4) -> #DIV/0! | D23: =ROUND(AVERAGE(seed1!D23,seed2!D23,seed3!D23,seed7!D23,seed11!D23),4) -> #DIV/0! | E23: =ROUND(AVERAGE(seed1!E23,seed2!E23,seed3!E23,seed7!E23,seed11!E23),4) -> #DIV/0! | F23: =ROUND(AVERAGE(seed1!F23,seed2!F23,seed3!F23,seed7!F23,seed11!F23),4) -> #DIV/0! | G23: =ROUND(AVERAGE(seed1!G23,seed2!G23,seed3!G23,seed7!G23,seed11!G23),4) -> #DIV/0! | H23: =ROUND(AVERAGE(seed1!H23,seed2!H23,seed3!H23,seed7!H23,seed11!H23),4) -> #DIV/0! | I23: =ROUND(AVERAGE(seed1!I23,seed2!I23,seed3!I23,seed7!I23,seed11!I23),4) -> #DIV/0!
B24: （Bus） | C24: =ROUND(AVERAGE(seed1!C24,seed2!C24,seed3!C24,seed7!C24,seed11!C24),4) -> #DIV/0! | D24: =ROUND(AVERAGE(seed1!D24,seed2!D24,seed3!D24,seed7!D24,seed11!D24),4) -> #DIV/0! | E24: =ROUND(AVERAGE(seed1!E24,seed2!E24,seed3!E24,seed7!E24,seed11!E24),4) -> #DIV/0! | F24: =ROUND(AVERAGE(seed1!F24,seed2!F24,seed3!F24,seed7!F24,seed11!F24),4) -> #DIV/0! | G24: =ROUND(AVERAGE(seed1!G24,seed2!G24,seed3!G24,seed7!G24,seed11!G24),4) -> #DIV/0! | H24: =ROUND(AVERAGE(seed1!H24,seed2!H24,seed3!H24,seed7!H24,seed11!H24),4) -> #DIV/0! | I24: =ROUND(AVERAGE(seed1!I24,seed2!I24,seed3!I24,seed7!I24,seed11!I24),4) -> #DIV/0!
B25: （Car） | C25: =ROUND(AVERAGE(seed1!C25,seed2!C25,seed3!C25,seed7!C25,seed11!C25),4) -> #DIV/0! | D25: =ROUND(AVERAGE(seed1!D25,seed2!D25,seed3!D25,seed7!D25,seed11!D25),4) -> #DIV/0! | E25: =ROUND(AVERAGE(seed1!E25,seed2!E25,seed3!E25,seed7!E25,seed11!E25),4) -> #DIV/0! | F25: =ROUND(AVERAGE(seed1!F25,seed2!F25,seed3!F25,seed7!F25,seed11!F25),4) -> #DIV/0! | G25: =ROUND(AVERAGE(seed1!G25,seed2!G25,seed3!G25,seed7!G25,seed11!G25),4) -> #DIV/0! | H25: =ROUND(AVERAGE(seed1!H25,seed2!H25,seed3!H25,seed7!H25,seed11!H25),4) -> #DIV/0! | I25: =ROUND(AVERAGE(seed1!I25,seed2!I25,seed3!I25,seed7!I25,seed11!I25),4) -> #DIV/0!
B26: 希望車両 | C26: =ROUND(AVERAGE(seed1!C26,seed2!C26,seed3!C26,seed7!C26,seed11!C26),4) -> #DIV/0! | D26: =ROUND(AVERAGE(seed1!D26,seed2!D26,seed3!D26,seed7!D26,seed11!D26),4) -> #DIV/0! | E26: =ROUND(AVERAGE(seed1!E26,seed2!E26,seed3!E26,seed7!E26,seed11!E26),4) -> #DIV/0! | F26: =ROUND(AVERAGE(seed1!F26,seed2!F26,seed3!F26,seed7!F26,seed11!F26),4) -> #DIV/0! | G26: =ROUND(AVERAGE(seed1!G26,seed2!G26,seed3!G26,seed7!G26,seed11!G26),4) -> #DIV/0! | H26: =ROUND(AVERAGE(seed1!H26,seed2!H26,seed3!H26,seed7!H26,seed11!H26),4) -> #DIV/0! | I26: =ROUND(AVERAGE(seed1!I26,seed2!I26,seed3!I26,seed7!I26,seed11!I26),4) -> #DIV/0!
B27: （Bus） | C27: =ROUND(AVERAGE(seed1!C27,seed2!C27,seed3!C27,seed7!C27,seed11!C27),4) -> #DIV/0! | D27: =ROUND(AVERAGE(seed1!D27,seed2!D27,seed3!D27,seed7!D27,seed11!D27),4) -> #DIV/0! | E27: =ROUND(AVERAGE(seed1!E27,seed2!E27,seed3!E27,seed7!E27,seed11!E27),4) -> #DIV/0! | F27: =ROUND(AVERAGE(seed1!F27,seed2!F27,seed3!F27,seed7!F27,seed11!F27),4) -> #DIV/0! | G27: =ROUND(AVERAGE(seed1!G27,seed2!G27,seed3!G27,seed7!G27,seed11!G27),4) -> #DIV/0! | H27: =ROUND(AVERAGE(seed1!H27,seed2!H27,seed3!H27,seed7!H27,seed11!H27),4) -> #DIV/0! | I27: =ROUND(AVERAGE(seed1!I27,seed2!I27,seed3!I27,seed7!I27,seed11!I27),4) -> #DIV/0!
B28: （Car） | C28: =ROUND(AVERAGE(seed1!C28,seed2!C28,seed3!C28,seed7!C28,seed11!C28),4) -> #DIV/0! | D28: =ROUND(AVERAGE(seed1!D28,seed2!D28,seed3!D28,seed7!D28,seed11!D28),4) -> #DIV/0! | E28: =ROUND(AVERAGE(seed1!E28,seed2!E28,seed3!E28,seed7!E28,seed11!E28),4) -> #DIV/0! | F28: =ROUND(AVERAGE(seed1!F28,seed2!F28,seed3!F28,seed7!F28,seed11!F28),4) -> #DIV/0! | G28: =ROUND(AVERAGE(seed1!G28,seed2!G28,seed3!G28,seed7!G28,seed11!G28),4) -> #DIV/0! | H28: =ROUND(AVERAGE(seed1!H28,seed2!H28,seed3!H28,seed7!H28,seed11!H28),4) -> #DIV/0! | I28: =ROUND(AVERAGE(seed1!I28,seed2!I28,seed3!I28,seed7!I28,seed11!I28),4) -> #DIV/0!
B29: 受入れ車両 | C29: =ROUND(AVERAGE(seed1!C29,seed2!C29,seed3!C29,seed7!C29,seed11!C29),4) -> #DIV/0! | D29: =ROUND(AVERAGE(seed1!D29,seed2!D29,seed3!D29,seed7!D29,seed11!D29),4) -> #DIV/0! | E29: =ROUND(AVERAGE(seed1!E29,seed2!E29,seed3!E29,seed7!E29,seed11!E29),4) -> #DIV/0! | F29: =ROUND(AVERAGE(seed1!F29,seed2!F29,seed3!F29,seed7!F29,seed11!F29),4) -> #DIV/0! | G29: =ROUND(AVERAGE(seed1!G29,seed2!G29,seed3!G29,seed7!G29,seed11!G29),4) -> #DIV/0! | H29: =ROUND(AVERAGE(seed1!H29,seed2!H29,seed3!H29,seed7!H29,seed11!H29),4) -> #DIV/0! | I29: =ROUND(AVERAGE(seed1!I29,seed2!I29,seed3!I29,seed7!I29,seed11!I29),4) -> #DIV/0!
B30: 通過_希望 | C30: =ROUND(AVERAGE(seed1!C30,seed2!C30,seed3!C30,seed7!C30,seed11!C30),1) -> #DIV/0! | D30: =ROUND(AVERAGE(seed1!D30,seed2!D30,seed3!D30,seed7!D30,seed11!D30),1) -> #DIV/0! | E30: =ROUND(AVERAGE(seed1!E30,seed2!E30,seed3!E30,seed7!E30,seed11!E30),1) -> #DIV/0! | F30: =ROUND(AVERAGE(seed1!F30,seed2!F30,seed3!F30,seed7!F30,seed11!F30),1) -> #DIV/0! | G30: =ROUND(AVERAGE(seed1!G30,seed2!G30,seed3!G30,seed7!G30,seed11!G30),1) -> #DIV/0! | H30: =ROUND(AVERAGE(seed1!H30,seed2!H30,seed3!H30,seed7!H30,seed11!H30),1) -> #DIV/0! | I30: =ROUND(AVERAGE(seed1!I30,seed2!I30,seed3!I30,seed7!I30,seed11!I30),1) -> #DIV/0!
B31: 通過_受入れ | C31: =ROUND(AVERAGE(seed1!C31,seed2!C31,seed3!C31,seed7!C31,seed11!C31),1) -> #DIV/0! | D31: =ROUND(AVERAGE(seed1!D31,seed2!D31,seed3!D31,seed7!D31,seed11!D31),1) -> #DIV/0! | E31: =ROUND(AVERAGE(seed1!E31,seed2!E31,seed3!E31,seed7!E31,seed11!E31),1) -> #DIV/0! | F31: =ROUND(AVERAGE(seed1!F31,seed2!F31,seed3!F31,seed7!F31,seed11!F31),1) -> #DIV/0! | G31: =ROUND(AVERAGE(seed1!G31,seed2!G31,seed3!G31,seed7!G31,seed11!G31),1) -> #DIV/0! | H31: =ROUND(AVERAGE(seed1!H31,seed2!H31,seed3!H31,seed7!H31,seed11!H31),1) -> #DIV/0! | I31: =ROUND(AVERAGE(seed1!I31,seed2!I31,seed3!I31,seed7!I31,seed11!I31),1) -> #DIV/0!
