Workbook

Sheet seed1
B2: 300/300/300/300 | C2: 5 | D2: 6 | E2: 4 | F2: 2 | G2: 3 | H2: 1 | K2: 400/400/400/400
C3: 1 | D3: 2 | E3: 3 | F3: 4 | G3: 5 | H3: 6 | L3: 1 | M3: 2 | N3: 3 | O3: 4 | P3: 5 | Q3: 6
C4: 全て受け入れ | D4: 道交法 | E4: 0.2 | F4: 0.4 | G4: 既存 | H4: 提案 | L4: 全て受け入れ | M4: 道交法 | N4: 0.2 | O4: 0.4 | P4: 既存 | Q4: 提案
B5: 右折 | C5: 4.3287 | D5: 4.7053 | E5: 2.8258 | F5: 4.868 | G5: 4.9995 | H5: 5.7877 | K5: 右折 | L5: 2.2134 | M5: 2.3859 | N5: 3.051 | O5: 2.5912 | P5: 2.1102 | Q5: 2.6419
B6: 直進 | C6: 3.4919 | D6: 4.02 | E6: 2.9879 | F6: 4.1045 | G6: 4.2489 | H6: 5.0233 | K6: 直進 | L6: 2.2524 | M6: 2.2716 | N6: 2.8103 | O6: 2.3026 | P6: 1.9497 | Q6: 2.1882
B7: 左折 | C7: 2.3384 | D7: 6.885 | E7: 1.928 | F7: 3.1086 | G7: 3.4437 | H7: 6.4559 | K7: 左折 | L7: 1.3067 | M7: 2.8452 | N7: 1.9374 | O7: 1.4405 | P7: 1.4607 | Q7: 1.6027
B8: 合計 | C8: 5.2113 | D8: 6.5012 | E8: 4.3477 | F8: 6.0407 | G8: 6.1821 | H8: 7.4062 | K8: 合計 | L8: 3.3419 | M8: 3.9219 | N8: 4.325 | O8: 3.6246 | P8: 3.1206 | Q8: 3.6207
C13: 1 | D13: 2 | E13: 3 | F13: 4 | G13: 5 | H13: 6
C14: 全て受け入れ | D14: 道交法 | E14: 0.2 | F14: 0.4 | G14: 既存 | H14: 提案
B15: 直進
B16: 右折
B17: 左折
B18: 合計

Sheet seed2
B2: 300/300/300/300 | C2: 5 | D2: 6 | E2: 1 | F2: 3 | G2: 2 | H2: 4 | K2: 400/400/400/400
C3: 1 | D3: 2 | E3: 3 | F3: 4 | G3: 5 | H3: 6 | L3: 1 | M3: 2 | N3: 3 | O3: 4 | P3: 5 | Q3: 6
C4: 全て受け入れ | D4: 道交法 | E4: 0.2 | F4: 0.4 | G4: 既存 | H4: 提案 | L4: 全て受け入れ | M4: 道交法 | N4: 0.2 | O4: 0.4 | P4: 既存 | Q4: 提案
B5: 右折 | C5: 4.8338 | D5: 3.4273 | E5: 5.7152 | F5: 4.7864 | G5: 5.882 | H5: 4.1826 | K5: 右折 | L5: 3.952 | M5: 3.3868 | N5: 3.4963 | O5: 3.4961 | P5: 2.1257 | Q5: 3.429
B6: 直進 | C6: 4.157 | D6: 2.3463 | E6: 4.7253 | F6: 4.1798 | G6: 5.0292 | H6: 3.3319 | K6: 直進 | L6: 2.9321 | M6: 2.6263 | N6: 2.74 | O6: 2.8314 | P6: 2.3018 | Q6: 2.5273
B7: 左折 | C7: 3.9571 | D7: 3.6619 | E7: 6.6491 | F7: 4.8922 | G7: 5.5567 | H7: 3.4783 | K7: 左折 | L7: 2.2509 | M7: 2.4098 | N7: 2.2513 | O7: 2.3404 | P7: 2.4284 | Q7: 2.2148
B8: 合計 | C8: 6.2336 | D8: 4.5144 | E8: 7.289 | F8: 6.4095 | G8: 7.297 | H8: 5.3861 | K8: 合計 | L8: 4.8393 | M8: 4.4956 | N8: 4.5931 | O8: 4.6686 | P8: 3.626 | Q8: 4.4014
B12: 600/300/600
C13: 1 | D13: 2 | E13: 3 | F13: 4 | G13: 5 | H13: 6
C14: 全て受け入れ | D14: 道交法 | E14: 0.2 | F14: 0.4 | G14: 既存 | H14: 提案
B15: 直進
B16: 右折
B17: 左折
B18: 合計

Sheet seed3
B2: 300/300/300/300 | C2: 6 | D2: 5 | E2: 4 | F2: 2 | G2: 3 | H2: 1 | K2: 400/400/400/400
C3: 1 | D3: 2 | E3: 3 | F3: 4 | G3: 5 | H3: 6 | L3: 1 | M3: 2 | N3: 3 | O3: 4 | P3: 5 | Q3: 6
C4: 全て受け入れ | D4: 道交法 | E4: 0.2 | F4: 0.4 | G4: 既存 | H4: 提案 | L4: 全て受け入れ | M4: 道交法 | N4: 0.2 | O4: 0.4 | P4: 既存 | Q4: 提案
B5: 右折 | C5: 3.1941 | D5: 4.801 | E5: 5.1487 | F5: 5.364 | G5: 6.0389 | H5: 6.2238 | K5: 右折 | L5: 2.4595 | M5: 2.7942 | N5: 3.3877 | O5: 3.4427 | P5: 3.586 | Q5: 3.3829
B6: 直進 | C6: 3.1795 | D6: 4.417 | E6: 4.8596 | F6: 4.9549 | G6: 5.6922 | H6: 5.5876 | K6: 直進 | L6: 2.0988 | M6: 2.0781 | N6: 2.6337 | O6: 2.5583 | P6: 3.0695 | Q6: 2.7902
B7: 左折 | C7: 1.9416 | D7: 4.8889 | E7: 6.6163 | F7: 4.5865 | G7: 5.6776 | H7: 6.6303 | K7: 左折 | L7: 1.0812 | M7: 1.8078 | N7: 2.3545 | O7: 2.1767 | P7: 2.4447 | Q7: 1.9054
B8: 合計 | C8: 4.4784 | D8: 6.5859 | E8: 7.1165 | F8: 6.9894 | G8: 7.6766 | H8: 7.8402 | K8: 合計 | L8: 3.2062 | M8: 3.7384 | N8: 4.5296 | O8: 4.4213 | P8: 4.7845 | Q8: 4.4208
B12: 600/300/600
C13: 1 | D13: 2 | E13: 3 | F13: 4 | G13: 5 | H13: 6
C14: 全て受け入れ | D14: 道交法 | E14: 0.2 | F14: 0.4 | G14: 既存 | H14: 提案
B15: 直進
B16: 右折
B17: 左折
B18: 合計

Sheet seed4
B2: 300/300/300/300 | C2: 4 | D2: 6 | E2: 2 | F2: 1 | G2: 3 | H2: 5 | K2: 400/400/400/400
C3: 1 | D3: 2 | E3: 3 | F3: 4 | G3: 5 | H3: 6 | L3: 1 | M3: 2 | N3: 3 | O3: 4 | P3: 5 | Q3: 6
C4: 全て受け入れ | D4: 道交法 | E4: 0.2 | F4: 0.4 | G4: 既存 | H4: 提案 | L4: 全て受け入れ | M4: 道交法 | N4: 0.2 | O4: 0.4 | P4: 既存 | Q4: 提案
B5: 右折 | C5: 5.612 | D5: 5.371 | E5: 5.3763 | F5: 6.0558 | G5: 5.7344 | H5: 4.441 | K5: 右折 | L5: 2.8403 | M5: 3.5712 | N5: 3.9911 | O5: 4.0375 | P5: 3.9663 | Q5: 4.1626
B6: 直進 | C6: 5.266 | D6: 4.369 | E6: 4.8234 | F6: 5.5164 | G6: 5.3004 | H6: 3.9723 | K6: 直進 | L6: 2.2489 | M6: 2.6691 | N6: 2.9348 | O6: 2.7852 | P6: 3.1387 | Q6: 3.2854
B7: 左折 | C7: 5.0259 | D7: 8.0463 | E7: 6.3492 | F7: 7.9034 | G7: 5.7132 | H7: 4.7364 | K7: 左折 | L7: 1.248 | M7: 3.4786 | N7: 1.7638 | O7: 1.7769 | P7: 1.9495 | Q7: 2.135
B8: 合計 | C8: 7.2404 | D8: 7.0956 | E8: 7.1851 | F8: 7.9484 | G8: 7.3912 | H8: 6.1897 | K8: 合計 | L8: 3.5545 | M8: 4.8638 | N8: 4.7072 | O8: 4.6694 | P8: 4.8151 | Q8: 5.1119
B12: 600/300/600
C13: 1 | D13: 2 | E13: 3 | F13: 4 | G13: 5 | H13: 6
C14: 全て受け入れ | D14: 道交法 | E14: 0.2 | F14: 0.4 | G14: 既存 | H14: 提案
B15: 直進
B16: 右折
B17: 左折
B18: 合計

Sheet seed5
B2: 300/300/300/300 | C2: 5 | D2: 6 | E2: 2 | F2: 1 | G2: 4 | H2: 3 | K2: 400/400/400/400
C3: 1 | D3: 2 | E3: 3 | F3: 4 | G3: 5 | H3: 6 | L3: 1 | M3: 2 | N3: 3 | O3: 4 | P3: 5 | Q3: 6
C4: 全て受け入れ | D4: 道交法 | E4: 0.2 | F4: 0.4 | G4: 既存 | H4: 提案 | L4: 全て受け入れ | M4: 道交法 | N4: 0.2 | O4: 0.4 | P4: 既存 | Q4: 提案
B5: 右折 | C5: 5.1859 | D5: 5.3944 | E5: 5.4639 | F5: 5.9498 | G5: 5.802 | H5: 5.9147 | K5: 右折 | L5: 2.747 | M5: 3.0572 | N5: 3.0879 | O5: 3.3404 | P5: 3.1116 | Q5: 3.2879
B6: 直進 | C6: 5.1537 | D6: 4.5624 | E6: 5.0477 | F6: 4.9258 | G6: 5.2972 | H6: 5.2999 | K6: 直進 | L6: 2.2584 | M6: 2.4198 | N6: 2.3551 | O6: 2.5615 | P6: 2.3815 | Q6: 2.4891
B7: 左折 | C7: 5.0575 | D7: 7.1046 | E7: 7.9771 | F7: 7.8997 | G7: 6.606 | H7: 7.232 | K7: 左折 | L7: 2.4807 | M7: 2.9721 | N7: 2.652 | O7: 2.5753 | P7: 2.5827 | Q7: 2.6428
B8: 合計 | C8: 7.007 | D8: 7.0723 | E8: 7.3926 | F8: 7.5502 | G8: 7.5182 | H8: 7.6136 | K8: 合計 | L8: 3.9032 | M8: 4.2489 | N8: 4.191 | O8: 4.4792 | P8: 4.2087 | Q8: 4.3988
B12: 600/300/600
C13: 1 | D13: 2 | E13: 3 | F13: 4 | G13: 5 | H13: 6
C14: 全て受け入れ | D14: 道交法 | E14: 0.2 | F14: 0.4 | G14: 既存 | H14: 提案
B15: 直進
B16: 右折
B17: 左折
B18: 合計

Sheet seed6
B2: 300/300/300/300 | C2: 6 | D2: 5 | E2: 1 | F2: 3 | G2: 4 | H2: 2 | K2: 400/400/400/400
C3: 1 | D3: 2 | E3: 3 | F3: 4 | G3: 5 | H3: 6 | L3: 1 | M3: 2 | N3: 3 | O3: 4 | P3: 5 | Q3: 6
C4: 全て受け入れ | D4: 道交法 | E4: 0.2 | F4: 0.4 | G4: 既存 | H4: 提案 | L4: 全て受け入れ | M4: 道交法 | N4: 0.2 | O4: 0.4 | P4: 既存 | Q4: 提案
B5: 右折 | C5: 4.5434 | D5: 3.8765 | E5: 4.9961 | F5: 4.7766 | G5: 4.546 | H5: 5.2366 | K5: 右折 | L5: 2.0159 | M5: 2.6569 | N5: 3.0234 | O5: 2.9527 | P5: 2.8327 | Q5: 3.0852
B6: 直進 | C6: 3.7633 | D6: 2.9719 | E6: 4.6052 | F6: 3.5932 | G6: 3.7816 | H6: 4.4947 | K6: 直進 | L6: 1.8489 | M6: 2.1316 | N6: 2.8112 | O6: 3.1158 | P6: 2.9379 | Q6: 3.0987
B7: 左折 | C7: 3.5638 | D7: 6.1755 | E7: 5.9064 | F7: 4.257 | G7: 4.9832 | H7: 6.3508 | K7: 左折 | L7: 1.2943 | M7: 1.5052 | N7: 1.5941 | O7: 1.6075 | P7: 1.7992 | Q7: 1.9939
B8: 合計 | C8: 5.7901 | D8: 5.5173 | E8: 6.9196 | F8: 6.0533 | G8: 6.0751 | H8: 6.9202 | K8: 合計 | L8: 2.9953 | M8: 3.5785 | N8: 4.1862 | O8: 4.3065 | P8: 4.2338 | Q8: 4.4471
B12: 600/300/600
C13: 1 | D13: 2 | E13: 3 | F13: 4 | G13: 5 | H13: 6
C14: 全て受け入れ | D14: 道交法 | E14: 0.2 | F14: 0.4 | G14: 既存 | H14: 提案
B15: 直進
B16: 右折
B17: 左折
B18: 合計

Sheet seed7
B2: 300/300/300/300 | C2: 5 | D2: 6 | E2: 2 | F2: 1 | G2: 4 | H2: 3 | K2: 400/400/400/400
C3: 1 | D3: 2 | E3: 3 | F3: 4 | G3: 5 | H3: 6 | L3: 1 | M3: 2 | N3: 3 | O3: 4 | P3: 5 | Q3: 6
C4: 全て受け入れ | D4: 道交法 | E4: 0.2 | F4: 0.4 | G4: 既存 | H4: 提案 | L4: 全て受け入れ | M4: 道交法 | N4: 0.2 | O4: 0.4 | P4: 既存 | Q4: 提案
B5: 右折 | C5: 5.355 | D5: 5.0847 | E5: 5.0263 | F5: 5.53 | G5: 5.0851 | H5: 4.8607 | K5: 右折
B6: 直進 | C6: 4.531 | D6: 4.3684 | E6: 4.1299 | F6: 4.995 | G6: 4.1631 | H6: 4.0846 | K6: 直進
B7: 左折 | C7: 5.2864 | D7: 6.8436 | E7: 5.128 | F7: 7.8601 | G7: 5.1881 | H7: 5.859 | K7: 左折
B8: 合計 | C8: 6.8286 | D8: 6.8958 | E8: 6.5705 | F8: 7.4299 | G8: 6.5865 | H8: 6.4625 | K8: 合計
B12: 600/300/600
C13: 1 | D13: 2 | E13: 3 | F13: 4 | G13: 5 | H13: 6
C14: 全て受け入れ | D14: 道交法 | E14: 0.2 | F14: 0.4 | G14: 既存 | H14: 提案
B15: 直進
B16: 右折
B17: 左折
B18: 合計

Sheet 平均
B2: 300/300/300/300 | K2: 400/400/400/400
C3: 1 | D3: 2 | E3: 3 | F3: 4 | G3: 5 | H3: 6 | I3: 7 | L3: 1 | M3: 2 | N3: 3 | O3: 4 | P3: 5 | Q3: 6
C4: 全て受け入れ | D4: 道交法 | E4: 0.2 | F4: 0.4 | G4: 既存 | H4: 提案 | I4: 性能込み | L4: 全て受け入れ | M4: 道交法 | N4: 0.2 | O4: 0.4 | P4: 既存 | Q4: 提案
B5: 右折 | C5: =AVERAGE(seed1!C5,seed2!C5,seed3!C5,seed4!C5,seed5!C5) -> 4.6309 | D5: =AVERAGE(seed1!D5,seed2!D5,seed3!D5,seed4!D5,seed5!D5) -> 4.7398 | E5: =AVERAGE(seed1!E5,seed2!E5,seed3!E5,seed4!E5,seed5!E5) -> 4.90598 | F5: =AVERAGE(seed1!F5,seed2!F5,seed3!F5,seed4!F5,seed5!F5) -> 5.4048 | G5: =AVERAGE(seed1!G5,seed2!G5,seed3!G5,seed4!G5,seed5!G5) -> 5.69136 | H5: =AVERAGE(seed1!H5,seed2!H5,seed3!H5,seed4!H5,seed5!H5) -> 5.30996 | I5: =AVERAGE(seed1!I5,seed2!I5,seed3!I5,seed4!I5,seed5!I5) -> #DIV/0! | K5: 右折 | L5: =AVERAGE(seed1!L5,seed2!L5,seed3!L5,seed4!L5,seed5!L5) -> 2.84244 | M5: =AVERAGE(seed1!M5,seed2!M5,seed3!M5,seed4!M5,seed5!M5) -> 3.03906 | N5: =AVERAGE(seed1!N5,seed2!N5,seed3!N5,seed4!N5,seed5!N5) -> 3.4028 | O5: =AVERAGE(seed1!O5,seed2!O5,seed3!O5,seed4!O5,seed5!O5) -> 3.38158 | P5: =AVERAGE(seed1!P5,seed2!P5,seed3!P5,seed4!P5,seed5!P5) -> 2.97996 | Q5: =AVERAGE(seed1!Q5,seed2!Q5,seed3!Q5,seed4!Q5,seed5!Q5) -> 3.38086
B6: 直進 | C6: =AVERAGE(seed1!C6,seed2!C6,seed3!C6,seed4!C6,seed5!C6) -> 4.24962 | D6: =AVERAGE(seed1!D6,seed2!D6,seed3!D6,seed4!D6,seed5!D6) -> 3.94294 | E6: =AVERAGE(seed1!E6,seed2!E6,seed3!E6,seed4!E6,seed5!E6) -> 4.48878 | F6: =AVERAGE(seed1!F6,seed2!F6,seed3!F6,seed4!F6,seed5!F6) -> 4.73628 | G6: =AVERAGE(seed1!G6,seed2!G6,seed3!G6,seed4!G6,seed5!G6) -> 5.11358 | H6: =AVERAGE(seed1!H6,seed2!H6,seed3!H6,seed4!H6,seed5!H6) -> 4.643 | I6: =AVERAGE(seed1!I6,seed2!I6,seed3!I6,seed4!I6,seed5!I6) -> #DIV/0! | K6: 直進 | L6: =AVERAGE(seed1!L6,seed2!L6,seed3!L6,seed4!L6,seed5!L6) -> 2.35812 | M6: =AVERAGE(seed1!M6,seed2!M6,seed3!M6,seed4!M6,seed5!M6) -> 2.41298 | N6: =AVERAGE(seed1!N6,seed2!N6,seed3!N6,seed4!N6,seed5!N6) -> 2.69478 | O6: =AVERAGE(seed1!O6,seed2!O6,seed3!O6,seed4!O6,seed5!O6) -> 2.6078 | P6: =AVERAGE(seed1!P6,seed2!P6,seed3!P6,seed4!P6,seed5!P6) -> 2.56824 | Q6: =AVERAGE(seed1!Q6,seed2!Q6,seed3!Q6,seed4!Q6,seed5!Q6) -> 2.65604
B7: 左折 | C7: =AVERAGE(seed1!C7,seed2!C7,seed3!C7,seed4!C7,seed5!C7) -> 3.6641 | D7: =AVERAGE(seed1!D7,seed2!D7,seed3!D7,seed4!D7,seed5!D7) -> 6.11734 | E7: =AVERAGE(seed1!E7,seed2!E7,seed3!E7,seed4!E7,seed5!E7) -> 5.90394 | F7: =AVERAGE(seed1!F7,seed2!F7,seed3!F7,seed4!F7,seed5!F7) -> 5.67808 | G7: =AVERAGE(seed1!G7,seed2!G7,seed3!G7,seed4!G7,seed5!G7) -> 5.39944 | H7: =AVERAGE(seed1!H7,seed2!H7,seed3!H7,seed4!H7,seed5!H7) -> 5.70658 | I7: =AVERAGE(seed1!I7,seed2!I7,seed3!I7,seed4!I7,seed5!I7) -> #DIV/0! | K7: 左折 | L7: =AVERAGE(seed1!L7,seed2!L7,seed3!L7,seed4!L7,seed5!L7) -> 1.6735 | M7: =AVERAGE(seed1!M7,seed2!M7,seed3!M7,seed4!M7,seed5!M7) -> 2.7027 | N7: =AVERAGE(seed1!N7,seed2!N7,seed3!N7,seed4!N7,seed5!N7) -> 2.1918 | O7: =AVERAGE(seed1!O7,seed2!O7,seed3!O7,seed4!O7,seed5!O7) -> 2.06196 | P7: =AVERAGE(seed1!P7,seed2!P7,seed3!P7,seed4!P7,seed5!P7) -> 2.1732 | Q7: =AVERAGE(seed1!Q7,seed2!Q7,seed3!Q7,seed4!Q7,seed5!Q7) -> 2.10014
B8: 合計 | C8: =AVERAGE(seed1!C8,seed2!C8,seed3!C8,seed4!C8,seed5!C8) -> 6.03414 | D8: =AVERAGE(seed1!D8,seed2!D8,seed3!D8,seed4!D8,seed5!D8) -> 6.35388 | E8: =AVERAGE(seed1!E8,seed2!E8,seed3!E8,seed4!E8,seed5!E8) -> 6.66618 | F8: =AVERAGE(seed1!F8,seed2!F8,seed3!F8,seed4!F8,seed5!F8) -> 6.98764 | G8: =AVERAGE(seed1!G8,seed2!G8,seed3!G8,seed4!G8,seed5!G8) -> 7.21302 | H8: =AVERAGE(seed1!H8,seed2!H8,seed3!H8,seed4!H8,seed5!H8) -> 6.88716 | I8: =AVERAGE(seed1!I8,seed2!I8,seed3!I8,seed4!I8,seed5!I8) -> #DIV/0! | K8: 合計 | L8: =AVERAGE(seed1!L8,seed2!L8,seed3!L8,seed4!L8,seed5!L8) -> 3.76902 | M8: =AVERAGE(seed1!M8,seed2!M8,seed3!M8,seed4!M8,seed5!M8) -> 4.25372 | N8: =AVERAGE(seed1!N8,seed2!N8,seed3!N8,seed4!N8,seed5!N8) -> 4.46918 | O8: =AVERAGE(seed1!O8,seed2!O8,seed3!O8,seed4!O8,seed5!O8) -> 4.37262 | P8: =AVERAGE(seed1!P8,seed2!P8,seed3!P8,seed4!P8,seed5!P8) -> 4.11098 | Q8: =AVERAGE(seed1!Q8,seed2!Q8,seed3!Q8,seed4!Q8,seed5!Q8) -> 4.39072
B10: 交差点前_平均 | C10: =AVERAGE(C5:C7) -> 4.18154 | D10: =AVERAGE(D5:D7) -> 4.93336 | E10: =AVERAGE(E5:E7) -> 5.0995667 | F10: =AVERAGE(F5:F7) -> 5.2730533 | G10: =AVERAGE(G5:G7) -> 5.40146 | H10: =AVERAGE(H5:H7) -> 5.2198467 | I10: =AVERAGE(I5:I7) -> #DIV/0! | K10: 交差点前_平均 | L10: =AVERAGE(L5:L7) -> 2.2913533 | M10: =AVERAGE(M5:M7) -> 2.7182467 | N10: =AVERAGE(N5:N7) -> 2.7631267 | O10: =AVERAGE(O5:O7) -> 2.68378 | P10: =AVERAGE(P5:P7) -> 2.5738 | Q10: =AVERAGE(Q5:Q7) -> 2.7123467
B12: 600/300/600
C13: 1 | D13: 2 | E13: 3 | F13: 4 | G13: 5 | H13: 6
C14: 全て受け入れ | D14: 道交法 | E14: 0.2 | F14: 0.4 | G14: 既存 | H14: 提案
B15: 直進 | C15: =AVERAGE(seed1!C15,seed2!C15,seed3!C15,seed4!C15,seed5!C15) -> #DIV/0! | D15: =AVERAGE(seed1!D15,seed2!D15,seed3!D15,seed4!D15,seed5!D15) -> #DIV/0! | E15: =AVERAGE(seed1!E15,seed2!E15,seed3!E15,seed4!E15,seed5!E15) -> #DIV/0! | F15: =AVERAGE(seed1!F15,seed2!F15,seed3!F15,seed4!F15,seed5!F15) -> #DIV/0! | G15: =AVERAGE(seed1!G15,seed2!G15,seed3!G15,seed4!G15,seed5!G15) -> #DIV/0! | H15: =AVERAGE(seed1!H15,seed2!H15,seed3!H15,seed4!H15,seed5!H15) -> #DIV/0!
B16: 右折 | C16: =AVERAGE(seed1!C16,seed2!C16,seed3!C16,seed4!C16,seed5!C16) -> #DIV/0! | D16: =AVERAGE(seed1!D16,seed2!D16,seed3!D16,seed4!D16,seed5!D16) -> #DIV/0! | E16: =AVERAGE(seed1!E16,seed2!E16,seed3!E16,seed4!E16,seed5!E16) -> #DIV/0! | F16: =AVERAGE(seed1!F16,seed2!F16,seed3!F16,seed4!F16,seed5!F16) -> #DIV/0! | G16: =AVERAGE(seed1!G16,seed2!G16,seed3!G16,seed4!G16,seed5!G16) -> #DIV/0! | H16: =AVERAGE(seed1!H16,seed2!H16,seed3!H16,seed4!H16,seed5!H16) -> #DIV/0!
B17: 左折 | C17: =AVERAGE(seed1!C17,seed2!C17,seed3!C17,seed4!C17,seed5!C17) -> #DIV/0! | D17: =AVERAGE(seed1!D17,seed2!D17,seed3!D17,seed4!D17,seed5!D17) -> #DIV/0! | E17: =AVERAGE(seed1!E17,seed2!E17,seed3!E17,seed4!E17,seed5!E17) -> #DIV/0! | F17: =AVERAGE(seed1!F17,seed2!F17,seed3!F17,seed4!F17,seed5!F17) -> #DIV/0! | G17: =AVERAGE(seed1!G17,seed2!G17,seed3!G17,seed4!G17,seed5!G17) -> #DIV/0! | H17: =AVERAGE(seed1!H17,seed2!H17,seed3!H17,seed4!H17,seed5!H17) -> #DIV/0!
B18: 合計 | C18: =AVERAGE(seed1!C18,seed2!C18,seed3!C18,seed4!C18,seed5!C18) -> #DIV/0! | D18: =AVERAGE(seed1!D18,seed2!D18,seed3!D18,seed4!D18,seed5!D18) -> #DIV/0! | E18: =AVERAGE(seed1!E18,seed2!E18,seed3!E18,seed4!E18,seed5!E18) -> #DIV/0! | F18: =AVERAGE(seed1!F18,seed2!F18,seed3!F18,seed4!F18,seed5!F18) -> #DIV/0! | G18: =AVERAGE(seed1!G18,seed2!G18,seed3!G18,seed4!G18,seed5!G18) -> #DIV/0! | H18: =AVERAGE(seed1!H18,seed2!H18,seed3!H18,seed4!H18,seed5!H18) -> #DIV/0!
B21: seed1,3,5,6,7 | K21: seed2,3,4,5,6
B22: 300/300/300/300 | K22: 400/400/400/400
C23: 1 | D23: 2 | E23: 3 | F23: 4 | G23: 5 | H23: 6 | L23: 1 | M23: 2 | N23: 3 | O23: 4 | P23: 5 | Q23: 6
C24: 全て受け入れ | D24: 道交法 | E24: 0.2 | F24: 0.4 | G24: 既存 | H24: 提案 | L24: 全て受け入れ | M24: 道交法 | N24: 0.2 | O24: 0.4 | P24: 既存 | Q24: 提案
B25: 右折 | C25: =ROUND(AVERAGE(seed1!C5,seed3!C5,seed5!C5,seed6!C5,seed7!C5),4) -> 4.5214 | D25: =ROUND(AVERAGE(seed1!D5,seed3!D5,seed5!D5,seed6!D5,seed7!D5),4) -> 4.7724 | E25: =ROUND(AVERAGE(seed1!E5,seed3!E5,seed5!E5,seed6!E5,seed7!E5),4) -> 4.6922 | F25: =ROUND(AVERAGE(seed1!F5,seed3!F5,seed5!F5,seed6!F5,seed7!F5),4) -> 5.2977 | G25: =ROUND(AVERAGE(seed1!G5,seed3!G5,seed5!G5,seed6!G5,seed7!G5),4) -> 5.2943 | H25: =ROUND(AVERAGE(seed1!H5,seed3!H5,seed5!H5,seed6!H5,seed7!H5),4) -> 5.6047 | K25: 右折 | L25: =ROUND(AVERAGE(seed6!L5,seed2!L5,seed3!L5,seed4!L5,seed5!L5),4) -> 2.8029 | M25: =ROUND(AVERAGE(seed6!M5,seed2!M5,seed3!M5,seed4!M5,seed5!M5),4) -> 3.0933 | N25: =ROUND(AVERAGE(seed6!N5,seed2!N5,seed3!N5,seed4!N5,seed5!N5),4) -> 3.3973 | O25: =ROUND(AVERAGE(seed6!O5,seed2!O5,seed3!O5,seed4!O5,seed5!O5),4) -> 3.4539 | P25: =ROUND(AVERAGE(seed6!P5,seed2!P5,seed3!P5,seed4!P5,seed5!P5),4) -> 3.1245 | Q25: =ROUND(AVERAGE(seed6!Q5,seed2!Q5,seed3!Q5,seed4!Q5,seed5!Q5),4) -> 3.4695
B26: 直進 | C26: =ROUND(AVERAGE(seed1!C6,seed3!C6,seed5!C6,seed6!C6,seed7!C6),4) -> 4.0239 | D26: =ROUND(AVERAGE(seed1!D6,seed3!D6,seed5!D6,seed6!D6,seed7!D6),4) -> 4.0679 | E26: =ROUND(AVERAGE(seed1!E6,seed3!E6,seed5!E6,seed6!E6,seed7!E6),4) -> 4.3261 | F26: =ROUND(AVERAGE(seed1!F6,seed3!F6,seed5!F6,seed6!F6,seed7!F6),4) -> 4.5147 | G26: =ROUND(AVERAGE(seed1!G6,seed3!G6,seed5!G6,seed6!G6,seed7!G6),4) -> 4.6366 | H26: =ROUND(AVERAGE(seed1!H6,seed3!H6,seed5!H6,seed6!H6,seed7!H6),4) -> 4.898 | K26: 直進 | L26: =ROUND(AVERAGE(seed6!L6,seed2!L6,seed3!L6,seed4!L6,seed5!L6),4) -> 2.2774 | M26: =ROUND(AVERAGE(seed6!M6,seed2!M6,seed3!M6,seed4!M6,seed5!M6),4) -> 2.385 | N26: =ROUND(AVERAGE(seed6!N6,seed2!N6,seed3!N6,seed4!N6,seed5!N6),4) -> 2.695 | O26: =ROUND(AVERAGE(seed6!O6,seed2!O6,seed3!O6,seed4!O6,seed5!O6),4) -> 2.7704 | P26: =ROUND(AVERAGE(seed6!P6,seed2!P6,seed3!P6,seed4!P6,seed5!P6),4) -> 2.7659 | Q26: =ROUND(AVERAGE(seed6!Q6,seed2!Q6,seed3!Q6,seed4!Q6,seed5!Q6),4) -> 2.8381
B27: 左折 | C27: =ROUND(AVERAGE(seed1!C7,seed3!C7,seed5!C7,seed6!C7,seed7!C7),4) -> 3.6375 | D27: =ROUND(AVERAGE(seed1!D7,seed3!D7,seed5!D7,seed6!D7,seed7!D7),4) -> 6.3795 | E27: =ROUND(AVERAGE(seed1!E7,seed3!E7,seed5!E7,seed6!E7,seed7!E7),4) -> 5.5112 | F27: =ROUND(AVERAGE(seed1!F7,seed3!F7,seed5!F7,seed6!F7,seed7!F7),4) -> 5.5424 | G27: =ROUND(AVERAGE(seed1!G7,seed3!G7,seed5!G7,seed6!G7,seed7!G7),4) -> 5.1797 | H27: =ROUND(AVERAGE(seed1!H7,seed3!H7,seed5!H7,seed6!H7,seed7!H7),4) -> 6.5056 | K27: 左折 | L27: =ROUND(AVERAGE(seed6!L7,seed2!L7,seed3!L7,seed4!L7,seed5!L7),4) -> 1.671 | M27: =ROUND(AVERAGE(seed6!M7,seed2!M7,seed3!M7,seed4!M7,seed5!M7),4) -> 2.4347 | N27: =ROUND(AVERAGE(seed6!N7,seed2!N7,seed3!N7,seed4!N7,seed5!N7),4) -> 2.1231 | O27: =ROUND(AVERAGE(seed6!O7,seed2!O7,seed3!O7,seed4!O7,seed5!O7),4) -> 2.0954 | P27: =ROUND(AVERAGE(seed6!P7,seed2!P7,seed3!P7,seed4!P7,seed5!P7),4) -> 2.2409 | Q27: =ROUND(AVERAGE(seed6!Q7,seed2!Q7,seed3!Q7,seed4!Q7,seed5!Q7),4) -> 2.1784
B28: 合計 | C28: =ROUND(AVERAGE(seed1!C8,seed3!C8,seed5!C8,seed6!C8,seed7!C8),4) -> 5.8631 | D28: =ROUND(AVERAGE(seed1!D8,seed3!D8,seed5!D8,seed6!D8,seed7!D8),4) -> 6.5145 | E28: =ROUND(AVERAGE(seed1!E8,seed3!E8,seed5!E8,seed6!E8,seed7!E8),4) -> 6.4694 | F28: =ROUND(AVERAGE(seed1!F8,seed3!F8,seed5!F8,seed6!F8,seed7!F8),4) -> 6.8127 | G28: =ROUND(AVERAGE(seed1!G8,seed3!G8,seed5!G8,seed6!G8,seed7!G8),4) -> 6.8077 | H28: =ROUND(AVERAGE(seed1!H8,seed3!H8,seed5!H8,seed6!H8,seed7!H8),4) -> 7.2485 | K28: 合計 | L28: =ROUND(AVERAGE(seed6!L8,seed2!L8,seed3!L8,seed4!L8,seed5!L8),4) -> 3.6997 | M28: =ROUND(AVERAGE(seed6!M8,seed2!M8,seed3!M8,seed4!M8,seed5!M8),4) -> 4.185 | N28: =ROUND(AVERAGE(seed6!N8,seed2!N8,seed3!N8,seed4!N8,seed5!N8),4) -> 4.4414 | O28: =ROUND(AVERAGE(seed6!O8,seed2!O8,seed3!O8,seed4!O8,seed5!O8),4) -> 4.509 | P28: =ROUND(AVERAGE(seed6!P8,seed2!P8,seed3!P8,seed4!P8,seed5!P8),4) -> 4.3336 | Q28: =ROUND(AVERAGE(seed6!Q8,seed2!Q8,seed3!Q8,seed4!Q8,seed5!Q8),4) -> 4.556
B30: 交差点前_平均 | C30: =AVERAGE(C25:C27) -> 4.0609333 | D30: =AVERAGE(D25:D27) -> 5.0732667 | E30: =AVERAGE(E25:E27) -> 4.8431667 | F30: =AVERAGE(F25:F27) -> 5.1182667 | G30: =AVERAGE(G25:G27) -> 5.0368667 | H30: =AVERAGE(H25:H27) -> 5.6694333 | K30: 交差点前_平均 | L30: =AVERAGE(L25:L27) -> 2.2504333 | M30: =AVERAGE(M25:M27) -> 2.6376667 | N30: =AVERAGE(N25:N27) -> 2.7384667 | O30: =AVERAGE(O25:O27) -> 2.7732333 | P30: =AVERAGE(P25:P27) -> 2.7104333 | Q30: =AVERAGE(Q25:Q27) -> 2.8286667
C36: 300 | D36: 400
B37: ALW | C37: 5.8631 | D37: 3.6997
B38: ACT | C38: 6.5145 | D38: 4.185
B39: SPD | C39: 6.8127 | D39: 4.509
B40: UTF | C40: 6.8077 | D40: 4.3336
B41: TIV | C41: 7.2485 | D41: 4.556
C47: =(C41-C39)*2/(C39+C41) -> 0.061986175
