Workbook

Sheet seed1
B2: 400/400/400 | K2: 600/600/600
C3: 1 | D3: 2 | E3: 3 | F3: 4 | G3: 5 | H3: 6 | I3: 7 | L3: 1 | M3: 2 | N3: 3 | O3: 4 | P3: 5 | Q3: 6 | R3: 7
C4: 全て受け入れ | D4: 道交法 | E4: 0.2 | F4: 0.4 | G4: 既存 | H4: 提案 | I4: 性能込み | L4: 全て受け入れ | M4: 道交法 | N4: 0.2 | O4: 0.4 | P4: 既存 | Q4: 提案 | R4: 性能込み
B5: （Bus） | C5: 4.362 | D5: 5.3527 | E5: 5.7696 | F5: 6.2874 | G5: 1.0674 | H5: 5.8086 | I5: 6.2248 | K5: （Bus）
B6: （Car） | C6: 4.2094 | D6: 4.538 | E6: 5.0673 | F6: 5.2849 | G6: 0.959 | H6: 5.4283 | I6: 5.587 | K6: （Car）
B7: 右折 | C7: 4.2368 | D7: 4.67 | E7: 5.1845 | F7: 5.4455 | G7: 0.9765 | H7: 5.4948 | I7: 5.6949 | K7: 右折
B8: （Bus） | C8: 5.6436 | D8: 3.3078 | E8: 5.0436 | F8: 4.6445 | G8: 1.2238 | H8: 4.9302 | I8: 5.5575 | K8: （Bus）
B9: （Car） | C9: 5.8792 | D9: 3.1147 | E9: 4.4961 | F9: 4.8301 | G9: 1.6772 | H9: 5.6731 | I9: 5.7898 | K9: （Car）
B10: 左折 | C10: 5.8144 | D10: 3.1651 | E10: 4.6294 | F10: 4.7791 | G10: 1.5239 | H10: 5.4541 | I10: 5.7261 | K10: 左折
B11: （Bus） | C11: 3.4248 | D11: 7.4477 | E11: 8.9809 | F11: 7.3805 | G11: 0.974 | H11: 4.8609 | I11: 6.3475 | K11: （Bus）
B12: （Car） | C12: 5.1456 | D12: 6.3226 | E12: 9.0814 | F12: 7.9819 | G12: 2.1468 | H12: 7.2983 | I12: 7.6451 | K12: （Car）
B13: 直進 | C13: 4.9246 | D13: 6.4091 | E13: 9.0723 | F13: 7.9243 | G13: 1.9457 | H13: 6.9853 | I13: 7.5078 | K13: 直進
B14: （Bus） | C14: 6.3505 | D14: 5.8409 | E14: 7.1877 | F14: 6.9796 | G14: 1.923 | H14: 6.7385 | I14: 7.29 | K14: （Bus）
B15: （Car） | C15: 7.0099 | D15: 6.43 | E15: 7.8074 | F15: 7.8199 | G15: 2.4243 | H15: 8.0189 | I15: 8.2029 | K15: （Car）
B16: 合計 | C16: 6.8826 | D16: 6.3164 | E16: 7.6889 | F16: 7.6561 | G16: 2.3136 | H16: 7.7564 | I16: 8.0239 | K16: 合計
B18: 通過台数_L | C18: =9+53 -> 62 | D18: =9+53 -> 62 | E18: =9+53 -> 62 | F18: =9+53 -> 62 | G18: =3+25 -> 28 | H18: =9+53 -> 62 | I18: =9+53 -> 62 | K18: 通過台数_L
B19: 通過台数_R | C19: =10+53 -> 63 | D19: =10+52 -> 62 | E19: =10+53 -> 63 | F19: =10+53 -> 63 | G19: =9+52 -> 61 | H19: =10+53 -> 63 | I19: =10+53 -> 63 | K19: 通過台数_R
B20: 通過台数_B | C20: =15+49 -> 64 | D20: =15+48 -> 63 | E20: =15+49 -> 64 | F20: =15+49 -> 64 | G20: =10+31 -> 41 | H20: =15+49 -> 64 | I20: =15+49 -> 64 | K20: 通過台数_B
B23: 500/500/500
C24: 1 | D24: 2 | E24: 3 | F24: 4 | G24: 5 | H24: 6 | I24: 7
C25: 全て受け入れ | D25: 道交法 | E25: 0.2 | F25: 0.4 | G25: 既存 | H25: 提案 | I25: 性能込み
B26: （Bus）
B27: （Car）
B28: 右折
B29: （Bus）
B30: （Car）
B31: 左折
B32: （Bus）
B33: （Car）
B34: 直進
B35: （Bus）
B36: （Car）
B37: 合計
... B41: 通過台数_B

Sheet seed2
B2: 400/400/400 | K2: 600/600/600
C3: 1 | D3: 2 | E3: 3 | F3: 4 | G3: 5 | H3: 6 | I3: 7 | L3: 1 | M3: 2 | N3: 3 | O3: 4 | P3: 5 | Q3: 6 | R3: 7
C4: 全て受け入れ | D4: 道交法 | E4: 0.2 | F4: 0.4 | G4: 既存 | H4: 提案 | I4: 性能込み | L4: 全て受け入れ | M4: 道交法 | N4: 0.2 | O4: 0.4 | P4: 既存 | Q4: 提案 | R4: 性能込み
B5: （Bus） | C5: 3.6858 | D5: 5.5342 | E5: 5.8194 | F5: 6.0575 | G5: 5.8921 | H5: 6.1374 | I5: 6.398 | K5: （Bus）
B6: （Car） | C6: 3.9908 | D6: 4.8846 | E6: 6.1194 | F6: 6.1872 | G6: 5.8537 | H6: 6.1665 | I6: 6.0543 | K6: （Car）
B7: 右折 | C7: 3.9239 | D7: 5.0059 | E7: 6.0553 | F7: 6.1601 | G7: 5.8615 | H7: 6.1605 | I7: 6.1223 | K7: 右折
B8: （Bus） | C8: 5.38 | D8: 4.3875 | E8: 4.9166 | F8: 4.9902 | G8: 4.7889 | H8: 5.8275 | I8: 5.8696 | K8: （Bus）
B9: （Car） | C9: 4.3971 | D9: 4.1172 | E9: 5.2145 | F9: 5.2684 | G9: 5.2302 | H9: 5.6643 | I9: 5.8889 | K9: （Car）
B10: 左折 | C10: 4.5901 | D10: 4.1767 | E10: 5.142 | F10: 5.201 | G10: 5.1221 | H10: 5.701 | I10: 5.8845 | K10: 左折
B11: （Bus） | C11: 3.1362 | D11: 9.3756 | E11: 8.9476 | F11: 8.2169 | G11: 5.9639 | H11: 7.7088 | I11: 7.0081 | K11: （Bus）
B12: （Car） | C12: 5.118 | D12: 8.8163 | E12: 8.3512 | F12: 8.2508 | G12: 6.8732 | H12: 8.0808 | I12: 8 | K12: （Car）
B13: 直進 | C13: 4.5394 | D13: 8.9229 | E13: 8.4644 | F13: 8.2439 | G13: 6.6681 | H13: 8.0031 | I13: 7.7783 | K13: 直進
B14: （Bus） | C14: 5.4556 | D14: 7.3552 | E14: 7.6208 | F14: 7.6664 | G14: 6.8779 | H14: 7.8555 | I14: 7.7667 | K14: （Bus）
B15: （Car） | C15: 6.3373 | D15: 7.3967 | E15: 8.1928 | F15: 8.242 | G15: 7.7799 | H15: 8.3326 | I15: 8.3875 | K15: （Car）
B16: 合計 | C16: 6.1263 | D16: 7.3878 | E16: 8.0642 | F16: 8.1127 | G16: 7.5683 | H16: 8.2262 | I16: 8.2472 | K16: 合計
B18: 通過台数_L | C18: =17+44 -> 61 | D18: =18+45 -> 63 | E18: =18+45 -> 63 | F18: =17+45 -> 62 | G18: =17+44 -> 61 | H18: =18+45 -> 63 | I18: =18+45 -> 63 | K18: 通過台数_L
B19: 通過台数_R | C19: =12+51 -> 63 | D19: =12+50 -> 62 | E19: =12+51 -> 63 | F19: =12+52 -> 64 | G19: =12+51 -> 63 | H19: =12+51 -> 63 | I19: =12+51 -> 63 | K19: 通過台数_R
B20: 通過台数_B | C20: =10+51 -> 61 | D20: =10+51 -> 61 | E20: =10+51 -> 61 | F20: =10+51 -> 61 | G20: =10+51 -> 61 | H20: =10+51 -> 61 | I20: =10+51 -> 61 | K20: 通過台数_B
B23: 500/500/500
C24: 1 | D24: 2 | E24: 3 | F24: 4 | G24: 5 | H24: 6 | I24: 7
C25: 全て受け入れ | D25: 道交法 | E25: 0.2 | F25: 0.4 | G25: 既存 | H25: 提案 | I25: 性能込み
B26: （Bus）
B27: （Car）
B28: 右折
B29: （Bus）
B30: （Car）
B31: 左折
B32: （Bus）
B33: （Car）
B34: 直進
B35: （Bus）
B36: （Car）
B37: 合計
... B41: 通過台数_B

Sheet seed3
B2: 400/400/400 | K2: 600/600/600
C3: 1 | D3: 2 | E3: 3 | F3: 4 | G3: 5 | H3: 6 | I3: 7 | L3: 1 | M3: 2 | N3: 3 | O3: 4 | P3: 5 | Q3: 6 | R3: 7
C4: 全て受け入れ | D4: 道交法 | E4: 0.2 | F4: 0.4 | G4: 既存 | H4: 提案 | I4: 性能込み | L4: 全て受け入れ | M4: 道交法 | N4: 0.2 | O4: 0.4 | P4: 既存 | Q4: 提案 | R4: 性能込み
B5: （Bus） | C5: 5.2012 | D5: 4.4328 | E5: 5.3397 | F5: 5.4268 | G5: 6.149 | H5: 6.0553 | I5: 6.1121 | K5: （Bus）
B6: （Car） | C6: 4.9362 | D6: 4.4524 | E6: 5.07775 | F6: 5.1968 | G6: 5.821 | H6: 5.5143 | I6: 5.6443 | K6: （Car）
B7: 右折 | C7: 5.0237 | D7: 4.4457 | E7: 5.227 | F7: 5.273 | G7: 5.9296 | H7: 5.6887 | I7: 5.796 | K7: 右折
B8: （Bus） | C8: 5.5909 | D8: 4.0892 | E8: 4.1712 | F8: 4.4271 | G8: 5.4514 | H8: 5.6444 | I8: 5.2149 | K8: （Bus）
B9: （Car） | C9: 5.8255 | D9: 3.8925 | E9: 4.5125 | F9: 4.4717 | G9: 5.6088 | H9: 5.2857 | I9: 4.9267 | K9: （Car）
B10: 左折 | C10: 5.7683 | D10: 3.9373 | E10: 4.4268 | F10: 4.4612 | G10: 5.5708 | H10: 5.3663 | I10: 4.9919 | K10: 左折
B11: （Bus） | C11: 4.8315 | D11: 7.9701 | E11: 7.56 | F11: 7.7447 | G11: 6.2775 | H11: 6.46 | I11: 6.7685 | K11: （Bus）
B12: （Car） | C12: 4.9506 | D12: 7.2487 | E12: 7.7883 | F12: 7.7518 | G12: 7.1294 | H12: 7.2953 | I12: 6.5846 | K12: （Car）
B13: 直進 | C13: 4.9067 | D13: 7.4941 | E13: 7.704 | F13: 7.7492 | G13: 6.7954 | H13: 6.9689 | I13: 6.6501 | K13: 直進
B14: （Bus） | C14: 6.7493 | D14: 6.9645 | E14: 7.3036 | F14: 7.3811 | G14: 7.4274 | H14: 7.5971 | I14: 7.5627 | K14: （Bus）
B15: （Car） | C15: 7.1158 | D15: 6.7979 | E15: 7.4162 | F15: 7.4072 | G15: 7.9651 | H15: 7.8261 | I15: 7.4858 | K15: （Car）
B16: 合計 | C16: 6.9965 | D16: 6.8492 | E16: 7.3805 | F16: 7.399 | G16: 7.7878 | H16: 7.7526 | I16: 7.5098 | K16: 合計
B18: 通過台数_L | C18: =22+40 -> 62 | D18: =22+40 -> 62 | E18: =23+40 -> 63 | F18: =22+40 -> 62 | G18: =22+40 -> 62 | H18: =22+40 -> 62 | I18: =23+40 -> 63 | K18: 通過台数_L
B19: 通過台数_R | C19: =19+46 -> 65 | D19: =19+46 -> 65 | E19: =19+46 -> 65 | F19: =19+45 -> 64 | G19: =19+45 -> 64 | H19: =19+46 -> 65 | I19: =19+46 -> 65 | K19: 通過台数_R
B20: 通過台数_B | C20: =18+44 -> 62 | D20: =18+44 -> 62 | E20: =18+44 -> 62 | F20: =17+43 -> 60 | G20: =18+45 -> 63 | H20: =18+44 -> 62 | I20: =18+44 -> 62 | K20: 通過台数_B
B23: 500/500/500
C24: 1 | D24: 2 | E24: 3 | F24: 4 | G24: 5 | H24: 6 | I24: 7
C25: 全て受け入れ | D25: 道交法 | E25: 0.2 | F25: 0.4 | G25: 既存 | H25: 提案 | I25: 性能込み
B26: （Bus）
B27: （Car）
B28: 右折
B29: （Bus）
B30: （Car）
B31: 左折
B32: （Bus）
B33: （Car）
B34: 直進
B35: （Bus）
B36: （Car）
B37: 合計
... B41: 通過台数_B

Sheet seed4
B2: 400/400/400 | K2: 600/600/600
C3: 1 | D3: 2 | E3: 3 | F3: 4 | G3: 5 | H3: 6 | I3: 7 | L3: 1 | M3: 2 | N3: 3 | O3: 4 | P3: 5 | Q3: 6 | R3: 7
C4: 全て受け入れ | D4: 道交法 | E4: 0.2 | F4: 0.4 | G4: 既存 | H4: 提案 | I4: 性能込み | L4: 全て受け入れ | M4: 道交法 | N4: 0.2 | O4: 0.4 | P4: 既存 | Q4: 提案 | R4: 性能込み
B5: （Bus） | K5: （Bus）
B6: （Car） | K6: （Car）
B7: 右折 | K7: 右折
B8: （Bus） | K8: （Bus）
B9: （Car） | K9: （Car）
B10: 左折 | K10: 左折
B11: （Bus） | K11: （Bus）
B12: （Car） | K12: （Car）
B13: 直進 | K13: 直進
B14: （Bus） | K14: （Bus）
B15: （Car） | K15: （Car）
B16: 合計 | K16: 合計
... B20: 通過台数_B | K20: 通過台数_B
B23: 500/500/500
C24: 1 | D24: 2 | E24: 3 | F24: 4 | G24: 5 | H24: 6 | I24: 7
C25: 全て受け入れ | D25: 道交法 | E25: 0.2 | F25: 0.4 | G25: 既存 | H25: 提案 | I25: 性能込み
B26: （Bus）
B27: （Car）
B28: 右折
B29: （Bus）
B30: （Car）
B31: 左折
B32: （Bus）
B33: （Car）
B34: 直進
B35: （Bus）
B36: （Car）
B37: 合計
... B41: 通過台数_B

Sheet seed5
B2: 400/400/400 | K2: 600/600/600
C3: 1 | D3: 2 | E3: 3 | F3: 4 | G3: 5 | H3: 6 | I3: 7 | L3: 1 | M3: 2 | N3: 3 | O3: 4 | P3: 5 | Q3: 6 | R3: 7
C4: 全て受け入れ | D4: 道交法 | E4: 0.2 | F4: 0.4 | G4: 既存 | H4: 提案 | I4: 性能込み | L4: 全て受け入れ | M4: 道交法 | N4: 0.2 | O4: 0.4 | P4: 既存 | Q4: 提案 | R4: 性能込み
B5: （Bus） | K5: （Bus）
B6: （Car） | K6: （Car）
B7: 右折 | K7: 右折
B8: （Bus） | K8: （Bus）
B9: （Car） | K9: （Car）
B10: 左折 | K10: 左折
B11: （Bus） | K11: （Bus）
B12: （Car） | K12: （Car）
B13: 直進 | K13: 直進
B14: （Bus） | K14: （Bus）
B15: （Car） | K15: （Car）
B16: 合計 | K16: 合計
... B20: 通過台数_B | K20: 通過台数_B
B23: 500/500/500
C24: 1 | D24: 2 | E24: 3 | F24: 4 | G24: 5 | H24: 6 | I24: 7
C25: 全て受け入れ | D25: 道交法 | E25: 0.2 | F25: 0.4 | G25: 既存 | H25: 提案 | I25: 性能込み
B26: （Bus）
B27: （Car）
B28: 右折
B29: （Bus）
B30: （Car）
B31: 左折
B32: （Bus）
B33: （Car）
B34: 直進
B35: （Bus）
B36: （Car）
B37: 合計
... B41: 通過台数_B

Sheet 平均
B2: 400/400/400 | K2: 600/600/600
C3: 1 | D3: 2 | E3: 3 | F3: 4 | G3: 5 | H3: 6 | I3: 7 | L3: 1 | M3: 2 | N3: 3 | O3: 4 | P3: 5 | Q3: 6 | R3: 7
C4: 全て受け入れ | D4: 道交法 | E4: 0.2 | F4: 0.4 | G4: 既存 | H4: 提案 | I4: 性能込み | L4: 全て受け入れ | M4: 道交法 | N4: 0.2 | O4: 0.4 | P4: 既存 | Q4: 提案 | R4: 性能込み
B5: （Bus） | C5: =ROUND(AVERAGE(seed1!C5,seed2!C5,seed3!C5,seed4!C5,seed5!C5),4) -> 4.4163 | D5: =ROUND(AVERAGE(seed1!D5,seed2!D5,seed3!D5,seed4!D5,seed5!D5),4) -> 5.1066 | E5: =ROUND(AVERAGE(seed1!E5,seed2!E5,seed3!E5,seed4!E5,seed5!E5),4) -> 5.6429 | F5: =ROUND(AVERAGE(seed1!F5,seed2!F5,seed3!F5,seed4!F5,seed5!F5),4) -> 5.9239 | G5: =ROUND(AVERAGE(seed1!G5,seed2!G5,seed3!G5,seed4!G5,seed5!G5),4) -> 4.3695 | H5: =ROUND(AVERAGE(seed1!H5,seed2!H5,seed3!H5,seed4!H5,seed5!H5),4) -> 6.0004 | I5: =ROUND(AVERAGE(seed1!I5,seed2!I5,seed3!I5,seed4!I5,seed5!I5),4) -> 6.245 | K5: （Bus） | L5: =ROUND(AVERAGE(seed1!L5,seed2!L5,seed3!L5,seed4!L5,seed5!L5),4) -> #DIV/0! | M5: =ROUND(AVERAGE(seed1!M5,seed2!M5,seed3!M5,seed4!M5,seed5!M5),4) -> #DIV/0! | N5: =ROUND(AVERAGE(seed1!N5,seed2!N5,seed3!N5,seed4!N5,seed5!N5),4) -> #DIV/0! | O5: =ROUND(AVERAGE(seed1!O5,seed2!O5,seed3!O5,seed4!O5,seed5!O5),4) -> #DIV/0! | P5: =ROUND(AVERAGE(seed1!P5,seed2!P5,seed3!P5,seed4!P5,seed5!P5),4) -> #DIV/0! | Q5: =ROUND(AVERAGE(seed1!Q5,seed2!Q5,seed3!Q5,seed4!Q5,seed5!Q5),4) -> #DIV/0! | R5: =ROUND(AVERAGE(seed1!R5,seed2!R5,seed3!R5,seed4!R5,seed5!R5),4) -> #DIV/0!
B6: （Car） | C6: =ROUND(AVERAGE(seed1!C6,seed2!C6,seed3!C6,seed4!C6,seed5!C6),4) -> 4.3788 | D6: =ROUND(AVERAGE(seed1!D6,seed2!D6,seed3!D6,seed4!D6,seed5!D6),4) -> 4.625 | E6: =ROUND(AVERAGE(seed1!E6,seed2!E6,seed3!E6,seed4!E6,seed5!E6),4) -> 5.4215 | F6: =ROUND(AVERAGE(seed1!F6,seed2!F6,seed3!F6,seed4!F6,seed5!F6),4) -> 5.5563 | G6: =ROUND(AVERAGE(seed1!G6,seed2!G6,seed3!G6,seed4!G6,seed5!G6),4) -> 4.2112 | H6: =ROUND(AVERAGE(seed1!H6,seed2!H6,seed3!H6,seed4!H6,seed5!H6),4) -> 5.703 | I6: =ROUND(AVERAGE(seed1!I6,seed2!I6,seed3!I6,seed4!I6,seed5!I6),4) -> 5.7619 | K6: （Car） | L6: =ROUND(AVERAGE(seed1!L6,seed2!L6,seed3!L6,seed4!L6,seed5!L6),4) -> #DIV/0! | M6: =ROUND(AVERAGE(seed1!M6,seed2!M6,seed3!M6,seed4!M6,seed5!M6),4) -> #DIV/0! | N6: =ROUND(AVERAGE(seed1!N6,seed2!N6,seed3!N6,seed4!N6,seed5!N6),4) -> #DIV/0! | O6: =ROUND(AVERAGE(seed1!O6,seed2!O6,seed3!O6,seed4!O6,seed5!O6),4) -> #DIV/0! | P6: =ROUND(AVERAGE(seed1!P6,seed2!P6,seed3!P6,seed4!P6,seed5!P6),4) -> #DIV/0! | Q6: =ROUND(AVERAGE(seed1!Q6,seed2!Q6,seed3!Q6,seed4!Q6,seed5!Q6),4) -> #DIV/0! | R6: =ROUND(AVERAGE(seed1!R6,seed2!R6,seed3!R6,seed4!R6,seed5!R6),4) -> #DIV/0!
B7: 右折 | C7: =ROUND(AVERAGE(seed1!C7,seed2!C7,seed3!C7,seed4!C7,seed5!C7),4) -> 4.3948 | D7: =ROUND(AVERAGE(seed1!D7,seed2!D7,seed3!D7,seed4!D7,seed5!D7),4) -> 4.7072 | E7: =ROUND(AVERAGE(seed1!E7,seed2!E7,seed3!E7,seed4!E7,seed5!E7),4) -> 5.4889 | F7: =ROUND(AVERAGE(seed1!F7,seed2!F7,seed3!F7,seed4!F7,seed5!F7),4) -> 5.6262 | G7: =ROUND(AVERAGE(seed1!G7,seed2!G7,seed3!G7,seed4!G7,seed5!G7),4) -> 4.2559 | H7: =ROUND(AVERAGE(seed1!H7,seed2!H7,seed3!H7,seed4!H7,seed5!H7),4) -> 5.7813 | I7: =ROUND(AVERAGE(seed1!I7,seed2!I7,seed3!I7,seed4!I7,seed5!I7),4) -> 5.8711 | K7: 右折 | L7: =ROUND(AVERAGE(seed1!L7,seed2!L7,seed3!L7,seed4!L7,seed5!L7),4) -> #DIV/0! | M7: =ROUND(AVERAGE(seed1!M7,seed2!M7,seed3!M7,seed4!M7,seed5!M7),4) -> #DIV/0! | N7: =ROUND(AVERAGE(seed1!N7,seed2!N7,seed3!N7,seed4!N7,seed5!N7),4) -> #DIV/0! | O7: =ROUND(AVERAGE(seed1!O7,seed2!O7,seed3!O7,seed4!O7,seed5!O7),4) -> #DIV/0! | P7: =ROUND(AVERAGE(seed1!P7,seed2!P7,seed3!P7,seed4!P7,seed5!P7),4) -> #DIV/0! | Q7: =ROUND(AVERAGE(seed1!Q7,seed2!Q7,seed3!Q7,seed4!Q7,seed5!Q7),4) -> #DIV/0! | R7: =ROUND(AVERAGE(seed1!R7,seed2!R7,seed3!R7,seed4!R7,seed5!R7),4) -> #DIV/0!
B8: （Bus） | C8: =ROUND(AVERAGE(seed1!C8,seed2!C8,seed3!C8,seed4!C8,seed5!C8),4) -> 5.5382 | D8: =ROUND(AVERAGE(seed1!D8,seed2!D8,seed3!D8,seed4!D8,seed5!D8),4) -> 3.9282 | E8: =ROUND(AVERAGE(seed1!E8,seed2!E8,seed3!E8,seed4!E8,seed5!E8),4) -> 4.7105 | F8: =ROUND(AVERAGE(seed1!F8,seed2!F8,seed3!F8,seed4!F8,seed5!F8),4) -> 4.6873 | G8: =ROUND(AVERAGE(seed1!G8,seed2!G8,seed3!G8,seed4!G8,seed5!G8),4) -> 3.8214 | H8: =ROUND(AVERAGE(seed1!H8,seed2!H8,seed3!H8,seed4!H8,seed5!H8),4) -> 5.4674 | I8: =ROUND(AVERAGE(seed1!I8,seed2!I8,seed3!I8,seed4!I8,seed5!I8),4) -> 5.5473 | K8: （Bus） | L8: =ROUND(AVERAGE(seed1!L8,seed2!L8,seed3!L8,seed4!L8,seed5!L8),4) -> #DIV/0! | M8: =ROUND(AVERAGE(seed1!M8,seed2!M8,seed3!M8,seed4!M8,seed5!M8),4) -> #DIV/0! | N8: =ROUND(AVERAGE(seed1!N8,seed2!N8,seed3!N8,seed4!N8,seed5!N8),4) -> #DIV/0! | O8: =ROUND(AVERAGE(seed1!O8,seed2!O8,seed3!O8,seed4!O8,seed5!O8),4) -> #DIV/0! | P8: =ROUND(AVERAGE(seed1!P8,seed2!P8,seed3!P8,seed4!P8,seed5!P8),4) -> #DIV/0! | Q8: =ROUND(AVERAGE(seed1!Q8,seed2!Q8,seed3!Q8,seed4!Q8,seed5!Q8),4) -> #DIV/0! | R8: =ROUND(AVERAGE(seed1!R8,seed2!R8,seed3!R8,seed4!R8,seed5!R8),4) -> #DIV/0!
B9: （Car） | C9: =ROUND(AVERAGE(seed1!C9,seed2!C9,seed3!C9,seed4!C9,seed5!C9),4) -> 5.3673 | D9: =ROUND(AVERAGE(seed1!D9,seed2!D9,seed3!D9,seed4!D9,seed5!D9),4) -> 3.7081 | E9: =ROUND(AVERAGE(seed1!E9,seed2!E9,seed3!E9,seed4!E9,seed5!E9),4) -> 4.741 | F9: =ROUND(AVERAGE(seed1!F9,seed2!F9,seed3!F9,seed4!F9,seed5!F9),4) -> 4.8567 | G9: =ROUND(AVERAGE(seed1!G9,seed2!G9,seed3!G9,seed4!G9,seed5!G9),4) -> 4.1721 | H9: =ROUND(AVERAGE(seed1!H9,seed2!H9,seed3!H9,seed4!H9,seed5!H9),4) -> 5.541 | I9: =ROUND(AVERAGE(seed1!I9,seed2!I9,seed3!I9,seed4!I9,seed5!I9),4) -> 5.5351 | K9: （Car） | L9: =ROUND(AVERAGE(seed1!L9,seed2!L9,seed3!L9,seed4!L9,seed5!L9),4) -> #DIV/0! | M9: =ROUND(AVERAGE(seed1!M9,seed2!M9,seed3!M9,seed4!M9,seed5!M9),4) -> #DIV/0! | N9: =ROUND(AVERAGE(seed1!N9,seed2!N9,seed3!N9,seed4!N9,seed5!N9),4) -> #DIV/0! | O9: =ROUND(AVERAGE(seed1!O9,seed2!O9,seed3!O9,seed4!O9,seed5!O9),4) -> #DIV/0! | P9: =ROUND(AVERAGE(seed1!P9,seed2!P9,seed3!P9,seed4!P9,seed5!P9),4) -> #DIV/0! | Q9: =ROUND(AVERAGE(seed1!Q9,seed2!Q9,seed3!Q9,seed4!Q9,seed5!Q9),4) -> #DIV/0! | R9: =ROUND(AVERAGE(seed1!R9,seed2!R9,seed3!R9,seed4!R9,seed5!R9),4) -> #DIV/0!
B10: 左折 | C10: =ROUND(AVERAGE(seed1!C10,seed2!C10,seed3!C10,seed4!C10,seed5!C10),4) -> 5.3909 | D10: =ROUND(AVERAGE(seed1!D10,seed2!D10,seed3!D10,seed4!D10,seed5!D10),4) -> 3.7597 | E10: =ROUND(AVERAGE(seed1!E10,seed2!E10,seed3!E10,seed4!E10,seed5!E10),4) -> 4.7327 | F10: =ROUND(AVERAGE(seed1!F10,seed2!F10,seed3!F10,seed4!F10,seed5!F10),4) -> 4.8138 | G10: =ROUND(AVERAGE(seed1!G10,seed2!G10,seed3!G10,seed4!G10,seed5!G10),4) -> 4.0723 | H10: =ROUND(AVERAGE(seed1!H10,seed2!H10,seed3!H10,seed4!H10,seed5!H10),4) -> 5.5071 | I10: =ROUND(AVERAGE(seed1!I10,seed2!I10,seed3!I10,seed4!I10,seed5!I10),4) -> 5.5342 | K10: 左折 | L10: =ROUND(AVERAGE(seed1!L10,seed2!L10,seed3!L10,seed4!L10,seed5!L10),4) -> #DIV/0! | M10: =ROUND(AVERAGE(seed1!M10,seed2!M10,seed3!M10,seed4!M10,seed5!M10),4) -> #DIV/0! | N10: =ROUND(AVERAGE(seed1!N10,seed2!N10,seed3!N10,seed4!N10,seed5!N10),4) -> #DIV/0! | O10: =ROUND(AVERAGE(seed1!O10,seed2!O10,seed3!O10,seed4!O10,seed5!O10),4) -> #DIV/0! | P10: =ROUND(AVERAGE(seed1!P10,seed2!P10,seed3!P10,seed4!P10,seed5!P10),4) -> #DIV/0! | Q10: =ROUND(AVERAGE(seed1!Q10,seed2!Q10,seed3!Q10,seed4!Q10,seed5!Q10),4) -> #DIV/0! | R10: =ROUND(AVERAGE(seed1!R10,seed2!R10,seed3!R10,seed4!R10,seed5!R10),4) -> #DIV/0!
B11: （Bus） | C11: =ROUND(AVERAGE(seed1!C11,seed2!C11,seed3!C11,seed4!C11,seed5!C11),4) -> 3.7975 | D11: =ROUND(AVERAGE(seed1!D11,seed2!D11,seed3!D11,seed4!D11,seed5!D11),4) -> 8.2645 | E11: =ROUND(AVERAGE(seed1!E11,seed2!E11,seed3!E11,seed4!E11,seed5!E11),4) -> 8.4962 | F11: =ROUND(AVERAGE(seed1!F11,seed2!F11,seed3!F11,seed4!F11,seed5!F11),4) -> 7.7807 | G11: =ROUND(AVERAGE(seed1!G11,seed2!G11,seed3!G11,seed4!G11,seed5!G11),4) -> 4.4051 | H11: =ROUND(AVERAGE(seed1!H11,seed2!H11,seed3!H11,seed4!H11,seed5!H11),4) -> 6.3432 | I11: =ROUND(AVERAGE(seed1!I11,seed2!I11,seed3!I11,seed4!I11,seed5!I11),4) -> 6.708 | K11: （Bus） | L11: =ROUND(AVERAGE(seed1!L11,seed2!L11,seed3!L11,seed4!L11,seed5!L11),4) -> #DIV/0! | M11: =ROUND(AVERAGE(seed1!M11,seed2!M11,seed3!M11,seed4!M11,seed5!M11),4) -> #DIV/0! | N11: =ROUND(AVERAGE(seed1!N11,seed2!N11,seed3!N11,seed4!N11,seed5!N11),4) -> #DIV/0! | O11: =ROUND(AVERAGE(seed1!O11,seed2!O11,seed3!O11,seed4!O11,seed5!O11),4) -> #DIV/0! | P11: =ROUND(AVERAGE(seed1!P11,seed2!P11,seed3!P11,seed4!P11,seed5!P11),4) -> #DIV/0! | Q11: =ROUND(AVERAGE(seed1!Q11,seed2!Q11,seed3!Q11,seed4!Q11,seed5!Q11),4) -> #DIV/0! | R11: =ROUND(AVERAGE(seed1!R11,seed2!R11,seed3!R11,seed4!R11,seed5!R11),4) -> #DIV/0!
B12: （Car） | C12: =ROUND(AVERAGE(seed1!C12,seed2!C12,seed3!C12,seed4!C12,seed5!C12),4) -> 5.0714 | D12: =ROUND(AVERAGE(seed1!D12,seed2!D12,seed3!D12,seed4!D12,seed5!D12),4) -> 7.4625 | E12: =ROUND(AVERAGE(seed1!E12,seed2!E12,seed3!E12,seed4!E12,seed5!E12),4) -> 8.407 | F12: =ROUND(AVERAGE(seed1!F12,seed2!F12,seed3!F12,seed4!F12,seed5!F12),4) -> 7.9948 | G12: =ROUND(AVERAGE(seed1!G12,seed2!G12,seed3!G12,seed4!G12,seed5!G12),4) -> 5.3831 | H12: =ROUND(AVERAGE(seed1!H12,seed2!H12,seed3!H12,seed4!H12,seed5!H12),4) -> 7.5581 | I12: =ROUND(AVERAGE(seed1!I12,seed2!I12,seed3!I12,seed4!I12,seed5!I12),4) -> 7.4099 | K12: （Car） | L12: =ROUND(AVERAGE(seed1!L12,seed2!L12,seed3!L12,seed4!L12,seed5!L12),4) -> #DIV/0! | M12: =ROUND(AVERAGE(seed1!M12,seed2!M12,seed3!M12,seed4!M12,seed5!M12),4) -> #DIV/0! | N12: =ROUND(AVERAGE(seed1!N12,seed2!N12,seed3!N12,seed4!N12,seed5!N12),4) -> #DIV/0! | O12: =ROUND(AVERAGE(seed1!O12,seed2!O12,seed3!O12,seed4!O12,seed5!O12),4) -> #DIV/0! | P12: =ROUND(AVERAGE(seed1!P12,seed2!P12,seed3!P12,seed4!P12,seed5!P12),4) -> #DIV/0! | Q12: =ROUND(AVERAGE(seed1!Q12,seed2!Q12,seed3!Q12,seed4!Q12,seed5!Q12),4) -> #DIV/0! | R12: =ROUND(AVERAGE(seed1!R12,seed2!R12,seed3!R12,seed4!R12,seed5!R12),4) -> #DIV/0!
B13: 直進 | C13: =ROUND(AVERAGE(seed1!C13,seed2!C13,seed3!C13,seed4!C13,seed5!C13),4) -> 4.7902 | D13: =ROUND(AVERAGE(seed1!D13,seed2!D13,seed3!D13,seed4!D13,seed5!D13),4) -> 7.6087 | E13: =ROUND(AVERAGE(seed1!E13,seed2!E13,seed3!E13,seed4!E13,seed5!E13),4) -> 8.4136 | F13: =ROUND(AVERAGE(seed1!F13,seed2!F13,seed3!F13,seed4!F13,seed5!F13),4) -> 7.9725 | G13: =ROUND(AVERAGE(seed1!G13,seed2!G13,seed3!G13,seed4!G13,seed5!G13),4) -> 5.1364 | H13: =ROUND(AVERAGE(seed1!H13,seed2!H13,seed3!H13,seed4!H13,seed5!H13),4) -> 7.3191 | I13: =ROUND(AVERAGE(seed1!I13,seed2!I13,seed3!I13,seed4!I13,seed5!I13),4) -> 7.3121 | K13: 直進 | L13: =ROUND(AVERAGE(seed1!L13,seed2!L13,seed3!L13,seed4!L13,seed5!L13),4) -> #DIV/0! | M13: =ROUND(AVERAGE(seed1!M13,seed2!M13,seed3!M13,seed4!M13,seed5!M13),4) -> #DIV/0! | N13: =ROUND(AVERAGE(seed1!N13,seed2!N13,seed3!N13,seed4!N13,seed5!N13),4) -> #DIV/0! | O13: =ROUND(AVERAGE(seed1!O13,seed2!O13,seed3!O13,seed4!O13,seed5!O13),4) -> #DIV/0! | P13: =ROUND(AVERAGE(seed1!P13,seed2!P13,seed3!P13,seed4!P13,seed5!P13),4) -> #DIV/0! | Q13: =ROUND(AVERAGE(seed1!Q13,seed2!Q13,seed3!Q13,seed4!Q13,seed5!Q13),4) -> #DIV/0! | R13: =ROUND(AVERAGE(seed1!R13,seed2!R13,seed3!R13,seed4!R13,seed5!R13),4) -> #DIV/0!
B14: （Bus） | C14: =ROUND(AVERAGE(seed1!C14,seed2!C14,seed3!C14,seed4!C14,seed5!C14),4) -> 6.1851 | D14: =ROUND(AVERAGE(seed1!D14,seed2!D14,seed3!D14,seed4!D14,seed5!D14),4) -> 6.7202 | E14: =ROUND(AVERAGE(seed1!E14,seed2!E14,seed3!E14,seed4!E14,seed5!E14),4) -> 7.3707 | F14: =ROUND(AVERAGE(seed1!F14,seed2!F14,seed3!F14,seed4!F14,seed5!F14),4) -> 7.3424 | G14: =ROUND(AVERAGE(seed1!G14,seed2!G14,seed3!G14,seed4!G14,seed5!G14),4) -> 5.4094 | H14: =ROUND(AVERAGE(seed1!H14,seed2!H14,seed3!H14,seed4!H14,seed5!H14),4) -> 7.397 | I14: =ROUND(AVERAGE(seed1!I14,seed2!I14,seed3!I14,seed4!I14,seed5!I14),4) -> 7.5398 | K14: （Bus） | L14: =ROUND(AVERAGE(seed1!L14,seed2!L14,seed3!L14,seed4!L14,seed5!L14),4) -> #DIV/0! | M14: =ROUND(AVERAGE(seed1!M14,seed2!M14,seed3!M14,seed4!M14,seed5!M14),4) -> #DIV/0! | N14: =ROUND(AVERAGE(seed1!N14,seed2!N14,seed3!N14,seed4!N14,seed5!N14),4) -> #DIV/0! | O14: =ROUND(AVERAGE(seed1!O14,seed2!O14,seed3!O14,seed4!O14,seed5!O14),4) -> #DIV/0! | P14: =ROUND(AVERAGE(seed1!P14,seed2!P14,seed3!P14,seed4!P14,seed5!P14),4) -> #DIV/0! | Q14: =ROUND(AVERAGE(seed1!Q14,seed2!Q14,seed3!Q14,seed4!Q14,seed5!Q14),4) -> #DIV/0! | R14: =ROUND(AVERAGE(seed1!R14,seed2!R14,seed3!R14,seed4!R14,seed5!R14),4) -> #DIV/0!
B15: （Car） | C15: =ROUND(AVERAGE(seed1!C15,seed2!C15,seed3!C15,seed4!C15,seed5!C15),4) -> 6.821 | D15: =ROUND(AVERAGE(seed1!D15,seed2!D15,seed3!D15,seed4!D15,seed5!D15),4) -> 6.8749 | E15: =ROUND(AVERAGE(seed1!E15,seed2!E15,seed3!E15,seed4!E15,seed5!E15),4) -> 7.8055 | F15: =ROUND(AVERAGE(seed1!F15,seed2!F15,seed3!F15,seed4!F15,seed5!F15),4) -> 7.823 | G15: =ROUND(AVERAGE(seed1!G15,seed2!G15,seed3!G15,seed4!G15,seed5!G15),4) -> 6.0564 | H15: =ROUND(AVERAGE(seed1!H15,seed2!H15,seed3!H15,seed4!H15,seed5!H15),4) -> 8.0592 | I15: =ROUND(AVERAGE(seed1!I15,seed2!I15,seed3!I15,seed4!I15,seed5!I15),4) -> 8.0254 | K15: （Car） | L15: =ROUND(AVERAGE(seed1!L15,seed2!L15,seed3!L15,seed4!L15,seed5!L15),4) -> #DIV/0! | M15: =ROUND(AVERAGE(seed1!M15,seed2!M15,seed3!M15,seed4!M15,seed5!M15),4) -> #DIV/0! | N15: =ROUND(AVERAGE(seed1!N15,seed2!N15,seed3!N15,seed4!N15,seed5!N15),4) -> #DIV/0! | O15: =ROUND(AVERAGE(seed1!O15,seed2!O15,seed3!O15,seed4!O15,seed5!O15),4) -> #DIV/0! | P15: =ROUND(AVERAGE(seed1!P15,seed2!P15,seed3!P15,seed4!P15,seed5!P15),4) -> #DIV/0! | Q15: =ROUND(AVERAGE(seed1!Q15,seed2!Q15,seed3!Q15,seed4!Q15,seed5!Q15),4) -> #DIV/0! | R15: =ROUND(AVERAGE(seed1!R15,seed2!R15,seed3!R15,seed4!R15,seed5!R15),4) -> #DIV/0!
B16: 合計 | C16: =ROUND(AVERAGE(seed1!C16,seed2!C16,seed3!C16,seed4!C16,seed5!C16),4) -> 6.6685 | D16: =ROUND(AVERAGE(seed1!D16,seed2!D16,seed3!D16,seed4!D16,seed5!D16),4) -> 6.8511 | E16: =ROUND(AVERAGE(seed1!E16,seed2!E16,seed3!E16,seed4!E16,seed5!E16),4) -> 7.7112 | F16: =ROUND(AVERAGE(seed1!F16,seed2!F16,seed3!F16,seed4!F16,seed5!F16),4) -> 7.7226 | G16: =ROUND(AVERAGE(seed1!G16,seed2!G16,seed3!G16,seed4!G16,seed5!G16),4) -> 5.8899 | H16: =ROUND(AVERAGE(seed1!H16,seed2!H16,seed3!H16,seed4!H16,seed5!H16),4) -> 7.9117 | I16: =ROUND(AVERAGE(seed1!I16,seed2!I16,seed3!I16,seed4!I16,seed5!I16),4) -> 7.927 | K16: 合計 | L16: =ROUND(AVERAGE(seed1!L16,seed2!L16,seed3!L16,seed4!L16,seed5!L16),4) -> #DIV/0! | M16: =ROUND(AVERAGE(seed1!M16,seed2!M16,seed3!M16,seed4!M16,seed5!M16),4) -> #DIV/0! | N16: =ROUND(AVERAGE(seed1!N16,seed2!N16,seed3!N16,seed4!N16,seed5!N16),4) -> #DIV/0! | O16: =ROUND(AVERAGE(seed1!O16,seed2!O16,seed3!O16,seed4!O16,seed5!O16),4) -> #DIV/0! | P16: =ROUND(AVERAGE(seed1!P16,seed2!P16,seed3!P16,seed4!P16,seed5!P16),4) -> #DIV/0! | Q16: =ROUND(AVERAGE(seed1!Q16,seed2!Q16,seed3!Q16,seed4!Q16,seed5!Q16),4) -> #DIV/0! | R16: =ROUND(AVERAGE(seed1!R16,seed2!R16,seed3!R16,seed4!R16,seed5!R16),4) -> #DIV/0!
B17: 交差点前_平均 | C17: =ROUND(AVERAGE(C7,C10,C13),4) -> 4.8586 | D17: =ROUND(AVERAGE(D7,D10,D13),4) -> 5.3585 | E17: =ROUND(AVERAGE(E7,E10,E13),4) -> 6.2117 | F17: =ROUND(AVERAGE(F7,F10,F13),4) -> 6.1375 | G17: =ROUND(AVERAGE(G7,G10,G13),4) -> 4.4882 | H17: =ROUND(AVERAGE(H7,H10,H13),4) -> 6.2025 | I17: =ROUND(AVERAGE(I7,I10,I13),4) -> 6.2391 | K17: 交差点前_平均 | L17: =ROUND(AVERAGE(L7,L10,L13),4) -> #DIV/0! | M17: =ROUND(AVERAGE(M7,M10,M13),4) -> #DIV/0! | N17: =ROUND(AVERAGE(N7,N10,N13),4) -> #DIV/0! | O17: =ROUND(AVERAGE(O7,O10,O13),4) -> #DIV/0! | P17: =ROUND(AVERAGE(P7,P10,P13),4) -> #DIV/0! | Q17: =ROUND(AVERAGE(Q7,Q10,Q13),4) -> #DIV/0! | R17: =ROUND(AVERAGE(R7,R10,R13),4) -> #DIV/0!
B18: 通過台数_L | C18: =ROUND(AVERAGE(seed1!C18,seed2!C18,seed3!C18,seed4!C18,seed5!C18),1) -> 61.7 | D18: =ROUND(AVERAGE(seed1!D18,seed2!D18,seed3!D18,seed4!D18,seed5!D18),1) -> 62.3 | E18: =ROUND(AVERAGE(seed1!E18,seed2!E18,seed3!E18,seed4!E18,seed5!E18),1) -> 62.7 | F18: =ROUND(AVERAGE(seed1!F18,seed2!F18,seed3!F18,seed4!F18,seed5!F18),1) -> 62 | G18: =ROUND(AVERAGE(seed1!G18,seed2!G18,seed3!G18,seed4!G18,seed5!G18),1) -> 50.3 | H18: =ROUND(AVERAGE(seed1!H18,seed2!H18,seed3!H18,seed4!H18,seed5!H18),1) -> 62.3 | I18: =ROUND(AVERAGE(seed1!I18,seed2!I18,seed3!I18,seed4!I18,seed5!I18),1) -> 62.7 | K18: 通過台数_L | L18: =ROUND(AVERAGE(seed1!L18,seed2!L18,seed3!L18,seed4!L18,seed5!L18),1) -> #DIV/0! | M18: =ROUND(AVERAGE(seed1!M18,seed2!M18,seed3!M18,seed4!M18,seed5!M18),1) -> #DIV/0! | N18: =ROUND(AVERAGE(seed1!N18,seed2!N18,seed3!N18,seed4!N18,seed5!N18),1) -> #DIV/0! | O18: =ROUND(AVERAGE(seed1!O18,seed2!O18,seed3!O18,seed4!O18,seed5!O18),1) -> #DIV/0! | P18: =ROUND(AVERAGE(seed1!P18,seed2!P18,seed3!P18,seed4!P18,seed5!P18),1) -> #DIV/0! | Q18: =ROUND(AVERAGE(seed1!Q18,seed2!Q18,seed3!Q18,seed4!Q18,seed5!Q18),1) -> #DIV/0! | R18: =ROUND(AVERAGE(seed1!R18,seed2!R18,seed3!R18,seed4!R18,seed5!R18),1) -> #DIV/0!
B19: 通過台数_R | C19: =ROUND(AVERAGE(seed1!C19,seed2!C19,seed3!C19,seed4!C19,seed5!C19),1) -> 63.7 | D19: =ROUND(AVERAGE(seed1!D19,seed2!D19,seed3!D19,seed4!D19,seed5!D19),1) -> 63 | E19: =ROUND(AVERAGE(seed1!E19,seed2!E19,seed3!E19,seed4!E19,seed5!E19),1) -> 63.7 | F19: =ROUND(AVERAGE(seed1!F19,seed2!F19,seed3!F19,seed4!F19,seed5!F19),1) -> 63.7 | G19: =ROUND(AVERAGE(seed1!G19,seed2!G19,seed3!G19,seed4!G19,seed5!G19),1) -> 62.7 | H19: =ROUND(AVERAGE(seed1!H19,seed2!H19,seed3!H19,seed4!H19,seed5!H19),1) -> 63.7 | I19: =ROUND(AVERAGE(seed1!I19,seed2!I19,seed3!I19,seed4!I19,seed5!I19),1) -> 63.7 | K19: 通過台数_R | L19: =ROUND(AVERAGE(seed1!L19,seed2!L19,seed3!L19,seed4!L19,seed5!L19),1) -> #DIV/0! | M19: =ROUND(AVERAGE(seed1!M19,seed2!M19,seed3!M19,seed4!M19,seed5!M19),1) -> #DIV/0! | N19: =ROUND(AVERAGE(seed1!N19,seed2!N19,seed3!N19,seed4!N19,seed5!N19),1) -> #DIV/0! | O19: =ROUND(AVERAGE(seed1!O19,seed2!O19,seed3!O19,seed4!O19,seed5!O19),1) -> #DIV/0! | P19: =ROUND(AVERAGE(seed1!P19,seed2!P19,seed3!P19,seed4!P19,seed5!P19),1) -> #DIV/0! | Q19: =ROUND(AVERAGE(seed1!Q19,seed2!Q19,seed3!Q19,seed4!Q19,seed5!Q19),1) -> #DIV/0! | R19: =ROUND(AVERAGE(seed1!R19,seed2!R19,seed3!R19,seed4!R19,seed5!R19),1) -> #DIV/0!
B20: 通過台数_B | C20: =ROUND(AVERAGE(seed1!C20,seed2!C20,seed3!C20,seed4!C20,seed5!C20),1) -> 62.3 | D20: =ROUND(AVERAGE(seed1!D20,seed2!D20,seed3!D20,seed4!D20,seed5!D20),1) -> 62 | E20: =ROUND(AVERAGE(seed1!E20,seed2!E20,seed3!E20,seed4!E20,seed5!E20),1) -> 62.3 | F20: =ROUND(AVERAGE(seed1!F20,seed2!F20,seed3!F20,seed4!F20,seed5!F20),1) -> 61.7 | G20: =ROUND(AVERAGE(seed1!G20,seed2!G20,seed3!G20,seed4!G20,seed5!G20),1) -> 55 | H20: =ROUND(AVERAGE(seed1!H20,seed2!H20,seed3!H20,seed4!H20,seed5!H20),1) -> 62.3 | I20: =ROUND(AVERAGE(seed1!I20,seed2!I20,seed3!I20,seed4!I20,seed5!I20),1) -> 62.3 | K20: 通過台数_B | L20: =ROUND(AVERAGE(seed1!L20,seed2!L20,seed3!L20,seed4!L20,seed5!L20),1) -> #DIV/0! | M20: =ROUND(AVERAGE(seed1!M20,seed2!M20,seed3!M20,seed4!M20,seed5!M20),1) -> #DIV/0! | N20: =ROUND(AVERAGE(seed1!N20,seed2!N20,seed3!N20,seed4!N20,seed5!N20),1) -> #DIV/0! | O20: =ROUND(AVERAGE(seed1!O20,seed2!O20,seed3!O20,seed4!O20,seed5!O20),1) -> #DIV/0! | P20: =ROUND(AVERAGE(seed1!P20,seed2!P20,seed3!P20,seed4!P20,seed5!P20),1) -> #DIV/0! | Q20: =ROUND(AVERAGE(seed1!Q20,seed2!Q20,seed3!Q20,seed4!Q20,seed5!Q20),1) -> #DIV/0! | R20: =ROUND(AVERAGE(seed1!R20,seed2!R20,seed3!R20,seed4!R20,seed5!R20),1) -> #DIV/0!
B21: 通過台数_合計 | C21: =SUM(C18:C20) -> 187.7 | D21: =SUM(D18:D20) -> 187.3 | E21: =SUM(E18:E20) -> 188.7 | F21: =SUM(F18:F20) -> 187.4 | G21: =SUM(G18:G20) -> 168 | H21: =SUM(H18:H20) -> 188.3 | I21: =SUM(I18:I20) -> 188.7 | K21: 通過台数_合計 | L21: =SUM(L18:L20) -> #DIV/0! | M21: =SUM(M18:M20) -> #DIV/0! | N21: =SUM(N18:N20) -> #DIV/0! | O21: =SUM(O18:O20) -> #DIV/0! | P21: =SUM(P18:P20) -> #DIV/0! | Q21: =SUM(Q18:Q20) -> #DIV/0! | R21: =SUM(R18:R20) -> #DIV/0!
B23: 500/500/500
C24: 1 | D24: 2 | E24: 3 | F24: 4 | G24: 5 | H24: 6 | I24: 7
C25: 全て受け入れ | D25: 道交法 | E25: 0.2 | F25: 0.4 | G25: 既存 | H25: 提案 | I25: 性能込み
B26: （Bus） | C26: =ROUND(AVERAGE(seed1!C26,seed2!C26,seed3!C26,seed4!C26,seed5!C26),4) -> #DIV/0! | D26: =ROUND(AVERAGE(seed1!D26,seed2!D26,seed3!D26,seed4!D26,seed5!D26),4) -> #DIV/0! | E26: =ROUND(AVERAGE(seed1!E26,seed2!E26,seed3!E26,seed4!E26,seed5!E26),4) -> #DIV/0! | F26: =ROUND(AVERAGE(seed1!F26,seed2!F26,seed3!F26,seed4!F26,seed5!F26),4) -> #DIV/0! | G26: =ROUND(AVERAGE(seed1!G26,seed2!G26,seed3!G26,seed4!G26,seed5!G26),4) -> #DIV/0! | H26: =ROUND(AVERAGE(seed1!H26,seed2!H26,seed3!H26,seed4!H26,seed5!H26),4) -> #DIV/0! | I26: =ROUND(AVERAGE(seed1!I26,seed2!I26,seed3!I26,seed4!I26,seed5!I26),4) -> #DIV/0!
B27: （Car） | C27: =ROUND(AVERAGE(seed1!C27,seed2!C27,seed3!C27,seed4!C27,seed5!C27),4) -> #DIV/0! | D27: =ROUND(AVERAGE(seed1!D27,seed2!D27,seed3!D27,seed4!D27,seed5!D27),4) -> #DIV/0! | E27: =ROUND(AVERAGE(seed1!E27,seed2!E27,seed3!E27,seed4!E27,seed5!E27),4) -> #DIV/0! | F27: =ROUND(AVERAGE(seed1!F27,seed2!F27,seed3!F27,seed4!F27,seed5!F27),4) -> #DIV/0! | G27: =ROUND(AVERAGE(seed1!G27,seed2!G27,seed3!G27,seed4!G27,seed5!G27),4) -> #DIV/0! | H27: =ROUND(AVERAGE(seed1!H27,seed2!H27,seed3!H27,seed4!H27,seed5!H27),4) -> #DIV/0! | I27: =ROUND(AVERAGE(seed1!I27,seed2!I27,seed3!I27,seed4!I27,seed5!I27),4) -> #DIV/0!
B28: 右折 | C28: =ROUND(AVERAGE(seed1!C28,seed2!C28,seed3!C28,seed4!C28,seed5!C28),4) -> #DIV/0! | D28: =ROUND(AVERAGE(seed1!D28,seed2!D28,seed3!D28,seed4!D28,seed5!D28),4) -> #DIV/0! | E28: =ROUND(AVERAGE(seed1!E28,seed2!E28,seed3!E28,seed4!E28,seed5!E28),4) -> #DIV/0! | F28: =ROUND(AVERAGE(seed1!F28,seed2!F28,seed3!F28,seed4!F28,seed5!F28),4) -> #DIV/0! | G28: =ROUND(AVERAGE(seed1!G28,seed2!G28,seed3!G28,seed4!G28,seed5!G28),4) -> #DIV/0! | H28: =ROUND(AVERAGE(seed1!H28,seed2!H28,seed3!H28,seed4!H28,seed5!H28),4) -> #DIV/0! | I28: =ROUND(AVERAGE(seed1!I28,seed2!I28,seed3!I28,seed4!I28,seed5!I28),4) -> #DIV/0!
B29: （Bus） | C29: =ROUND(AVERAGE(seed1!C29,seed2!C29,seed3!C29,seed4!C29,seed5!C29),4) -> #DIV/0! | D29: =ROUND(AVERAGE(seed1!D29,seed2!D29,seed3!D29,seed4!D29,seed5!D29),4) -> #DIV/0! | E29: =ROUND(AVERAGE(seed1!E29,seed2!E29,seed3!E29,seed4!E29,seed5!E29),4) -> #DIV/0! | F29: =ROUND(AVERAGE(seed1!F29,seed2!F29,seed3!F29,seed4!F29,seed5!F29),4) -> #DIV/0! | G29: =ROUND(AVERAGE(seed1!G29,seed2!G29,seed3!G29,seed4!G29,seed5!G29),4) -> #DIV/0! | H29: =ROUND(AVERAGE(seed1!H29,seed2!H29,seed3!H29,seed4!H29,seed5!H29),4) -> #DIV/0! | I29: =ROUND(AVERAGE(seed1!I29,seed2!I29,seed3!I29,seed4!I29,seed5!I29),4) -> #DIV/0!
B30: （Car） | C30: =ROUND(AVERAGE(seed1!C30,seed2!C30,seed3!C30,seed4!C30,seed5!C30),4) -> #DIV/0! | D30: =ROUND(AVERAGE(seed1!D30,seed2!D30,seed3!D30,seed4!D30,seed5!D30),4) -> #DIV/0! | E30: =ROUND(AVERAGE(seed1!E30,seed2!E30,seed3!E30,seed4!E30,seed5!E30),4) -> #DIV/0! | F30: =ROUND(AVERAGE(seed1!F30,seed2!F30,seed3!F30,seed4!F30,seed5!F30),4) -> #DIV/0! | G30: =ROUND(AVERAGE(seed1!G30,seed2!G30,seed3!G30,seed4!G30,seed5!G30),4) -> #DIV/0! | H30: =ROUND(AVERAGE(seed1!H30,seed2!H30,seed3!H30,seed4!H30,seed5!H30),4) -> #DIV/0! | I30: =ROUND(AVERAGE(seed1!I30,seed2!I30,seed3!I30,seed4!I30,seed5!I30),4) -> #DIV/0!
B31: 左折 | C31: =ROUND(AVERAGE(seed1!C31,seed2!C31,seed3!C31,seed4!C31,seed5!C31),4) -> #DIV/0! | D31: =ROUND(AVERAGE(seed1!D31,seed2!D31,seed3!D31,seed4!D31,seed5!D31),4) -> #DIV/0! | E31: =ROUND(AVERAGE(seed1!E31,seed2!E31,seed3!E31,seed4!E31,seed5!E31),4) -> #DIV/0! | F31: =ROUND(AVERAGE(seed1!F31,seed2!F31,seed3!F31,seed4!F31,seed5!F31),4) -> #DIV/0! | G31: =ROUND(AVERAGE(seed1!G31,seed2!G31,seed3!G31,seed4!G31,seed5!G31),4) -> #DIV/0! | H31: =ROUND(AVERAGE(seed1!H31,seed2!H31,seed3!H31,seed4!H31,seed5!H31),4) -> #DIV/0! | I31: =ROUND(AVERAGE(seed1!I31,seed2!I31,seed3!I31,seed4!I31,seed5!I31),4) -> #DIV/0!
B32: （Bus） | C32: =ROUND(AVERAGE(seed1!C32,seed2!C32,seed3!C32,seed4!C32,seed5!C32),4) -> #DIV/0! | D32: =ROUND(AVERAGE(seed1!D32,seed2!D32,seed3!D32,seed4!D32,seed5!D32),4) -> #DIV/0! | E32: =ROUND(AVERAGE(seed1!E32,seed2!E32,seed3!E32,seed4!E32,seed5!E32),4) -> #DIV/0! | F32: =ROUND(AVERAGE(seed1!F32,seed2!F32,seed3!F32,seed4!F32,seed5!F32),4) -> #DIV/0! | G32: =ROUND(AVERAGE(seed1!G32,seed2!G32,seed3!G32,seed4!G32,seed5!G32),4) -> #DIV/0! | H32: =ROUND(AVERAGE(seed1!H32,seed2!H32,seed3!H32,seed4!H32,seed5!H32),4) -> #DIV/0! | I32: =ROUND(AVERAGE(seed1!I32,seed2!I32,seed3!I32,seed4!I32,seed5!I32),4) -> #DIV/0!
B33: （Car） | C33: =ROUND(AVERAGE(seed1!C33,seed2!C33,seed3!C33,seed4!C33,seed5!C33),4) -> #DIV/0! | D33: =ROUND(AVERAGE(seed1!D33,seed2!D33,seed3!D33,seed4!D33,seed5!D33),4) -> #DIV/0! | E33: =ROUND(AVERAGE(seed1!E33,seed2!E33,seed3!E33,seed4!E33,seed5!E33),4) -> #DIV/0! | F33: =ROUND(AVERAGE(seed1!F33,seed2!F33,seed3!F33,seed4!F33,seed5!F33),4) -> #DIV/0! | G33: =ROUND(AVERAGE(seed1!G33,seed2!G33,seed3!G33,seed4!G33,seed5!G33),4) -> #DIV/0! | H33: =ROUND(AVERAGE(seed1!H33,seed2!H33,seed3!H33,seed4!H33,seed5!H33),4) -> #DIV/0! | I33: =ROUND(AVERAGE(seed1!I33,seed2!I33,seed3!I33,seed4!I33,seed5!I33),4) -> #DIV/0!
B34: 直進 | C34: =ROUND(AVERAGE(seed1!C34,seed2!C34,seed3!C34,seed4!C34,seed5!C34),4) -> #DIV/0! | D34: =ROUND(AVERAGE(seed1!D34,seed2!D34,seed3!D34,seed4!D34,seed5!D34),4) -> #DIV/0! | E34: =ROUND(AVERAGE(seed1!E34,seed2!E34,seed3!E34,seed4!E34,seed5!E34),4) -> #DIV/0! | F34: =ROUND(AVERAGE(seed1!F34,seed2!F34,seed3!F34,seed4!F34,seed5!F34),4) -> #DIV/0! | G34: =ROUND(AVERAGE(seed1!G34,seed2!G34,seed3!G34,seed4!G34,seed5!G34),4) -> #DIV/0! | H34: =ROUND(AVERAGE(seed1!H34,seed2!H34,seed3!H34,seed4!H34,seed5!H34),4) -> #DIV/0! | I34: =ROUND(AVERAGE(seed1!I34,seed2!I34,seed3!I34,seed4!I34,seed5!I34),4) -> #DIV/0!
B35: （Bus） | C35: =ROUND(AVERAGE(seed1!C35,seed2!C35,seed3!C35,seed4!C35,seed5!C35),4) -> #DIV/0! | D35: =ROUND(AVERAGE(seed1!D35,seed2!D35,seed3!D35,seed4!D35,seed5!D35),4) -> #DIV/0! | E35: =ROUND(AVERAGE(seed1!E35,seed2!E35,seed3!E35,seed4!E35,seed5!E35),4) -> #DIV/0! | F35: =ROUND(AVERAGE(seed1!F35,seed2!F35,seed3!F35,seed4!F35,seed5!F35),4) -> #DIV/0! | G35: =ROUND(AVERAGE(seed1!G35,seed2!G35,seed3!G35,seed4!G35,seed5!G35),4) -> #DIV/0! | H35: =ROUND(AVERAGE(seed1!H35,seed2!H35,seed3!H35,seed4!H35,seed5!H35),4) -> #DIV/0! | I35: =ROUND(AVERAGE(seed1!I35,seed2!I35,seed3!I35,seed4!I35,seed5!I35),4) -> #DIV/0!
B36: （Car） | C36: =ROUND(AVERAGE(seed1!C36,seed2!C36,seed3!C36,seed4!C36,seed5!C36),4) -> #DIV/0! | D36: =ROUND(AVERAGE(seed1!D36,seed2!D36,seed3!D36,seed4!D36,seed5!D36),4) -> #DIV/0! | E36: =ROUND(AVERAGE(seed1!E36,seed2!E36,seed3!E36,seed4!E36,seed5!E36),4) -> #DIV/0! | F36: =ROUND(AVERAGE(seed1!F36,seed2!F36,seed3!F36,seed4!F36,seed5!F36),4) -> #DIV/0! | G36: =ROUND(AVERAGE(seed1!G36,seed2!G36,seed3!G36,seed4!G36,seed5!G36),4) -> #DIV/0! | H36: =ROUND(AVERAGE(seed1!H36,seed2!H36,seed3!H36,seed4!H36,seed5!H36),4) -> #DIV/0! | I36: =ROUND(AVERAGE(seed1!I36,seed2!I36,seed3!I36,seed4!I36,seed5!I36),4) -> #DIV/0!
B37: 合計 | C37: =ROUND(AVERAGE(seed1!C37,seed2!C37,seed3!C37,seed4!C37,seed5!C37),4) -> #DIV/0! | D37: =ROUND(AVERAGE(seed1!D37,seed2!D37,seed3!D37,seed4!D37,seed5!D37),4) -> #DIV/0! | E37: =ROUND(AVERAGE(seed1!E37,seed2!E37,seed3!E37,seed4!E37,seed5!E37),4) -> #DIV/0! | F37: =ROUND(AVERAGE(seed1!F37,seed2!F37,seed3!F37,seed4!F37,seed5!F37),4) -> #DIV/0! | G37: =ROUND(AVERAGE(seed1!G37,seed2!G37,seed3!G37,seed4!G37,seed5!G37),4) -> #DIV/0! | H37: =ROUND(AVERAGE(seed1!H37,seed2!H37,seed3!H37,seed4!H37,seed5!H37),4) -> #DIV/0! | I37: =ROUND(AVERAGE(seed1!I37,seed2!I37,seed3!I37,seed4!I37,seed5!I37),4) -> #DIV/0!
B38: 交差点前_平均 | C38: =ROUND(AVERAGE(C28,C31,C34),4) -> #DIV/0! | D38: =ROUND(AVERAGE(D28,D31,D34),4) -> #DIV/0! | E38: =ROUND(AVERAGE(E28,E31,E34),4) -> #DIV/0! | F38: =ROUND(AVERAGE(F28,F31,F34),4) -> #DIV/0! | G38: =ROUND(AVERAGE(G28,G31,G34),4) -> #DIV/0! | H38: =ROUND(AVERAGE(H28,H31,H34),4) -> #DIV/0! | I38: =ROUND(AVERAGE(I28,I31,I34),4) -> #DIV/0!
B39: 通過台数_L | C39: =ROUND(AVERAGE(seed1!C39,seed2!C39,seed3!C39,seed4!C39,seed5!C39),1) -> #DIV/0! | D39: =ROUND(AVERAGE(seed1!D39,seed2!D39,seed3!D39,seed4!D39,seed5!D39),1) -> #DIV/0! | E39: =ROUND(AVERAGE(seed1!E39,seed2!E39,seed3!E39,seed4!E39,seed5!E39),1) -> #DIV/0! | F39: =ROUND(AVERAGE(seed1!F39,seed2!F39,seed3!F39,seed4!F39,seed5!F39),1) -> #DIV/0! | G39: =ROUND(AVERAGE(seed1!G39,seed2!G39,seed3!G39,seed4!G39,seed5!G39),1) -> #DIV/0! | H39: =ROUND(AVERAGE(seed1!H39,seed2!H39,seed3!H39,seed4!H39,seed5!H39),1) -> #DIV/0! | I39: =ROUND(AVERAGE(seed1!I39,seed2!I39,seed3!I39,seed4!I39,seed5!I39),1) -> #DIV/0!
B40: 通過台数_R | C40: =ROUND(AVERAGE(seed1!C40,seed2!C40,seed3!C40,seed4!C40,seed5!C40),1) -> #DIV/0! | D40: =ROUND(AVERAGE(seed1!D40,seed2!D40,seed3!D40,seed4!D40,seed5!D40),1) -> #DIV/0! | E40: =ROUND(AVERAGE(seed1!E40,seed2!E40,seed3!E40,seed4!E40,seed5!E40),1) -> #DIV/0! | F40: =ROUND(AVERAGE(seed1!F40,seed2!F40,seed3!F40,seed4!F40,seed5!F40),1) -> #DIV/0! | G40: =ROUND(AVERAGE(seed1!G40,seed2!G40,seed3!G40,seed4!G40,seed5!G40),1) -> #DIV/0! | H40: =ROUND(AVERAGE(seed1!H40,seed2!H40,seed3!H40,seed4!H40,seed5!H40),1) -> #DIV/0! | I40: =ROUND(AVERAGE(seed1!I40,seed2!I40,seed3!I40,seed4!I40,seed5!I40),1) -> #DIV/0!
B41: 通過台数_B | C41: =ROUND(AVERAGE(seed1!C41,seed2!C41,seed3!C41,seed4!C41,seed5!C41),1) -> #DIV/0! | D41: =ROUND(AVERAGE(seed1!D41,seed2!D41,seed3!D41,seed4!D41,seed5!D41),1) -> #DIV/0! | E41: =ROUND(AVERAGE(seed1!E41,seed2!E41,seed3!E41,seed4!E41,seed5!E41),1) -> #DIV/0! | F41: =ROUND(AVERAGE(seed1!F41,seed2!F41,seed3!F41,seed4!F41,seed5!F41),1) -> #DIV/0! | G41: =ROUND(AVERAGE(seed1!G41,seed2!G41,seed3!G41,seed4!G41,seed5!G41),1) -> #DIV/0! | H41: =ROUND(AVERAGE(seed1!H41,seed2!H41,seed3!H41,seed4!H41,seed5!H41),1) -> #DIV/0! | I41: =ROUND(AVERAGE(seed1!I41,seed2!I41,seed3!I41,seed4!I41,seed5!I41),1) -> #DIV/0!
B42: 通過台数_合計 | C42: =SUM(C39:C41) -> #DIV/0! | D42: =SUM(D39:D41) -> #DIV/0! | E42: =SUM(E39:E41) -> #DIV/0! | F42: =SUM(F39:F41) -> #DIV/0! | G42: =SUM(G39:G41) -> #DIV/0! | H42: =SUM(H39:H41) -> #DIV/0! | I42: =SUM(I39:I41) -> #DIV/0!
