Workbook

Sheet seed1
B2: 400/400/400 | D2: 120s | K2: 600/600/600
C3: 1 | D3: 2 | E3: 3 | F3: 4 | G3: 5 | H3: 6 | L3: 1 | M3: 2 | N3: 3 | O3: 4 | P3: 5 | Q3: 6
C4: 全て受け入れ | D4: 道交法 | E4: 0.2 | F4: 0.4 | G4: 既存 | H4: 提案 | L4: 全て受け入れ | M4: 道交法 | N4: 0.2 | O4: 0.4 | P4: 既存 | Q4: 提案
B5: 左折 | C5: 5.8856 | D5: 3.2997 | E5: 5.8146 | F5: 6.1801 | G5: 6.3742 | H5: 6.0179 | K5: 左折 | L5: 5.7139 | M5: 5.4055 | N5: 5.332 | O5: 5.3099 | P5: 5.6788 | Q5: 5.7947
B6: 右折 | C6: 6.5444 | D6: 3.8942 | E6: 6.2913 | F6: 6.3182 | G6: 6.1844 | H6: 6.1561 | K6: 右折 | L6: 4.2818 | M6: 5.3322 | N6: 5.8348 | O6: 5.9246 | P6: 6.3477 | Q6: 5.9491
B7: 直進 | C7: 5.8856 | D7: 5.9258 | E7: 9.598 | F7: 9.6476 | G7: 8.6253 | H7: 9.2995 | K7: 直進 | L7: 4.8733 | M7: 8.2905 | N7: 6.8261 | O7: 6.7739 | P7: 6.7013 | Q7: 7.0022
B8: 合計 | C8: 8.2207 | D8: 5.3744 | E8: 8.4861 | F8: 8.6623 | G8: 8.3668 | H8: 8.2076 | K8: 合計 | L8: 6.2954 | M8: 7.7693 | N8: 7.5332 | O8: 7.5903 | P8: 7.9182 | Q8: 7.9063
B12: 600/300/600
C13: 1 | D13: 2 | E13: 3 | F13: 4 | G13: 5 | H13: 6
C14: 全て受け入れ | D14: 道交法 | E14: 0.2 | F14: 0.4 | G14: 既存 | H14: 提案
B15: 左折 | C15: 6.2364 | D15: 4.765 | E15: 5.5842 | F15: 5.9704 | G15: 5.8496 | H15: 6.0466
B16: 右折 | C16: 6.4229 | D16: 6.3757 | E16: 6.6607 | F16: 6.4819 | G16: 6.4787 | H16: 6.3331
B17: 直進 | C17: 7.2965 | D17: 6.872 | E17: 5.9805 | F17: 8.5852 | G17: 7.3826 | H17: 8.3122
B18: 合計 | C18: 8.4136 | D18: 7.7609 | E18: 7.6929 | F18: 8.6452 | G18: 8.3268 | H18: 8.6304

Sheet seed2
B2: 400/400/400 | K2: 600/600/600
C3: 1 | D3: 2 | E3: 3 | F3: 4 | G3: 5 | H3: 6 | L3: 1 | M3: 2 | N3: 3 | O3: 4 | P3: 5 | Q3: 6
C4: 全て受け入れ | D4: 道交法 | E4: 0.2 | F4: 0.4 | G4: 既存 | H4: 提案 | L4: 全て受け入れ | M4: 道交法 | N4: 0.2 | O4: 0.4 | P4: 既存 | Q4: 提案
B5: 左折 | C5: 6.6186 | D5: 5.8066 | E5: 5.8055 | F5: 6.8273 | G5: 6.8396 | H5: 5.8882 | K5: 左折 | L5: 4.8312 | M5: 2.9956 | N5: 3.7648 | O5: 4.3861 | P5: 4.1743 | Q5: 4.0617
B6: 右折 | C6: 6.4429 | D6: 6.1081 | E6: 5.4236 | F6: 6.294 | G6: 6.4504 | H6: 6.1995 | K6: 右折 | L6: 4.5426 | M6: 2.2671 | N6: 3.5033 | O6: 3.8818 | P6: 3.9806 | Q6: 3.7502
B7: 直進 | C7: 7.674 | D7: 9.7749 | E7: 9.0617 | F7: 8.7955 | G7: 7.9896 | H7: 8.6499 | K7: 直進 | L7: 4.3913 | M7: 8.4148 | N7: 7.2515 | O7: 7.6702 | P7: 4.8445 | Q7: 6.863
B8: 合計 | C8: 8.4784 | D8: 8.3755 | E8: 7.9089 | F8: 8.6638 | G8: 8.6496 | H8: 8.422 | K8: 合計 | L8: 5.919 | M8: 5.6267 | N8: 6.265 | O8: 6.8232 | P8: 5.8268 | Q8: 6.3392
B12: 600/300/600
C13: 1 | D13: 2 | E13: 3 | F13: 4 | G13: 5 | H13: 6
C14: 全て受け入れ | D14: 道交法 | E14: 0.2 | F14: 0.4 | G14: 既存 | H14: 提案
B15: 左折 | C15: 5.9006 | D15: 4.6118 | E15: 5.4926 | F15: 5.5972 | G15: 5.6566 | H15: 5.1418
B16: 右折 | C16: 5.9137 | D16: 5.6544 | E16: 6.4695 | F16: 5.8512 | G16: 5.8843 | H16: 6.514
B17: 直進 | C17: 6.1346 | D17: 7.2896 | E17: 8.2799 | F17: 6.8611 | G17: 6.7014 | H17: 5.8844
B18: 合計 | C18: 7.6659 | D18: 7.5404 | E18: 8.5419 | F18: 7.8487 | G18: 7.7861 | H18: 7.3883

Sheet seed3
B2: 400/400/400 | K2: 600/600/600
C3: 1 | D3: 2 | E3: 3 | F3: 4 | G3: 5 | H3: 6 | L3: 1 | M3: 2 | N3: 3 | O3: 4 | P3: 5 | Q3: 6
C4: 全て受け入れ | D4: 道交法 | E4: 0.2 | F4: 0.4 | G4: 既存 | H4: 提案 | L4: 全て受け入れ | M4: 道交法 | N4: 0.2 | O4: 0.4 | P4: 既存 | Q4: 提案
B5: 左折 | C5: 6.3043 | D5: 5.9195 | E5: 5.5257 | F5: 5.8381 | G5: 6.162 | H5: 5.9208 | K5: 左折 | L5: 3.7619 | M5: 3.0834 | N5: 3.6015 | O5: 3.6708 | P5: 4.6695 | Q5: 4.9852
B6: 右折 | C6: 6.5743 | D6: 6.2461 | E6: 6.6996 | F6: 6.9166 | G6: 6.498 | H6: 6.9969 | K6: 右折 | L6: 5.2466 | M6: 4.2027 | N6: 4.2119 | O6: 5.1768 | P6: 5.0358 | Q6: 5.0231
B7: 直進 | C7: 8.6463 | D7: 9.6484 | E7: 9.2788 | F7: 9.7413 | G7: 8.5029 | H7: 8.3889 | K7: 直進 | L7: 4.8707 | M7: 6.527 | N7: 7.1389 | O7: 6.3194 | P7: 5.2758 | Q7: 5.2723
B8: 合計 | C8: 8.6955 | D8: 8.5921 | E8: 8.114 | F8: 8.6438 | G8: 8.4616 | H8: 8.4397 | K8: 合計 | L8: 5.8109 | M8: 5.4351 | N8: 5.9336 | O8: 6.1099 | P8: 6.4549 | Q8: 6.6455
B12: 600/300/600
C13: 1 | D13: 2 | E13: 3 | F13: 4 | G13: 5 | H13: 6
C14: 全て受け入れ | D14: 道交法 | E14: 0.2 | F14: 0.4 | G14: 既存 | H14: 提案
B15: 左折 | C15: 4.7342 | D15: 5.365 | E15: 5.0404 | F15: 5.4885 | G15: 5.3415 | H15: 5.5799
B16: 右折 | C16: 5.7507 | D16: 5.712 | E16: 6.7295 | F16: 6.2974 | G16: 5.73 | H16: 6.1859
B17: 直進 | C17: 5.4378 | D17: 7.7005 | E17: 7.3214 | F17: 7.2599 | G17: 6.4883 | H17: 7.0025
B18: 合計 | C18: 6.686 | D18: 7.6495 | E18: 7.6143 | F18: 7.6214 | G18: 7.3327 | H18: 7.7486

Sheet seed4
B2: 400/400/400 | K2: 600/600/600
C3: 1 | D3: 2 | E3: 3 | F3: 4 | G3: 5 | H3: 6 | L3: 1 | M3: 2 | N3: 3 | O3: 4 | P3: 5 | Q3: 6
C4: 全て受け入れ | D4: 道交法 | E4: 0.2 | F4: 0.4 | G4: 既存 | H4: 提案 | L4: 全て受け入れ | M4: 道交法 | N4: 0.2 | O4: 0.4 | P4: 既存 | Q4: 提案
B5: 左折 | C5: 6.7963 | D5: 4.2556 | E5: 5.0796 | F5: 6.1243 | G5: 6.1257 | H5: 6.2316 | K5: 左折 | L5: 4.7126 | M5: 2.9584 | N5: 2.9859 | O5: 3.0914 | P5: 3.2807 | Q5: 4.6748
B6: 右折 | C6: 5.4305 | D6: 5.3993 | E6: 6.2158 | F6: 6.1247 | G6: 6.2594 | H6: 6.1137 | K6: 右折 | L6: 3.2435 | M6: 3.6462 | N6: 4.6844 | O6: 4.5252 | P6: 3.0631 | Q6: 3.2456
B7: 直進 | C7: 7.6043 | D7: 8.4242 | E7: 10.6124 | F7: 10.1998 | G7: 8.8801 | H7: 9.9465 | K7: 直進 | L7: 3.2148 | M7: 5.2109 | N7: 3.8148 | O7: 4.0873 | P7: 3.4656 | Q7: 3.8444
B8: 合計 | C8: 8.3449 | D8: 7.445 | E8: 8.4117 | F8: 8.6693 | G8: 8.52 | H8: 8.7056 | K8: 合計 | L8: 5.0816 | M8: 5.2871 | N8: 5.0584 | O8: 5.2902 | P8: 4.5743 | Q8: 5.3089
B12: 600/300/600
C13: 1 | D13: 2 | E13: 3 | F13: 4 | G13: 5 | H13: 6
C14: 全て受け入れ | D14: 道交法 | E14: 0.2 | F14: 0.4 | G14: 既存 | H14: 提案
B15: 左折 | C15: 4.366 | D15: 3.6772 | E15: 4.8965 | F15: 5.336 | G15: 4.4932 | H15: 5.497
B16: 右折 | C16: 5.4239 | D16: 6.3561 | E16: 5.4836 | F16: 5.0661 | G16: 5.8467 | H16: 5.4343
B17: 直進 | C17: 4.653 | D17: 6.5599 | E17: 7.1546 | F17: 5.346 | G17: 5.9457 | H17: 6.3215
B18: 合計 | C18: 6.1603 | D18: 7.0664 | E18: 7.4878 | F18: 6.9095 | G18: 7.0098 | H18: 7.3371

Sheet seed5
B2: 400/400/400 | K2: 600/600/600
C3: 1 | D3: 2 | E3: 3 | F3: 4 | G3: 5 | H3: 6 | L3: 1 | M3: 2 | N3: 3 | O3: 4 | P3: 5 | Q3: 6
C4: 全て受け入れ | D4: 道交法 | E4: 0.2 | F4: 0.4 | G4: 既存 | H4: 提案 | L4: 全て受け入れ | M4: 道交法 | N4: 0.2 | O4: 0.4 | P4: 既存 | Q4: 提案
B5: 左折 | C5: 6.3824 | D5: 5.789 | E5: 6.212 | F5: 6.1791 | G5: 6.5672 | H5: 6.4519 | K5: 左折 | L5: 6.1031 | M5: 4.2424 | N5: 4.7381 | O5: 5.4845 | P5: 5.2915 | Q5: 5.6476
B6: 右折 | C6: 6.3946 | D6: 5.3282 | E6: 5.4998 | F6: 5.8648 | G6: 6.6314 | H6: 6.2031 | K6: 右折 | L6: 4.2198 | M6: 4.2882 | N6: 4.3997 | O6: 5.0381 | P6: 5.7476 | Q6: 5.8461
B7: 直進 | C7: 8.1803 | D7: 9.0644 | E7: 10.1258 | F7: 9.2393 | G7: 8.4634 | H7: 8.091 | K7: 直進 | L7: 4.0796 | M7: 6.9306 | N7: 7.315 | O7: 5.8131 | P7: 5.9427 | Q7: 7.154
B8: 合計 | C8: 8.5606 | D8: 8.1671 | E8: 8.873 | F8: 8.7209 | G8: 8.9979 | H8: 8.4454 | K8: 合計 | L8: 5.9767 | M8: 6.8226 | N8: 7.2006 | O8: 6.9834 | P8: 7.3694 | Q8: 7.9238
B12: 600/300/600
C13: 1 | D13: 2 | E13: 3 | F13: 4 | G13: 5 | H13: 6
C14: 全て受け入れ | D14: 道交法 | E14: 0.2 | F14: 0.4 | G14: 既存 | H14: 提案
B15: 左折 | C15: 5.9424 | D15: 3.7761 | E15: 3.7068 | F15: 4.6349 | G15: 5.3887 | H15: 5.1855
B16: 右折 | C16: 4.8062 | D16: 5.6429 | E16: 5.7023 | F16: 5.9136 | G16: 6.2162 | H16: 6.2083
B17: 直進 | C17: 5.7669 | D17: 5.3225 | E17: 5.3919 | F17: 6.0751 | G17: 6.7323 | H17: 6.3989
B18: 合計 | C18: 7.4294 | D18: 6.4787 | E18: 6.4788 | F18: 7.2608 | G18: 8.0149 | H18: 7.6309

Sheet 平均
B2: 400/400/400 | K2: 600/600/600
C3: 1 | D3: 2 | E3: 3 | F3: 4 | G3: 5 | H3: 6 | L3: 1 | M3: 2 | N3: 3 | O3: 4 | P3: 5 | Q3: 6
C4: 全て受け入れ | D4: 道交法 | E4: 0.2 | F4: 0.4 | G4: 既存 | H4: 提案 | L4: 全て受け入れ | M4: 道交法 | N4: 0.2 | O4: 0.4 | P4: 既存 | Q4: 提案
B5: 左折 | C5: =AVERAGE(seed1!C5,seed2!C5,seed3!C5,seed4!C5,seed5!C5) -> 6.39744 | D5: =AVERAGE(seed1!D5,seed2!D5,seed3!D5,seed4!D5,seed5!D5) -> 5.01408 | E5: =AVERAGE(seed1!E5,seed2!E5,seed3!E5,seed4!E5,seed5!E5) -> 5.68748 | F5: =AVERAGE(seed1!F5,seed2!F5,seed3!F5,seed4!F5,seed5!F5) -> 6.22978 | G5: =AVERAGE(seed1!G5,seed2!G5,seed3!G5,seed4!G5,seed5!G5) -> 6.41374 | H5: =AVERAGE(seed1!H5,seed2!H5,seed3!H5,seed4!H5,seed5!H5) -> 6.10208 | K5: 左折 | L5: =AVERAGE(seed1!L5,seed2!L5,seed3!L5,seed4!L5,seed5!L5) -> 5.02454 | M5: =AVERAGE(seed1!M5,seed2!M5,seed3!M5,seed4!M5,seed5!M5) -> 3.73706 | N5: =AVERAGE(seed1!N5,seed2!N5,seed3!N5,seed4!N5,seed5!N5) -> 4.08446 | O5: =AVERAGE(seed1!O5,seed2!O5,seed3!O5,seed4!O5,seed5!O5) -> 4.38854 | P5: =AVERAGE(seed1!P5,seed2!P5,seed3!P5,seed4!P5,seed5!P5) -> 4.61896 | Q5: =AVERAGE(seed1!Q5,seed2!Q5,seed3!Q5,seed4!Q5,seed5!Q5) -> 5.0328
B6: 右折 | C6: =AVERAGE(seed1!C6,seed2!C6,seed3!C6,seed4!C6,seed5!C6) -> 6.27734 | D6: =AVERAGE(seed1!D6,seed2!D6,seed3!D6,seed4!D6,seed5!D6) -> 5.39518 | E6: =AVERAGE(seed1!E6,seed2!E6,seed3!E6,seed4!E6,seed5!E6) -> 6.02602 | F6: =AVERAGE(seed1!F6,seed2!F6,seed3!F6,seed4!F6,seed5!F6) -> 6.30366 | G6: =AVERAGE(seed1!G6,seed2!G6,seed3!G6,seed4!G6,seed5!G6) -> 6.40472 | H6: =AVERAGE(seed1!H6,seed2!H6,seed3!H6,seed4!H6,seed5!H6) -> 6.33386 | K6: 右折 | L6: =AVERAGE(seed1!L6,seed2!L6,seed3!L6,seed4!L6,seed5!L6) -> 4.30686 | M6: =AVERAGE(seed1!M6,seed2!M6,seed3!M6,seed4!M6,seed5!M6) -> 3.94728 | N6: =AVERAGE(seed1!N6,seed2!N6,seed3!N6,seed4!N6,seed5!N6) -> 4.52682 | O6: =AVERAGE(seed1!O6,seed2!O6,seed3!O6,seed4!O6,seed5!O6) -> 4.9093 | P6: =AVERAGE(seed1!P6,seed2!P6,seed3!P6,seed4!P6,seed5!P6) -> 4.83496 | Q6: =AVERAGE(seed1!Q6,seed2!Q6,seed3!Q6,seed4!Q6,seed5!Q6) -> 4.76282
B7: 直進 | C7: =AVERAGE(seed1!C7,seed2!C7,seed3!C7,seed4!C7,seed5!C7) -> 7.5981 | D7: =AVERAGE(seed1!D7,seed2!D7,seed3!D7,seed4!D7,seed5!D7) -> 8.56754 | E7: =AVERAGE(seed1!E7,seed2!E7,seed3!E7,seed4!E7,seed5!E7) -> 9.73534 | F7: =AVERAGE(seed1!F7,seed2!F7,seed3!F7,seed4!F7,seed5!F7) -> 9.5247 | G7: =AVERAGE(seed1!G7,seed2!G7,seed3!G7,seed4!G7,seed5!G7) -> 8.49226 | H7: =AVERAGE(seed1!H7,seed2!H7,seed3!H7,seed4!H7,seed5!H7) -> 8.87516 | K7: 直進 | L7: =AVERAGE(seed1!L7,seed2!L7,seed3!L7,seed4!L7,seed5!L7) -> 4.28594 | M7: =AVERAGE(seed1!M7,seed2!M7,seed3!M7,seed4!M7,seed5!M7) -> 7.07476 | N7: =AVERAGE(seed1!N7,seed2!N7,seed3!N7,seed4!N7,seed5!N7) -> 6.46926 | O7: =AVERAGE(seed1!O7,seed2!O7,seed3!O7,seed4!O7,seed5!O7) -> 6.13278 | P7: =AVERAGE(seed1!P7,seed2!P7,seed3!P7,seed4!P7,seed5!P7) -> 5.24598 | Q7: =AVERAGE(seed1!Q7,seed2!Q7,seed3!Q7,seed4!Q7,seed5!Q7) -> 6.02718
B8: 合計 | C8: =AVERAGE(seed1!C8,seed2!C8,seed3!C8,seed4!C8,seed5!C8) -> 8.46002 | D8: =AVERAGE(seed1!D8,seed2!D8,seed3!D8,seed4!D8,seed5!D8) -> 7.59082 | E8: =AVERAGE(seed1!E8,seed2!E8,seed3!E8,seed4!E8,seed5!E8) -> 8.35874 | F8: =AVERAGE(seed1!F8,seed2!F8,seed3!F8,seed4!F8,seed5!F8) -> 8.67202 | G8: =AVERAGE(seed1!G8,seed2!G8,seed3!G8,seed4!G8,seed5!G8) -> 8.59918 | H8: =AVERAGE(seed1!H8,seed2!H8,seed3!H8,seed4!H8,seed5!H8) -> 8.44406 | K8: 合計 | L8: =AVERAGE(seed1!L8,seed2!L8,seed3!L8,seed4!L8,seed5!L8) -> 5.81672 | M8: =AVERAGE(seed1!M8,seed2!M8,seed3!M8,seed4!M8,seed5!M8) -> 6.18816 | N8: =AVERAGE(seed1!N8,seed2!N8,seed3!N8,seed4!N8,seed5!N8) -> 6.39816 | O8: =AVERAGE(seed1!O8,seed2!O8,seed3!O8,seed4!O8,seed5!O8) -> 6.5594 | P8: =AVERAGE(seed1!P8,seed2!P8,seed3!P8,seed4!P8,seed5!P8) -> 6.42872 | Q8: =AVERAGE(seed1!Q8,seed2!Q8,seed3!Q8,seed4!Q8,seed5!Q8) -> 6.82474
B10: 交差点前_平均 | C10: =AVERAGE(C5:C7) -> 6.7576267 | D10: =AVERAGE(D5:D7) -> 6.3256 | E10: =AVERAGE(E5:E7) -> 7.1496133 | F10: =AVERAGE(F5:F7) -> 7.3527133 | G10: =AVERAGE(G5:G7) -> 7.1035733 | H10: =AVERAGE(H5:H7) -> 7.1037 | K10: 交差点前_平均 | L10: =AVERAGE(L5:L7) -> 4.5391133 | M10: =AVERAGE(M5:M7) -> 4.9197 | N10: =AVERAGE(N5:N7) -> 5.0268467 | O10: =AVERAGE(O5:O7) -> 5.14354 | P10: =AVERAGE(P5:P7) -> 4.8999667 | Q10: =AVERAGE(Q5:Q7) -> 5.2742667
B12: 600/300/600
C13: 1 | D13: 2 | E13: 3 | F13: 4 | G13: 5 | H13: 6
C14: 全て受け入れ | D14: 道交法 | E14: 0.2 | F14: 0.4 | G14: 既存 | H14: 提案
B15: 左折 | C15: =AVERAGE(seed1!C15,seed2!C15,seed3!C15,seed4!C15,seed5!C15) -> 5.43592 | D15: =AVERAGE(seed1!D15,seed2!D15,seed3!D15,seed4!D15,seed5!D15) -> 4.43902 | E15: =AVERAGE(seed1!E15,seed2!E15,seed3!E15,seed4!E15,seed5!E15) -> 4.9441 | F15: =AVERAGE(seed1!F15,seed2!F15,seed3!F15,seed4!F15,seed5!F15) -> 5.4054 | G15: =AVERAGE(seed1!G15,seed2!G15,seed3!G15,seed4!G15,seed5!G15) -> 5.34592 | H15: =AVERAGE(seed1!H15,seed2!H15,seed3!H15,seed4!H15,seed5!H15) -> 5.49016
B16: 右折 | C16: =AVERAGE(seed1!C16,seed2!C16,seed3!C16,seed4!C16,seed5!C16) -> 5.66348 | D16: =AVERAGE(seed1!D16,seed2!D16,seed3!D16,seed4!D16,seed5!D16) -> 5.94822 | E16: =AVERAGE(seed1!E16,seed2!E16,seed3!E16,seed4!E16,seed5!E16) -> 6.20912 | F16: =AVERAGE(seed1!F16,seed2!F16,seed3!F16,seed4!F16,seed5!F16) -> 5.92204 | G16: =AVERAGE(seed1!G16,seed2!G16,seed3!G16,seed4!G16,seed5!G16) -> 6.03118 | H16: =AVERAGE(seed1!H16,seed2!H16,seed3!H16,seed4!H16,seed5!H16) -> 6.13512
B17: 直進 | C17: =AVERAGE(seed1!C17,seed2!C17,seed3!C17,seed4!C17,seed5!C17) -> 5.85776 | D17: =AVERAGE(seed1!D17,seed2!D17,seed3!D17,seed4!D17,seed5!D17) -> 6.7489 | E17: =AVERAGE(seed1!E17,seed2!E17,seed3!E17,seed4!E17,seed5!E17) -> 6.82566 | F17: =AVERAGE(seed1!F17,seed2!F17,seed3!F17,seed4!F17,seed5!F17) -> 6.82546 | G17: =AVERAGE(seed1!G17,seed2!G17,seed3!G17,seed4!G17,seed5!G17) -> 6.65006 | H17: =AVERAGE(seed1!H17,seed2!H17,seed3!H17,seed4!H17,seed5!H17) -> 6.7839
B18: 合計 | C18: =AVERAGE(seed1!C18,seed2!C18,seed3!C18,seed4!C18,seed5!C18) -> 7.27104 | D18: =AVERAGE(seed1!D18,seed2!D18,seed3!D18,seed4!D18,seed5!D18) -> 7.29918 | E18: =AVERAGE(seed1!E18,seed2!E18,seed3!E18,seed4!E18,seed5!E18) -> 7.56314 | F18: =AVERAGE(seed1!F18,seed2!F18,seed3!F18,seed4!F18,seed5!F18) -> 7.65712 | G18: =AVERAGE(seed1!G18,seed2!G18,seed3!G18,seed4!G18,seed5!G18) -> 7.69406 | H18: =AVERAGE(seed1!H18,seed2!H18,seed3!H18,seed4!H18,seed5!H18) -> 7.74706
B20: 交差点前_平均 | C20: =AVERAGE(C15:C17) -> 5.6523867 | D20: =AVERAGE(D15:D17) -> 5.7120467 | E20: =AVERAGE(E15:E17) -> 5.99296 | F20: =AVERAGE(F15:F17) -> 6.0509667 | G20: =AVERAGE(G15:G17) -> 6.0090533 | H20: =AVERAGE(H15:H17) -> 6.1363933
