Workbook

Sheet seed1
B2: 800/0/1000 | C2: 車種1種類 | K2: 600/600/600
C3: 1 | D3: 2 | E3: 3 | F3: 4 | G3: 5 | H3: 6 | L3: 1 | M3: 2 | N3: 3 | O3: 4 | P3: 5 | Q3: 6
C4: 全て受け入れ | D4: 道交法 | E4: 0.2 | F4: 0.4 | G4: 既存 | H4: 提案 | L4: 全て受け入れ | M4: 道交法 | N4: 0.2 | O4: 0.4 | P4: 既存 | Q4: 提案
B5: 右折 | K5: 直進
B6: 左折 | C6: 6.0582 | D6: 1.7515 | F6: 4.9801 | G6: 6.1849 | H6: 5.5993 | K6: 右折
B7: 直進 | C7: 8.4102 | D7: 4.8074 | F7: 7.9818 | G7: 8.7379 | H7: 8.4902 | K7: 左折
B8: 合計 | C8: 9.9986 | D8: 6.3743 | F8: 9.5352 | G8: 10.2528 | H8: 9.9622 | K8: 合計
B9: 左折台数 | C9: 39 | D9: 22 | F9: 39 | G9: 39 | H9: 39
B10: 直進台数 | C10: =125+128 -> 253 | D10: =70+131 -> 201 | F10: =125+131 -> 256 | G10: =125+131 -> 256 | H10: =124+131 -> 255
B13: 800/0/1000 | C13: 車種2種類
C14: 1 | D14: 2 | E14: 3 | F14: 4 | G14: 5 | H14: 6 | I14: 7
C15: 全て受け入れ | D15: 道交法 | E15: 0.2 | F15: 0.4 | G15: 既存 | H15: 提案 | I15: 性能込み
B16: （Bus） | C16: 6.1036 | D16: 2.3688 | E16: 2.6971 | F16: 4.3126 | G16: 6.0454 | H16: 5.6277 | I16: 5.6569
B17: （Car） | C17: 6.0994 | D17: 1.7634 | E17: 2.7638 | F17: 4.3201 | G17: 6.3462 | H17: 5.4887 | I17: 5.607
B18: 左折 | C18: 6.1001 | D18: 1.854 | E18: 2.7503 | F18: 4.3189 | G18: 6.2968 | H18: 5.5102 | I18: 5.6148
B19: （Bus） | C19: 7.179 | D19: 4.721 | E19: 5.6073 | F19: 7.2507 | G19: 7.4677 | H19: 7.4349 | I19: 7.354
B20: （Car） | C20: 7.9329 | D20: 4.6734 | E20: 5.2808 | F20: 6.4803 | G20: 8.0874 | H20: 7.9674 | I20: 7.8306
B21: 直進 | C21: 7.7344 | D21: 4.6844 | E21: 5.3548 | F21: 6.6535 | G21: 7.9267 | H21: 7.8304 | I21: 7.7085
B22: （Bus） | C22: 8.4024 | D22: 6.3739 | E22: 6.9929 | F22: 8.3334 | G22: 8.6206 | H22: 8.6662 | I22: 8.5408
B23: （Car） | C23: 9.2379 | D23: 6.0972 | E23: 6.9065 | F23: 8.0313 | G23: 9.2581 | H23: 9.1464 | I23: 9.0367
B24: 合計 | C24: 9.0276 | D24: 6.1595 | E24: 6.9267 | F24: 8.1009 | G24: 9.1006 | H24: 9.0291 | I24: 8.9154
B25: 左折台数 | C25: 38 | D25: 21 | E25: 28 | F25: 37 | G25: 38 | H25: 38 | I25: 38
B26: 直進台数 | C26: =126+131 -> 257 | D26: =72+131 -> 203 | E26: =91+131 -> 222 | F26: =118+131 -> 249 | G26: =126+131 -> 257 | H26: =126+131 -> 257 | I26: =126+131 -> 257

Sheet seed2
B2: 800/0/1000 | C2: 車種1種類 | K2: 600/600/600
C3: 1 | D3: 2 | E3: 3 | F3: 4 | G3: 5 | H3: 6 | L3: 1 | M3: 2 | N3: 3 | O3: 4 | P3: 5 | Q3: 6
C4: 全て受け入れ | D4: 道交法 | E4: 0.2 | F4: 0.4 | G4: 既存 | H4: 提案 | L4: 全て受け入れ | M4: 道交法 | N4: 0.2 | O4: 0.4 | P4: 既存 | Q4: 提案
B5: 右折 | K5: 直進
B6: 左折 | C6: 6.1937 | D6: 2.0091 | F6: 4.1525 | G6: 6.2089 | H6: 5.0056 | K6: 右折
B7: 直進 | C7: 8.3264 | D7: 4.945 | F7: 6.9198 | G7: 8.3463 | H7: 7.4042 | K7: 左折
B8: 合計 | C8: 9.9027 | D8: 6.512 | F8: 8.6484 | G8: 9.9679 | H8: 9.0787 | K8: 合計
B9: 左折台数 | C9: 42 | D9: 26 | F9: 40 | G9: 42 | H9: 42
B10: 直進台数 | C10: =118+128 -> 246 | D10: =69+131 -> 200 | F10: =118+131 -> 249 | G10: =120+128 -> 248 | H10: =118+129 -> 247
B13: 800/0/1000 | C13: 車種2種類
C14: 1 | D14: 2 | E14: 3 | F14: 4 | G14: 5 | H14: 6 | I14: 7
C15: 全て受け入れ | D15: 道交法 | E15: 0.2 | F15: 0.4 | G15: 既存 | H15: 提案 | I15: 性能込み
B16: （Bus） | C16: 6.1159 | D16: 1.3027 | E16: 3.0323 | F16: 3.4123 | G16: 5.4634 | H16: 4.8199 | I16: 4.81
B17: （Car） | C17: 6.3405 | D17: 1.2922 | E17: 2.5197 | F17: 3.2397 | G17: 5.3479 | H17: 5.2793 | I17: 5.3634
B18: 左折 | C18: 6.2979 | D18: 1.2949 | E18: 2.6081 | F18: 3.2699 | G18: 5.3688 | H18: 5.1884 | I18: 5.2523
B19: （Bus） | C19: 6.1491 | D19: 3.5426 | E19: 5.7584 | F19: 6.0756 | G19: 5.4864 | H19: 6.2969 | I19: 6.422
B20: （Car） | C20: 6.375 | D20: 4.1234 | E20: 4.8009 | F20: 5.235 | G20: 5.7361 | H20: 6.4072 | I20: 6.5576
B21: 直進 | C21: 6.3131 | D21: 3.9184 | E21: 5.0372 | F21: 5.4415 | G21: 5.6674 | H21: 6.3776 | I21: 6.5208
B22: （Bus） | C22: 7.6894 | D22: 4.8986 | E22: 6.9848 | F22: 7.3868 | G22: 7.109 | H22: 7.7312 | I22: 7.7427
B23: （Car） | C23: 8.1916 | D23: 5.271 | E23: 6.2325 | F23: 6.8463 | G23: 7.5872 | H23: 8.0774 | I23: 8.1957
B24: 合計 | C24: 8.0588 | D24: 5.1494 | E24: 6.421 | F24: 6.9789 | G24: 7.4606 | H24: 7.9874 | I24: 8.0769
B25: 左折台数 | C25: 49 | D25: 19 | E25: 38 | F25: 43 | G25: 49 | H25: 49 | I25: 49
B26: 直進台数 | C26: =114+130 -> 244 | D26: =39+130 -> 169 | E26: =81+130 -> 211 | F26: =94+130 -> 224 | G26: =112+127 -> 239 | H26: =110+127 -> 237 | I26: =113+130 -> 243

Sheet seed3
B2: 800/0/1000 | C2: 車種1種類 | K2: 600/600/600
C3: 1 | D3: 2 | E3: 3 | F3: 4 | G3: 5 | H3: 6 | L3: 1 | M3: 2 | N3: 3 | O3: 4 | P3: 5 | Q3: 6
C4: 全て受け入れ | D4: 道交法 | E4: 0.2 | F4: 0.4 | G4: 既存 | H4: 提案 | L4: 全て受け入れ | M4: 道交法 | N4: 0.2 | O4: 0.4 | P4: 既存 | Q4: 提案
B5: 右折 | K5: 直進
B6: 左折 | C6: 6.4326 | D6: 1.9963 | F6: 4.242 | G6: 5.7849 | H6: 4.8339 | K6: 右折
B7: 直進 | C7: 7.7191 | D7: 4.8433 | F7: 7.9393 | G7: 7.7989 | H7: 7.7183 | K7: 左折
B8: 合計 | C8: 9.5296 | D8: 6.578 | F8: 9.2665 | G8: 9.4803 | H8: 9.2281 | K8: 合計
B9: 左折台数 | C9: 42 | D9: 20 | F9: 38 | G9: 42 | H9: 42
B10: 直進台数 | C10: =119+128 -> 247 | D10: =68+130 -> 198 | F10: =107+130 -> 237 | G10: =113+124 -> 237 | H10: =112+125 -> 237
B13: 800/0/1000 | C13: 車種2種類
C14: 1 | D14: 2 | E14: 3 | F14: 4 | G14: 5 | H14: 6 | I14: 7
C15: 全て受け入れ | D15: 道交法 | E15: 0.2 | F15: 0.4 | G15: 既存 | H15: 提案 | I15: 性能込み
B16: （Bus） | C16: 5.2284 | D16: 1.5762 | F16: 3.4643 | G16: 5.2061 | H16: 5.5242 | I16: 5.6245
B17: （Car） | C17: 5.2741 | D17: 1.8949 | F17: 3.3646 | G17: 5.2012 | H17: 5.408 | I17: 5.72
B18: 左折 | C18: 5.2559 | D18: 1.7354 | F18: 3.4052 | G18: 5.2032 | H18: 5.4532 | I18: 5.682
B19: （Bus） | C19: 4.5778 | D19: 4.2861 | F19: 5.9051 | G19: 6.2434 | H19: 7.0703 | I19: 7.2678
B20: （Car） | C20: 4.6013 | D20: 4.589 | F20: 5.923 | G20: 6.3669 | H20: 6.5118 | I20: 6.9088
B21: 直進 | C21: 4.5955 | D21: 4.5143 | F21: 5.9186 | G21: 6.3366 | H21: 6.6392 | I21: 6.9923
B22: （Bus） | C22: 6.4459 | D22: 5.0152 | F22: 6.8265 | G22: 7.4915 | H22: 8.0615 | I22: 8.207
B23: （Car） | C23: 6.7553 | D23: 6.3192 | F23: 7.4956 | G23: 8.0892 | H23: 8.2641 | I23: 8.6217
B24: 合計 | C24: 6.6681 | D24: 5.9226 | F24: 7.3028 | G24: 7.9191 | H24: 8.2085 | I24: 8.506
B25: 左折台数 | C25: 48 | D25: 22 | F25: 39 | G25: 46 | H25: 48 | I25: 48
B26: 直進台数 | C26: =108+108 -> 216 | D26: =60+130 -> 190 | F26: =98+129 -> 227 | G26: =106+123 -> 229 | H26: =110+122 -> 232 | I26: =110+125 -> 235

Sheet seed4
B2: 400/400/400 | K2: 600/600/600
C3: 1 | D3: 2 | E3: 3 | F3: 4 | G3: 5 | H3: 6 | I3: 7 | L3: 1 | M3: 2 | N3: 3 | O3: 4 | P3: 5 | Q3: 6
C4: 全て受け入れ | D4: 道交法 | E4: 0.2 | F4: 0.4 | G4: 既存 | H4: 提案 | I4: 性能込み | L4: 全て受け入れ | M4: 道交法 | N4: 0.2 | O4: 0.4 | P4: 既存 | Q4: 提案
B5: 直進 | K5: 直進
B6: 右折 | K6: 右折
B7: 左折 | K7: 左折
B8: 合計 | K8: 合計
B13: 600/300/600
C14: 1 | D14: 2 | E14: 3 | F14: 4 | G14: 5 | H14: 6
C15: 全て受け入れ | D15: 道交法 | E15: 0.2 | F15: 0.4 | G15: 既存 | H15: 提案
B16: （Bus）
B17: （Car）
B18: 左折
B19: （Bus）
B20: （Car）
B21: 直進
B22: （Bus）
B23: （Car）
B24: 合計
B25: 左折台数
B26: 直進台数

Sheet seed5
B2: 400/400/400 | K2: 500/500/500
C3: 1 | D3: 2 | E3: 3 | F3: 4 | G3: 5 | H3: 6 | I3: 7 | L3: 1 | M3: 2 | N3: 3 | O3: 4 | P3: 5 | Q3: 6
C4: 全て受け入れ | D4: 道交法 | E4: 0.2 | F4: 0.4 | G4: 既存 | H4: 提案 | I4: 性能込み | L4: 全て受け入れ | M4: 道交法 | N4: 0.2 | O4: 0.4 | P4: 既存 | Q4: 提案
B5: 直進 | K5: 直進
B6: 右折 | K6: 右折
B7: 左折 | K7: 左折
B8: 合計 | K8: 合計
B13: 600/300/600
C14: 1 | D14: 2 | E14: 3 | F14: 4 | G14: 5 | H14: 6
C15: 全て受け入れ | D15: 道交法 | E15: 0.2 | F15: 0.4 | G15: 既存 | H15: 提案
B16: （Bus）
B17: （Car）
B18: 左折
B19: （Bus）
B20: （Car）
B21: 直進
B22: （Bus）
B23: （Car）
B24: 合計
B25: 左折台数
B26: 直進台数

Sheet 平均
B2: 800/0/1000 | C2: 車種1種類 | K2: 500/500/500
C3: 1 | D3: 2 | E3: 3 | F3: 4 | G3: 5 | H3: 6 | L3: 1 | M3: 2 | N3: 3 | O3: 4 | P3: 5 | Q3: 6
C4: 全て受け入れ | D4: 道交法 | E4: 0.2 | F4: 0.4 | G4: 既存 | H4: 提案 | L4: 全て受け入れ | M4: 道交法 | N4: 0.2 | O4: 0.4 | P4: 既存 | Q4: 提案
B5: 右折 | C5: =ROUND(AVERAGE(seed1!C5,seed2!C5,seed3!C5,seed4!C5,seed5!C5),4) -> #DIV/0! | D5: =ROUND(AVERAGE(seed1!D5,seed2!D5,seed3!D5,seed4!D5,seed5!D5),4) -> #DIV/0! | E5: =ROUND(AVERAGE(seed1!E5,seed2!E5,seed3!E5,seed4!E5,seed5!E5),4) -> #DIV/0! | F5: =ROUND(AVERAGE(seed1!F5,seed2!F5,seed3!F5,seed4!F5,seed5!F5),4) -> #DIV/0! | G5: =ROUND(AVERAGE(seed1!G5,seed2!G5,seed3!G5,seed4!G5,seed5!G5),4) -> #DIV/0! | H5: =ROUND(AVERAGE(seed1!H5,seed2!H5,seed3!H5,seed4!H5,seed5!H5),4) -> #DIV/0! | K5: 直進 | L5: =AVERAGE(seed1!L5,seed2!L5,seed3!L5,seed4!L5,seed5!L5) -> #DIV/0! | M5: =AVERAGE(seed1!M5,seed2!M5,seed3!M5,seed4!M5,seed5!M5) -> #DIV/0! | N5: =AVERAGE(seed1!N5,seed2!N5,seed3!N5,seed4!N5,seed5!N5) -> #DIV/0! | O5: =AVERAGE(seed1!O5,seed2!O5,seed3!O5,seed4!O5,seed5!O5) -> #DIV/0! | P5: =AVERAGE(seed1!P5,seed2!P5,seed3!P5,seed4!P5,seed5!P5) -> #DIV/0! | Q5: =AVERAGE(seed1!Q5,seed2!Q5,seed3!Q5,seed4!Q5,seed5!Q5) -> #DIV/0!
B6: 左折 | C6: =ROUND(AVERAGE(seed1!C6,seed2!C6,seed3!C6,seed4!C6,seed5!C6),4) -> 6.2282 | D6: =ROUND(AVERAGE(seed1!D6,seed2!D6,seed3!D6,seed4!D6,seed5!D6),4) -> 1.919 | E6: =ROUND(AVERAGE(seed1!E6,seed2!E6,seed3!E6,seed4!E6,seed5!E6),4) -> #DIV/0! | F6: =ROUND(AVERAGE(seed1!F6,seed2!F6,seed3!F6,seed4!F6,seed5!F6),4) -> 4.4582 | G6: =ROUND(AVERAGE(seed1!G6,seed2!G6,seed3!G6,seed4!G6,seed5!G6),4) -> 6.0596 | H6: =ROUND(AVERAGE(seed1!H6,seed2!H6,seed3!H6,seed4!H6,seed5!H6),4) -> 5.1463 | K6: 右折 | L6: =AVERAGE(seed1!L6,seed2!L6,seed3!L6,seed4!L6,seed5!L6) -> #DIV/0! | M6: =AVERAGE(seed1!M6,seed2!M6,seed3!M6,seed4!M6,seed5!M6) -> #DIV/0! | N6: =AVERAGE(seed1!N6,seed2!N6,seed3!N6,seed4!N6,seed5!N6) -> #DIV/0! | O6: =AVERAGE(seed1!O6,seed2!O6,seed3!O6,seed4!O6,seed5!O6) -> #DIV/0! | P6: =AVERAGE(seed1!P6,seed2!P6,seed3!P6,seed4!P6,seed5!P6) -> #DIV/0! | Q6: =AVERAGE(seed1!Q6,seed2!Q6,seed3!Q6,seed4!Q6,seed5!Q6) -> #DIV/0!
B7: 直進 | C7: =ROUND(AVERAGE(seed1!C7,seed2!C7,seed3!C7,seed4!C7,seed5!C7),4) -> 8.1519 | D7: =ROUND(AVERAGE(seed1!D7,seed2!D7,seed3!D7,seed4!D7,seed5!D7),4) -> 4.8652 | E7: =ROUND(AVERAGE(seed1!E7,seed2!E7,seed3!E7,seed4!E7,seed5!E7),4) -> #DIV/0! | F7: =ROUND(AVERAGE(seed1!F7,seed2!F7,seed3!F7,seed4!F7,seed5!F7),4) -> 7.6136 | G7: =ROUND(AVERAGE(seed1!G7,seed2!G7,seed3!G7,seed4!G7,seed5!G7),4) -> 8.2944 | H7: =ROUND(AVERAGE(seed1!H7,seed2!H7,seed3!H7,seed4!H7,seed5!H7),4) -> 7.8709 | K7: 左折 | L7: =AVERAGE(seed1!L7,seed2!L7,seed3!L7,seed4!L7,seed5!L7) -> #DIV/0! | M7: =AVERAGE(seed1!M7,seed2!M7,seed3!M7,seed4!M7,seed5!M7) -> #DIV/0! | N7: =AVERAGE(seed1!N7,seed2!N7,seed3!N7,seed4!N7,seed5!N7) -> #DIV/0! | O7: =AVERAGE(seed1!O7,seed2!O7,seed3!O7,seed4!O7,seed5!O7) -> #DIV/0! | P7: =AVERAGE(seed1!P7,seed2!P7,seed3!P7,seed4!P7,seed5!P7) -> #DIV/0! | Q7: =AVERAGE(seed1!Q7,seed2!Q7,seed3!Q7,seed4!Q7,seed5!Q7) -> #DIV/0!
B8: 合計 | C8: =ROUND(AVERAGE(seed1!C8,seed2!C8,seed3!C8,seed4!C8,seed5!C8),4) -> 9.8103 | D8: =ROUND(AVERAGE(seed1!D8,seed2!D8,seed3!D8,seed4!D8,seed5!D8),4) -> 6.4881 | E8: =ROUND(AVERAGE(seed1!E8,seed2!E8,seed3!E8,seed4!E8,seed5!E8),4) -> #DIV/0! | F8: =ROUND(AVERAGE(seed1!F8,seed2!F8,seed3!F8,seed4!F8,seed5!F8),4) -> 9.15 | G8: =ROUND(AVERAGE(seed1!G8,seed2!G8,seed3!G8,seed4!G8,seed5!G8),4) -> 9.9003 | H8: =ROUND(AVERAGE(seed1!H8,seed2!H8,seed3!H8,seed4!H8,seed5!H8),4) -> 9.423 | K8: 合計 | L8: =AVERAGE(seed1!L8,seed2!L8,seed3!L8,seed4!L8,seed5!L8) -> #DIV/0! | M8: =AVERAGE(seed1!M8,seed2!M8,seed3!M8,seed4!M8,seed5!M8) -> #DIV/0! | N8: =AVERAGE(seed1!N8,seed2!N8,seed3!N8,seed4!N8,seed5!N8) -> #DIV/0! | O8: =AVERAGE(seed1!O8,seed2!O8,seed3!O8,seed4!O8,seed5!O8) -> #DIV/0! | P8: =AVERAGE(seed1!P8,seed2!P8,seed3!P8,seed4!P8,seed5!P8) -> #DIV/0! | Q8: =AVERAGE(seed1!Q8,seed2!Q8,seed3!Q8,seed4!Q8,seed5!Q8) -> #DIV/0!
B9: 左折台数 | C9: =ROUND(AVERAGE(seed1!C9,seed2!C9,seed3!C9,seed4!C9,seed5!C9),1) -> 41 | D9: =ROUND(AVERAGE(seed1!D9,seed2!D9,seed3!D9,seed4!D9,seed5!D9),1) -> 22.7 | E9: =ROUND(AVERAGE(seed1!E9,seed2!E9,seed3!E9,seed4!E9,seed5!E9),1) -> #DIV/0! | F9: =ROUND(AVERAGE(seed1!F9,seed2!F9,seed3!F9,seed4!F9,seed5!F9),1) -> 39 | G9: =ROUND(AVERAGE(seed1!G9,seed2!G9,seed3!G9,seed4!G9,seed5!G9),1) -> 41 | H9: =ROUND(AVERAGE(seed1!H9,seed2!H9,seed3!H9,seed4!H9,seed5!H9),1) -> 41
B10: 直進台数 | C10: =ROUND(AVERAGE(seed1!C10,seed2!C10,seed3!C10,seed4!C10,seed5!C10),1) -> 248.7 | D10: =ROUND(AVERAGE(seed1!D10,seed2!D10,seed3!D10,seed4!D10,seed5!D10),1) -> 199.7 | E10: =ROUND(AVERAGE(seed1!E10,seed2!E10,seed3!E10,seed4!E10,seed5!E10),1) -> #DIV/0! | F10: =ROUND(AVERAGE(seed1!F10,seed2!F10,seed3!F10,seed4!F10,seed5!F10),1) -> 247.3 | G10: =ROUND(AVERAGE(seed1!G10,seed2!G10,seed3!G10,seed4!G10,seed5!G10),1) -> 247 | H10: =ROUND(AVERAGE(seed1!H10,seed2!H10,seed3!H10,seed4!H10,seed5!H10),1) -> 246.3 | K10: 交差点前_平均 | L10: =AVERAGE(L5:L7) -> #DIV/0! | M10: =AVERAGE(M5:M7) -> #DIV/0! | N10: =AVERAGE(N5:N7) -> #DIV/0! | O10: =AVERAGE(O5:O7) -> #DIV/0! | P10: =AVERAGE(P5:P7) -> #DIV/0! | Q10: =AVERAGE(Q5:Q7) -> #DIV/0!
B11: 交差点前_平均 | C11: =ROUND(AVERAGE(C6:C7),4) -> 7.1901 | D11: =ROUND(AVERAGE(D6:D7),4) -> 3.3921 | E11: =ROUND(AVERAGE(E6:E7),4) -> #DIV/0! | F11: =ROUND(AVERAGE(F6:F7),4) -> 6.0359 | G11: =ROUND(AVERAGE(G6:G7),4) -> 7.177 | H11: =ROUND(AVERAGE(H6:H7),4) -> 6.5086
B13: 800/0/1000 | C13: 車種2種類
C14: 1 | D14: 2 | E14: 3 | F14: 4 | G14: 5 | H14: 6 | I14: 7
C15: 全て受け入れ | D15: 道交法 | E15: 0.2 | F15: 0.4 | G15: 既存 | H15: 提案 | I15: 性能込み
B16: （Bus） | C16: =ROUND(AVERAGE(seed1!C16,seed2!C16,seed3!C16,seed4!C16,seed5!C16),4) -> 5.816 | D16: =ROUND(AVERAGE(seed1!D16,seed2!D16,seed3!D16,seed4!D16,seed5!D16),4) -> 1.7492 | E16: =ROUND(AVERAGE(seed1!E16,seed2!E16,seed3!E16,seed4!E16,seed5!E16),4) -> 2.8647 | F16: =ROUND(AVERAGE(seed1!F16,seed2!F16,seed3!F16,seed4!F16,seed5!F16),4) -> 3.7297 | G16: =ROUND(AVERAGE(seed1!G16,seed2!G16,seed3!G16,seed4!G16,seed5!G16),4) -> 5.5716 | H16: =ROUND(AVERAGE(seed1!H16,seed2!H16,seed3!H16,seed4!H16,seed5!H16),4) -> 5.3239 | I16: =AVERAGE(seed1!I16,seed2!I16,seed3!I16,seed4!I16,seed5!I16) -> 5.3638
B17: （Car） | C17: =ROUND(AVERAGE(seed1!C17,seed2!C17,seed3!C17,seed4!C17,seed5!C17),4) -> 5.9047 | D17: =ROUND(AVERAGE(seed1!D17,seed2!D17,seed3!D17,seed4!D17,seed5!D17),4) -> 1.6502 | E17: =ROUND(AVERAGE(seed1!E17,seed2!E17,seed3!E17,seed4!E17,seed5!E17),4) -> 2.6418 | F17: =ROUND(AVERAGE(seed1!F17,seed2!F17,seed3!F17,seed4!F17,seed5!F17),4) -> 3.6415 | G17: =ROUND(AVERAGE(seed1!G17,seed2!G17,seed3!G17,seed4!G17,seed5!G17),4) -> 5.6318 | H17: =ROUND(AVERAGE(seed1!H17,seed2!H17,seed3!H17,seed4!H17,seed5!H17),4) -> 5.392 | I17: =AVERAGE(seed1!I17,seed2!I17,seed3!I17,seed4!I17,seed5!I17) -> 5.5634667
B18: 左折 | C18: =ROUND(AVERAGE(seed1!C18,seed2!C18,seed3!C18,seed4!C18,seed5!C18),4) -> 5.8846 | D18: =ROUND(AVERAGE(seed1!D18,seed2!D18,seed3!D18,seed4!D18,seed5!D18),4) -> 1.6281 | E18: =ROUND(AVERAGE(seed1!E18,seed2!E18,seed3!E18,seed4!E18,seed5!E18),4) -> 2.6792 | F18: =ROUND(AVERAGE(seed1!F18,seed2!F18,seed3!F18,seed4!F18,seed5!F18),4) -> 3.6647 | G18: =ROUND(AVERAGE(seed1!G18,seed2!G18,seed3!G18,seed4!G18,seed5!G18),4) -> 5.6229 | H18: =ROUND(AVERAGE(seed1!H18,seed2!H18,seed3!H18,seed4!H18,seed5!H18),4) -> 5.3839 | I18: =AVERAGE(seed1!I18,seed2!I18,seed3!I18,seed4!I18,seed5!I18) -> 5.5163667
B19: （Bus） | C19: =ROUND(AVERAGE(seed1!C19,seed2!C19,seed3!C19,seed4!C19,seed5!C19),4) -> 5.9686 | D19: =ROUND(AVERAGE(seed1!D19,seed2!D19,seed3!D19,seed4!D19,seed5!D19),4) -> 4.1832 | E19: =ROUND(AVERAGE(seed1!E19,seed2!E19,seed3!E19,seed4!E19,seed5!E19),4) -> 5.6829 | F19: =ROUND(AVERAGE(seed1!F19,seed2!F19,seed3!F19,seed4!F19,seed5!F19),4) -> 6.4105 | G19: =ROUND(AVERAGE(seed1!G19,seed2!G19,seed3!G19,seed4!G19,seed5!G19),4) -> 6.3992 | H19: =ROUND(AVERAGE(seed1!H19,seed2!H19,seed3!H19,seed4!H19,seed5!H19),4) -> 6.934 | I19: =AVERAGE(seed1!I19,seed2!I19,seed3!I19,seed4!I19,seed5!I19) -> 7.0146
B20: （Car） | C20: =ROUND(AVERAGE(seed1!C20,seed2!C20,seed3!C20,seed4!C20,seed5!C20),4) -> 6.3031 | D20: =ROUND(AVERAGE(seed1!D20,seed2!D20,seed3!D20,seed4!D20,seed5!D20),4) -> 4.4619 | E20: =ROUND(AVERAGE(seed1!E20,seed2!E20,seed3!E20,seed4!E20,seed5!E20),4) -> 5.0409 | F20: =ROUND(AVERAGE(seed1!F20,seed2!F20,seed3!F20,seed4!F20,seed5!F20),4) -> 5.8794 | G20: =ROUND(AVERAGE(seed1!G20,seed2!G20,seed3!G20,seed4!G20,seed5!G20),4) -> 6.7301 | H20: =ROUND(AVERAGE(seed1!H20,seed2!H20,seed3!H20,seed4!H20,seed5!H20),4) -> 6.9621 | I20: =AVERAGE(seed1!I20,seed2!I20,seed3!I20,seed4!I20,seed5!I20) -> 7.099
B21: 直進 | C21: =ROUND(AVERAGE(seed1!C21,seed2!C21,seed3!C21,seed4!C21,seed5!C21),4) -> 6.2143 | D21: =ROUND(AVERAGE(seed1!D21,seed2!D21,seed3!D21,seed4!D21,seed5!D21),4) -> 4.3724 | E21: =ROUND(AVERAGE(seed1!E21,seed2!E21,seed3!E21,seed4!E21,seed5!E21),4) -> 5.196 | F21: =ROUND(AVERAGE(seed1!F21,seed2!F21,seed3!F21,seed4!F21,seed5!F21),4) -> 6.0045 | G21: =ROUND(AVERAGE(seed1!G21,seed2!G21,seed3!G21,seed4!G21,seed5!G21),4) -> 6.6436 | H21: =ROUND(AVERAGE(seed1!H21,seed2!H21,seed3!H21,seed4!H21,seed5!H21),4) -> 6.9491 | I21: =AVERAGE(seed1!I21,seed2!I21,seed3!I21,seed4!I21,seed5!I21) -> 7.0738667
B22: （Bus） | C22: =ROUND(AVERAGE(seed1!C22,seed2!C22,seed3!C22,seed4!C22,seed5!C22),4) -> 7.5126 | D22: =ROUND(AVERAGE(seed1!D22,seed2!D22,seed3!D22,seed4!D22,seed5!D22),4) -> 5.4292 | E22: =ROUND(AVERAGE(seed1!E22,seed2!E22,seed3!E22,seed4!E22,seed5!E22),4) -> 6.9889 | F22: =ROUND(AVERAGE(seed1!F22,seed2!F22,seed3!F22,seed4!F22,seed5!F22),4) -> 7.5156 | G22: =ROUND(AVERAGE(seed1!G22,seed2!G22,seed3!G22,seed4!G22,seed5!G22),4) -> 7.7404 | H22: =ROUND(AVERAGE(seed1!H22,seed2!H22,seed3!H22,seed4!H22,seed5!H22),4) -> 8.153 | I22: =AVERAGE(seed1!I22,seed2!I22,seed3!I22,seed4!I22,seed5!I22) -> 8.1635
B23: （Car） | C23: =ROUND(AVERAGE(seed1!C23,seed2!C23,seed3!C23,seed4!C23,seed5!C23),4) -> 8.0616 | D23: =ROUND(AVERAGE(seed1!D23,seed2!D23,seed3!D23,seed4!D23,seed5!D23),4) -> 5.8958 | E23: =ROUND(AVERAGE(seed1!E23,seed2!E23,seed3!E23,seed4!E23,seed5!E23),4) -> 6.5695 | F23: =ROUND(AVERAGE(seed1!F23,seed2!F23,seed3!F23,seed4!F23,seed5!F23),4) -> 7.4577 | G23: =ROUND(AVERAGE(seed1!G23,seed2!G23,seed3!G23,seed4!G23,seed5!G23),4) -> 8.3115 | H23: =ROUND(AVERAGE(seed1!H23,seed2!H23,seed3!H23,seed4!H23,seed5!H23),4) -> 8.496 | I23: =AVERAGE(seed1!I23,seed2!I23,seed3!I23,seed4!I23,seed5!I23) -> 8.6180333
B24: 合計 | C24: =ROUND(AVERAGE(seed1!C24,seed2!C24,seed3!C24,seed4!C24,seed5!C24),4) -> 7.9182 | D24: =ROUND(AVERAGE(seed1!D24,seed2!D24,seed3!D24,seed4!D24,seed5!D24),4) -> 5.7438 | E24: =ROUND(AVERAGE(seed1!E24,seed2!E24,seed3!E24,seed4!E24,seed5!E24),4) -> 6.6739 | F24: =ROUND(AVERAGE(seed1!F24,seed2!F24,seed3!F24,seed4!F24,seed5!F24),4) -> 7.4609 | G24: =ROUND(AVERAGE(seed1!G24,seed2!G24,seed3!G24,seed4!G24,seed5!G24),4) -> 8.1601 | H24: =ROUND(AVERAGE(seed1!H24,seed2!H24,seed3!H24,seed4!H24,seed5!H24),4) -> 8.4083 | I24: =AVERAGE(seed1!I24,seed2!I24,seed3!I24,seed4!I24,seed5!I24) -> 8.4994333
B25: 左折台数 | C25: =ROUND(AVERAGE(seed1!C25,seed2!C25,seed3!C25,seed4!C25,seed5!C25),1) -> 45 | D25: =ROUND(AVERAGE(seed1!D25,seed2!D25,seed3!D25,seed4!D25,seed5!D25),1) -> 20.7 | E25: =ROUND(AVERAGE(seed1!E25,seed2!E25,seed3!E25,seed4!E25,seed5!E25),1) -> 33 | F25: =ROUND(AVERAGE(seed1!F25,seed2!F25,seed3!F25,seed4!F25,seed5!F25),1) -> 39.7 | G25: =ROUND(AVERAGE(seed1!G25,seed2!G25,seed3!G25,seed4!G25,seed5!G25),1) -> 44.3 | H25: =ROUND(AVERAGE(seed1!H25,seed2!H25,seed3!H25,seed4!H25,seed5!H25),1) -> 45 | I25: =ROUND(AVERAGE(seed1!I25,seed2!I25,seed3!I25,seed4!I25,seed5!I25),1) -> 45
B26: 直進台数 | C26: =ROUND(AVERAGE(seed1!C26,seed2!C26,seed3!C26,seed4!C26,seed5!C26),1) -> 239 | D26: =ROUND(AVERAGE(seed1!D26,seed2!D26,seed3!D26,seed4!D26,seed5!D26),1) -> 187.3 | E26: =ROUND(AVERAGE(seed1!E26,seed2!E26,seed3!E26,seed4!E26,seed5!E26),1) -> 216.5 | F26: =ROUND(AVERAGE(seed1!F26,seed2!F26,seed3!F26,seed4!F26,seed5!F26),1) -> 233.3 | G26: =ROUND(AVERAGE(seed1!G26,seed2!G26,seed3!G26,seed4!G26,seed5!G26),1) -> 241.7 | H26: =ROUND(AVERAGE(seed1!H26,seed2!H26,seed3!H26,seed4!H26,seed5!H26),1) -> 242 | I26: =ROUND(AVERAGE(seed1!I26,seed2!I26,seed3!I26,seed4!I26,seed5!I26),1) -> 245
B27: 交差点前_平均 | C27: =ROUND(AVERAGE(C18,C21),4) -> 6.0495 | D27: =ROUND(AVERAGE(D18,D21),4) -> 3.0003 | E27: =ROUND(AVERAGE(E18,E21),4) -> 3.9376 | F27: =ROUND(AVERAGE(F18,F21),4) -> 4.8346 | G27: =ROUND(AVERAGE(G18,G21),4) -> 6.1333 | H27: =ROUND(AVERAGE(H18,H21),4) -> 6.1665 | I27: =ROUND(AVERAGE(I18,I21),4) -> 6.2951
