Workbook

Sheet seed1
B2: 400/400/400 | I2: 4.2.3 | K2: 600/600/600
C3: 1 | D3: 2 | E3: 3 | F3: 4 | G3: 5 | H3: 6 | I3: 7 | L3: 1 | M3: 2 | N3: 3 | O3: 4 | P3: 5 | Q3: 6
C4: 全て受け入れ | D4: 道交法 | E4: 0.2 | F4: 0.4 | G4: 既存 | H4: 提案 | I4: 性能込み | L4: 全て受け入れ | M4: 道交法 | N4: 0.2 | O4: 0.4 | P4: 既存 | Q4: 提案
B5: 直進 | C5: 6.5309 | D5: 5.685 | E5: 5.5847 | F5: 5.9286 | G5: 6.2138 | H5: 4.8969 | I5: 5.8871 | K5: 直進
B6: （Bus） | C6: 6.4717 | D6: 6.5747 | E6: 6.1846 | F6: 6.0554 | G6: 6.5858 | H6: 5.9413 | I6: 5.8015 | K6: （Bus）
B7: （Car） | C7: 6.6126 | D7: 4.798 | E7: 4.9428 | F7: 5.7642 | G7: 5.7796 | H7: 3.8872 | I7: 6.0058 | K7: （Car）
B8: 右折 | C8: 6.3673 | D8: 5.5169 | E8: 6.0396 | F8: 6.054 | G8: 6.2047 | H8: 5.2204 | I8: 6.3326 | K8: 右折
B9: （Bus） | C9: 6.5969 | D9: 5.6859 | E9: 6.2333 | F9: 6.0438 | G9: 6.3168 | H9: 5.5682 | I9: 6.3023 | K9: （Bus）
B10: （Car） | C10: 6.0686 | D10: 5.298 | E10: 5.7876 | F10: 6.0683 | G10: 6.0556 | H10: 4.7941 | I10: 6.3747 | K10: （Car）
B11: 左折 | C11: 6.3529 | D11: 9.7824 | E11: 8.8501 | F11: 9.0134 | G11: 7.1294 | H11: 8.5919 | I11: 8.1872 | K11: 左折
B12: （Bus） | C12: 5.7953 | D12: 8.8355 | E12: 8.3859 | F12: 8.4165 | G12: 6.7814 | H12: 8.0559 | I12: 7.6344 | K12: （Bus）
B13: （Car） | C13: 6.8957 | D13: 10.7251 | E13: 9.2713 | F13: 9.5732 | G13: 7.4419 | H13: 9.0828 | I13: 8.7024 | K13: （Car）
B14: 合計 | C14: 7.6727 | D14: 7.9655 | E14: 7.8352 | F14: 7.8714 | G14: 7.9193 | H14: 7.0931 | I14: 8.1386 | K14: 合計
B15: （Bus） | C15: 7.3574 | D15: 7.8729 | E15: 7.7693 | F15: 7.5574 | G15: 7.7309 | H15: 7.2019 | I15: 7.7679 | K15: （Bus）
B16: （Car） | C16: 8.0658 | D16: 8.0816 | E16: 7.9152 | F16: 8.2705 | G16: 8.1477 | H16: 6.9569 | I16: 8.5983 | K16: （Car）
B20: 600/300/600
C21: 1 | D21: 2 | E21: 3 | F21: 4 | G21: 5 | H21: 6
C22: 全て受け入れ | D22: 道交法 | E22: 0.2 | F22: 0.4 | G22: 既存 | H22: 提案
B23: 直進
B24: （Bus）
B25: （Car）
B26: 右折
B27: （Bus）
B28: （Car）
B29: 左折
B30: （Bus）
B31: （Car）
B32: 合計
B33: （Bus）
B34: （Car）

Sheet seed2
B2: 400/400/400 | I2: 4.2.3 | K2: 600/600/600
C3: 1 | D3: 2 | E3: 3 | F3: 4 | G3: 5 | H3: 6 | I3: 7 | L3: 1 | M3: 2 | N3: 3 | O3: 4 | P3: 5 | Q3: 6
C4: 全て受け入れ | D4: 道交法 | E4: 0.2 | F4: 0.4 | G4: 既存 | H4: 提案 | I4: 性能込み | L4: 全て受け入れ | M4: 道交法 | N4: 0.2 | O4: 0.4 | P4: 既存 | Q4: 提案
B5: 直進 | C5: 6.0606 | D5: 4.3591 | E5: 4.4895 | F5: 4.8903 | G5: 5.4371 | H5: 5.8243 | I5: 5.3279 | K5: 直進
B6: （Bus） | C6: 6.2602 | D6: 4.7999 | E6: 5.3378 | F6: 5.0012 | G6: 5.9367 | H6: 5.7803 | I6: 5.3787 | K6: （Bus）
B7: （Car） | C7: 5.7492 | D7: 3.7754 | E7: 3.5549 | F7: 4.7136 | G7: 4.761 | H7: 5.9018 | I7: 5.244 | K7: （Car）
B8: 右折 | C8: 6.3045 | D8: 5.2784 | E8: 5.0258 | F8: 6.3771 | G8: 6.5047 | H8: 6.3226 | I8: 6.6549 | K8: 右折
B9: （Bus） | C9: 6.2588 | D9: 5.8548 | E9: 5.6756 | F9: 6.5227 | G9: 6.8583 | H9: 6.4168 | I9: 6.4061 | K9: （Bus）
B10: （Car） | C10: 6.4283 | D10: 4.1504 | E10: 3.8532 | F10: 6.0045 | G10: 5.71 | H10: 6.0782 | I10: 7.452 | K10: （Car）
B11: 左折 | C11: 6.9212 | D11: 8.0434 | E11: 8.5753 | F11: 7.66 | G11: 7.3091 | H11: 8.2174 | I11: 8.0271 | K11: 左折
B12: （Bus） | C12: 7.5584 | D12: 8.2782 | E12: 9.2933 | F12: 7.9956 | G12: 7.7855 | H12: 9.4471 | I12: 8.9981 | K12: （Bus）
B13: （Car） | C13: 5.8252 | D13: 7.5773 | E13: 7.3131 | F13: 7.0293 | G13: 6.4328 | H13: 6.3813 | I13: 6.5056 | K13: （Car）
B14: 合計 | C14: 7.6131 | D14: 6.8184 | E14: 6.8659 | F14: 7.3024 | G14: 7.6079 | H14: 7.8427 | I14: 7.6012 | K14: 合計
B15: （Bus） | C15: 7.6689 | D15: 7.0315 | E15: 7.4925 | F15: 7.3744 | G15: 7.8765 | H15: 7.8304 | I15: 7.6098 | K15: （Bus）
B16: （Car） | C16: 7.5048 | D16: 6.4607 | E16: 5.9071 | F16: 7.1722 | G16: 7.1405 | H16: 7.8665 | I16: 7.5847 | K16: （Car）
B20: 600/300/600
C21: 1 | D21: 2 | E21: 3 | F21: 4 | G21: 5 | H21: 6
C22: 全て受け入れ | D22: 道交法 | E22: 0.2 | F22: 0.4 | G22: 既存 | H22: 提案
B23: 直進
B24: （Bus）
B25: （Car）
B26: 右折
B27: （Bus）
B28: （Car）
B29: 左折
B30: （Bus）
B31: （Car）
B32: 合計
B33: （Bus）
B34: （Car）

Sheet seed3
B2: 400/400/400 | I2: 4.2.3 | K2: 600/600/600
C3: 1 | D3: 2 | E3: 3 | F3: 4 | G3: 5 | H3: 6 | I3: 7 | L3: 1 | M3: 2 | N3: 3 | O3: 4 | P3: 5 | Q3: 6
C4: 全て受け入れ | D4: 道交法 | E4: 0.2 | F4: 0.4 | G4: 既存 | H4: 提案 | I4: 性能込み | L4: 全て受け入れ | M4: 道交法 | N4: 0.2 | O4: 0.4 | P4: 既存 | Q4: 提案
B5: 直進 | C5: 6.2365 | D5: 5.9385 | E5: 5.5168 | F5: 5.4905 | G5: 5.6826 | H5: 5.5564 | I5: 5.688 | K5: 直進
B6: （Bus） | C6: 6.0829 | D6: 5.8098 | E6: 5.3336 | F6: 5.3909 | G6: 5.2943 | H6: 5.4868 | I6: 5.6 | K6: （Bus）
B7: （Car） | C7: 6.5094 | D7: 6.1654 | E7: 5.8554 | F7: 5.6665 | G7: 6.4803 | H7: 5.678 | I7: 5.8416 | K7: （Car）
B8: 右折 | C8: 6.8379 | D8: 6.0178 | E8: 6.7612 | F8: 6.9618 | G8: 6.7478 | H8: 6.7184 | I8: 6.9275 | K8: 右折
B9: （Bus） | C9: 6.6408 | D9: 5.7992 | E9: 6.9352 | F9: 7.7218 | G9: 6.4549 | H9: 6.9222 | I9: 7.4752 | K9: （Bus）
B10: （Car） | C10: 6.9219 | D10: 6.1126 | E10: 6.6922 | F10: 6.6937 | G10: 6.8745 | H10: 6.2682 | I10: 6.7272 | K10: （Car）
B11: 左折 | C11: 8.0912 | D11: 8.1192 | E11: 7.5765 | F11: 7.7566 | G11: 6.4753 | H11: 7.3073 | I11: 7.8417 | K11: 左折
B12: （Bus） | C12: 7.4603 | D12: 7.4568 | E12: 7.6824 | F12: 8.3832 | G12: 6.1692 | H12: 7.1694 | I12: 8.3246 | K12: （Bus）
B13: （Car） | C13: 8.7842 | D13: 8.8489 | E13: 7.4776 | F13: 7.2422 | G13: 6.797 | H13: 7.442 | I13: 7.4257 | K13: （Car）
B14: 合計 | C14: 8.1407 | D14: 7.7611 | E14: 7.7106 | F14: 7.8838 | G14: 7.4986 | H14: 7.7104 | I14: 7.8882 | K14: 合計
B15: （Bus） | C15: 7.608 | D15: 7.3365 | E15: 7.2364 | F15: 7.8186 | G15: 6.9145 | H15: 7.2214 | I15: 7.6094 | K15: （Bus）
B16: （Car） | C16: 8.6635 | D16: 8.1497 | E16: 8.1696 | F16: 7.9442 | G16: 8.0683 | H16: 8.1677 | I16: 8.148 | K16: （Car）
B20: 600/300/600
C21: 1 | D21: 2 | E21: 3 | F21: 4 | G21: 5 | H21: 6
C22: 全て受け入れ | D22: 道交法 | E22: 0.2 | F22: 0.4 | G22: 既存 | H22: 提案
B23: 直進
B24: （Bus）
B25: （Car）
B26: 右折
B27: （Bus）
B28: （Car）
B29: 左折
B30: （Bus）
B31: （Car）
B32: 合計
B33: （Bus）
B34: （Car）

Sheet seed4
B2: 400/400/400 | I2: 4.2.3 | K2: 600/600/600
C3: 1 | D3: 2 | E3: 3 | F3: 4 | G3: 5 | H3: 6 | I3: 7 | L3: 1 | M3: 2 | N3: 3 | O3: 4 | P3: 5 | Q3: 6
C4: 全て受け入れ | D4: 道交法 | E4: 0.2 | F4: 0.4 | G4: 既存 | H4: 提案 | I4: 性能込み | L4: 全て受け入れ | M4: 道交法 | N4: 0.2 | O4: 0.4 | P4: 既存 | Q4: 提案
B5: 直進 | C5: 6.1964 | D5: 4.0167 | E5: 4.5648 | F5: 5.9337 | G5: 5.9167 | H5: 5.9749 | I5: 5.9749 | K5: 直進
B6: （Bus） | C6: 6.2935 | D6: 4.4062 | E6: 4.579 | F6: 5.8199 | G6: 5.868 | H6: 6.1422 | I6: 6.1422 | K6: （Bus）
B7: （Car） | C7: 6.1009 | D7: 3.69 | E7: 4.5507 | F7: 6.054 | G7: 5.967 | H7: 5.8144 | I7: 5.8144 | K7: （Car）
B8: 右折 | C8: 6.5282 | D8: 4.9554 | E8: 6.0607 | F8: 6.3935 | G8: 6.4528 | H8: 6.324 | I8: 6.324 | K8: 右折
B9: （Bus） | C9: 6.3073 | D9: 4.4292 | E9: 5.6973 | F9: 6.1352 | G9: 6.2079 | H9: 6.154 | I9: 6.154 | K9: （Bus）
B10: （Car） | C10: 7.1478 | D10: 6.8228 | E10: 7.1909 | F10: 7.1353 | G10: 7.1532 | H10: 6.7861 | I10: 6.7861 | K10: （Car）
B11: 左折 | C11: 6.6461 | D11: 8.1519 | E11: 10.2729 | F11: 7.2134 | G11: 7.1708 | H11: 9.1963 | I11: 9.1963 | K11: 左折
B12: （Bus） | C12: 5.9181 | D12: 8.0688 | E12: 9.793 | F12: 7.4133 | G12: 6.8047 | H12: 8.9861 | I12: 8.9861 | K12: （Bus）
B13: （Car） | C13: 7.4281 | D13: 8.2242 | E13: 10.7208 | F13: 7.0509 | G13: 7.5177 | H13: 9.3843 | I13: 9.3843 | K13: （Car）
B14: 合計 | C14: 7.6373 | D14: 6.7478 | E14: 7.7315 | F14: 7.9424 | G14: 7.7509 | H14: 8.2933 | I14: 8.2933 | K14: 合計
B15: （Bus） | C15: 7.3638 | D15: 6.4587 | E15: 7.3304 | F15: 7.591 | G15: 7.271 | H15: 7.8914 | I15: 7.8914 | K15: （Bus）
B16: （Car） | C16: 8.0073 | D16: 7.1467 | E16: 8.3067 | F16: 8.4441 | G16: 8.4612 | H16: 8.8684 | I16: 8.8684 | K16: （Car）
B20: 600/300/600
C21: 1 | D21: 2 | E21: 3 | F21: 4 | G21: 5 | H21: 6
C22: 全て受け入れ | D22: 道交法 | E22: 0.2 | F22: 0.4 | G22: 既存 | H22: 提案
B23: 直進
B24: （Bus）
B25: （Car）
B26: 右折
B27: （Bus）
B28: （Car）
B29: 左折
B30: （Bus）
B31: （Car）
B32: 合計
B33: （Bus）
B34: （Car）

Sheet seed5
B2: 400/400/400 | I2: 4.2.3 | K2: 600/600/600
C3: 1 | D3: 2 | E3: 3 | F3: 4 | G3: 5 | H3: 6 | I3: 7 | L3: 1 | M3: 2 | N3: 3 | O3: 4 | P3: 5 | Q3: 6
C4: 全て受け入れ | D4: 道交法 | E4: 0.2 | F4: 0.4 | G4: 既存 | H4: 提案 | I4: 性能込み | L4: 全て受け入れ | M4: 道交法 | N4: 0.2 | O4: 0.4 | P4: 既存 | Q4: 提案
B5: 直進 | K5: 直進
B6: （Bus） | K6: （Bus）
B7: （Car） | K7: （Car）
B8: 右折 | K8: 右折
B9: （Bus） | K9: （Bus）
B10: （Car） | K10: （Car）
B11: 左折 | K11: 左折
B12: （Bus） | K12: （Bus）
B13: （Car） | K13: （Car）
B14: 合計 | K14: 合計
B15: （Bus） | K15: （Bus）
B16: （Car） | K16: （Car）
B20: 600/300/600
C21: 1 | D21: 2 | E21: 3 | F21: 4 | G21: 5 | H21: 6
C22: 全て受け入れ | D22: 道交法 | E22: 0.2 | F22: 0.4 | G22: 既存 | H22: 提案
B23: 直進
B24: （Bus）
B25: （Car）
B26: 右折
B27: （Bus）
B28: （Car）
B29: 左折
B30: （Bus）
B31: （Car）
B32: 合計
B33: （Bus）
B34: （Car）

Sheet 平均
B2: 400/400/400 | I2: 4.2.3 | K2: 600/600/600
C3: 1 | D3: 2 | E3: 3 | F3: 4 | G3: 5 | H3: 6 | I3: 7 | L3: 1 | M3: 2 | N3: 3 | O3: 4 | P3: 5 | Q3: 6
C4: 全て受け入れ | D4: 道交法 | E4: 0.2 | F4: 0.4 | G4: 既存 | H4: 提案 | I4: 性能込み | L4: 全て受け入れ | M4: 道交法 | N4: 0.2 | O4: 0.4 | P4: 既存 | Q4: 提案
B5: 直進 | C5: =AVERAGE(seed1!C5,seed2!C5,seed3!C5,seed4!C5,seed5!C5) -> 6.2561 | D5: =AVERAGE(seed1!D5,seed2!D5,seed3!D5,seed4!D5,seed5!D5) -> 4.999825 | E5: =AVERAGE(seed1!E5,seed2!E5,seed3!E5,seed4!E5,seed5!E5) -> 5.03895 | F5: =AVERAGE(seed1!F5,seed2!F5,seed3!F5,seed4!F5,seed5!F5) -> 5.560775 | G5: =AVERAGE(seed1!G5,seed2!G5,seed3!G5,seed4!G5,seed5!G5) -> 5.81255 | H5: =AVERAGE(seed1!H5,seed2!H5,seed3!H5,seed4!H5,seed5!H5) -> 5.563125 | I5: =AVERAGE(seed1!I5,seed2!I5,seed3!I5,seed4!I5,seed5!I5) -> 5.719475 | K5: 直進 | L5: =AVERAGE(seed1!L5,seed2!L5,seed3!L5,seed4!L5,seed5!L5) -> #DIV/0! | M5: =AVERAGE(seed1!M5,seed2!M5,seed3!M5,seed4!M5,seed5!M5) -> #DIV/0! | N5: =AVERAGE(seed1!N5,seed2!N5,seed3!N5,seed4!N5,seed5!N5) -> #DIV/0! | O5: =AVERAGE(seed1!O5,seed2!O5,seed3!O5,seed4!O5,seed5!O5) -> #DIV/0! | P5: =AVERAGE(seed1!P5,seed2!P5,seed3!P5,seed4!P5,seed5!P5) -> #DIV/0! | Q5: =AVERAGE(seed1!Q5,seed2!Q5,seed3!Q5,seed4!Q5,seed5!Q5) -> #DIV/0! | R5: =AVERAGE(seed1!R5,seed2!R5,seed3!R5,seed4!R5,seed5!R5) -> #DIV/0!
B6: （Bus） | C6: =AVERAGE(seed1!C6,seed2!C6,seed3!C6,seed4!C6,seed5!C6) -> 6.277075 | D6: =AVERAGE(seed1!D6,seed2!D6,seed3!D6,seed4!D6,seed5!D6) -> 5.39765 | E6: =AVERAGE(seed1!E6,seed2!E6,seed3!E6,seed4!E6,seed5!E6) -> 5.35875 | F6: =AVERAGE(seed1!F6,seed2!F6,seed3!F6,seed4!F6,seed5!F6) -> 5.56685 | G6: =AVERAGE(seed1!G6,seed2!G6,seed3!G6,seed4!G6,seed5!G6) -> 5.9212 | H6: =AVERAGE(seed1!H6,seed2!H6,seed3!H6,seed4!H6,seed5!H6) -> 5.83765 | I6: =AVERAGE(seed1!I6,seed2!I6,seed3!I6,seed4!I6,seed5!I6) -> 5.7306 | K6: （Bus） | L6: =AVERAGE(seed1!L6,seed2!L6,seed3!L6,seed4!L6,seed5!L6) -> #DIV/0! | M6: =AVERAGE(seed1!M6,seed2!M6,seed3!M6,seed4!M6,seed5!M6) -> #DIV/0! | N6: =AVERAGE(seed1!N6,seed2!N6,seed3!N6,seed4!N6,seed5!N6) -> #DIV/0! | O6: =AVERAGE(seed1!O6,seed2!O6,seed3!O6,seed4!O6,seed5!O6) -> #DIV/0! | P6: =AVERAGE(seed1!P6,seed2!P6,seed3!P6,seed4!P6,seed5!P6) -> #DIV/0! | Q6: =AVERAGE(seed1!Q6,seed2!Q6,seed3!Q6,seed4!Q6,seed5!Q6) -> #DIV/0! | R6: =AVERAGE(seed1!R6,seed2!R6,seed3!R6,seed4!R6,seed5!R6) -> #DIV/0!
B7: （Car） | C7: =AVERAGE(seed1!C7,seed2!C7,seed3!C7,seed4!C7,seed5!C7) -> 6.243025 | D7: =AVERAGE(seed1!D7,seed2!D7,seed3!D7,seed4!D7,seed5!D7) -> 4.6072 | E7: =AVERAGE(seed1!E7,seed2!E7,seed3!E7,seed4!E7,seed5!E7) -> 4.72595 | F7: =AVERAGE(seed1!F7,seed2!F7,seed3!F7,seed4!F7,seed5!F7) -> 5.549575 | G7: =AVERAGE(seed1!G7,seed2!G7,seed3!G7,seed4!G7,seed5!G7) -> 5.746975 | H7: =AVERAGE(seed1!H7,seed2!H7,seed3!H7,seed4!H7,seed5!H7) -> 5.32035 | I7: =AVERAGE(seed1!I7,seed2!I7,seed3!I7,seed4!I7,seed5!I7) -> 5.72645 | K7: （Car） | L7: =AVERAGE(seed1!L7,seed2!L7,seed3!L7,seed4!L7,seed5!L7) -> #DIV/0! | M7: =AVERAGE(seed1!M7,seed2!M7,seed3!M7,seed4!M7,seed5!M7) -> #DIV/0! | N7: =AVERAGE(seed1!N7,seed2!N7,seed3!N7,seed4!N7,seed5!N7) -> #DIV/0! | O7: =AVERAGE(seed1!O7,seed2!O7,seed3!O7,seed4!O7,seed5!O7) -> #DIV/0! | P7: =AVERAGE(seed1!P7,seed2!P7,seed3!P7,seed4!P7,seed5!P7) -> #DIV/0! | Q7: =AVERAGE(seed1!Q7,seed2!Q7,seed3!Q7,seed4!Q7,seed5!Q7) -> #DIV/0! | R7: =AVERAGE(seed1!R7,seed2!R7,seed3!R7,seed4!R7,seed5!R7) -> #DIV/0!
B8: 右折 | C8: =AVERAGE(seed1!C8,seed2!C8,seed3!C8,seed4!C8,seed5!C8) -> 6.509475 | D8: =AVERAGE(seed1!D8,seed2!D8,seed3!D8,seed4!D8,seed5!D8) -> 5.442125 | E8: =AVERAGE(seed1!E8,seed2!E8,seed3!E8,seed4!E8,seed5!E8) -> 5.971825 | F8: =AVERAGE(seed1!F8,seed2!F8,seed3!F8,seed4!F8,seed5!F8) -> 6.4466 | G8: =AVERAGE(seed1!G8,seed2!G8,seed3!G8,seed4!G8,seed5!G8) -> 6.4775 | H8: =AVERAGE(seed1!H8,seed2!H8,seed3!H8,seed4!H8,seed5!H8) -> 6.14635 | I8: =AVERAGE(seed1!I8,seed2!I8,seed3!I8,seed4!I8,seed5!I8) -> 6.55975 | K8: 右折 | L8: =AVERAGE(seed1!L8,seed2!L8,seed3!L8,seed4!L8,seed5!L8) -> #DIV/0! | M8: =AVERAGE(seed1!M8,seed2!M8,seed3!M8,seed4!M8,seed5!M8) -> #DIV/0! | N8: =AVERAGE(seed1!N8,seed2!N8,seed3!N8,seed4!N8,seed5!N8) -> #DIV/0! | O8: =AVERAGE(seed1!O8,seed2!O8,seed3!O8,seed4!O8,seed5!O8) -> #DIV/0! | P8: =AVERAGE(seed1!P8,seed2!P8,seed3!P8,seed4!P8,seed5!P8) -> #DIV/0! | Q8: =AVERAGE(seed1!Q8,seed2!Q8,seed3!Q8,seed4!Q8,seed5!Q8) -> #DIV/0! | R8: =AVERAGE(seed1!R8,seed2!R8,seed3!R8,seed4!R8,seed5!R8) -> #DIV/0!
B9: （Bus） | C9: =AVERAGE(seed1!C9,seed2!C9,seed3!C9,seed4!C9,seed5!C9) -> 6.45095 | D9: =AVERAGE(seed1!D9,seed2!D9,seed3!D9,seed4!D9,seed5!D9) -> 5.442275 | E9: =AVERAGE(seed1!E9,seed2!E9,seed3!E9,seed4!E9,seed5!E9) -> 6.13535 | F9: =AVERAGE(seed1!F9,seed2!F9,seed3!F9,seed4!F9,seed5!F9) -> 6.605875 | G9: =AVERAGE(seed1!G9,seed2!G9,seed3!G9,seed4!G9,seed5!G9) -> 6.459475 | H9: =AVERAGE(seed1!H9,seed2!H9,seed3!H9,seed4!H9,seed5!H9) -> 6.2653 | I9: =AVERAGE(seed1!I9,seed2!I9,seed3!I9,seed4!I9,seed5!I9) -> 6.5844 | K9: （Bus） | L9: =AVERAGE(seed1!L9,seed2!L9,seed3!L9,seed4!L9,seed5!L9) -> #DIV/0! | M9: =AVERAGE(seed1!M9,seed2!M9,seed3!M9,seed4!M9,seed5!M9) -> #DIV/0! | N9: =AVERAGE(seed1!N9,seed2!N9,seed3!N9,seed4!N9,seed5!N9) -> #DIV/0! | O9: =AVERAGE(seed1!O9,seed2!O9,seed3!O9,seed4!O9,seed5!O9) -> #DIV/0! | P9: =AVERAGE(seed1!P9,seed2!P9,seed3!P9,seed4!P9,seed5!P9) -> #DIV/0! | Q9: =AVERAGE(seed1!Q9,seed2!Q9,seed3!Q9,seed4!Q9,seed5!Q9) -> #DIV/0! | R9: =AVERAGE(seed1!R9,seed2!R9,seed3!R9,seed4!R9,seed5!R9) -> #DIV/0!
B10: （Car） | C10: =AVERAGE(seed1!C10,seed2!C10,seed3!C10,seed4!C10,seed5!C10) -> 6.64165 | D10: =AVERAGE(seed1!D10,seed2!D10,seed3!D10,seed4!D10,seed5!D10) -> 5.59595 | E10: =AVERAGE(seed1!E10,seed2!E10,seed3!E10,seed4!E10,seed5!E10) -> 5.880975 | F10: =AVERAGE(seed1!F10,seed2!F10,seed3!F10,seed4!F10,seed5!F10) -> 6.47545 | G10: =AVERAGE(seed1!G10,seed2!G10,seed3!G10,seed4!G10,seed5!G10) -> 6.448325 | H10: =AVERAGE(seed1!H10,seed2!H10,seed3!H10,seed4!H10,seed5!H10) -> 5.98165 | I10: =AVERAGE(seed1!I10,seed2!I10,seed3!I10,seed4!I10,seed5!I10) -> 6.835 | K10: （Car） | L10: =AVERAGE(seed1!L10,seed2!L10,seed3!L10,seed4!L10,seed5!L10) -> #DIV/0! | M10: =AVERAGE(seed1!M10,seed2!M10,seed3!M10,seed4!M10,seed5!M10) -> #DIV/0! | N10: =AVERAGE(seed1!N10,seed2!N10,seed3!N10,seed4!N10,seed5!N10) -> #DIV/0! | O10: =AVERAGE(seed1!O10,seed2!O10,seed3!O10,seed4!O10,seed5!O10) -> #DIV/0! | P10: =AVERAGE(seed1!P10,seed2!P10,seed3!P10,seed4!P10,seed5!P10) -> #DIV/0! | Q10: =AVERAGE(seed1!Q10,seed2!Q10,seed3!Q10,seed4!Q10,seed5!Q10) -> #DIV/0! | R10: =AVERAGE(seed1!R10,seed2!R10,seed3!R10,seed4!R10,seed5!R10) -> #DIV/0!
B11: 左折 | C11: =AVERAGE(seed1!C11,seed2!C11,seed3!C11,seed4!C11,seed5!C11) -> 7.00285 | D11: =AVERAGE(seed1!D11,seed2!D11,seed3!D11,seed4!D11,seed5!D11) -> 8.524225 | E11: =AVERAGE(seed1!E11,seed2!E11,seed3!E11,seed4!E11,seed5!E11) -> 8.8187 | F11: =AVERAGE(seed1!F11,seed2!F11,seed3!F11,seed4!F11,seed5!F11) -> 7.91085 | G11: =AVERAGE(seed1!G11,seed2!G11,seed3!G11,seed4!G11,seed5!G11) -> 7.02115 | H11: =AVERAGE(seed1!H11,seed2!H11,seed3!H11,seed4!H11,seed5!H11) -> 8.328225 | I11: =AVERAGE(seed1!I11,seed2!I11,seed3!I11,seed4!I11,seed5!I11) -> 8.313075 | K11: 左折 | L11: =AVERAGE(seed1!L11,seed2!L11,seed3!L11,seed4!L11,seed5!L11) -> #DIV/0! | M11: =AVERAGE(seed1!M11,seed2!M11,seed3!M11,seed4!M11,seed5!M11) -> #DIV/0! | N11: =AVERAGE(seed1!N11,seed2!N11,seed3!N11,seed4!N11,seed5!N11) -> #DIV/0! | O11: =AVERAGE(seed1!O11,seed2!O11,seed3!O11,seed4!O11,seed5!O11) -> #DIV/0! | P11: =AVERAGE(seed1!P11,seed2!P11,seed3!P11,seed4!P11,seed5!P11) -> #DIV/0! | Q11: =AVERAGE(seed1!Q11,seed2!Q11,seed3!Q11,seed4!Q11,seed5!Q11) -> #DIV/0! | R11: =AVERAGE(seed1!R11,seed2!R11,seed3!R11,seed4!R11,seed5!R11) -> #DIV/0!
B12: （Bus） | C12: =AVERAGE(seed1!C12,seed2!C12,seed3!C12,seed4!C12,seed5!C12) -> 6.683025 | D12: =AVERAGE(seed1!D12,seed2!D12,seed3!D12,seed4!D12,seed5!D12) -> 8.159825 | E12: =AVERAGE(seed1!E12,seed2!E12,seed3!E12,seed4!E12,seed5!E12) -> 8.78865 | F12: =AVERAGE(seed1!F12,seed2!F12,seed3!F12,seed4!F12,seed5!F12) -> 8.05215 | G12: =AVERAGE(seed1!G12,seed2!G12,seed3!G12,seed4!G12,seed5!G12) -> 6.8852 | H12: =AVERAGE(seed1!H12,seed2!H12,seed3!H12,seed4!H12,seed5!H12) -> 8.414625 | I12: =AVERAGE(seed1!I12,seed2!I12,seed3!I12,seed4!I12,seed5!I12) -> 8.4858 | K12: （Bus） | L12: =AVERAGE(seed1!L12,seed2!L12,seed3!L12,seed4!L12,seed5!L12) -> #DIV/0! | M12: =AVERAGE(seed1!M12,seed2!M12,seed3!M12,seed4!M12,seed5!M12) -> #DIV/0! | N12: =AVERAGE(seed1!N12,seed2!N12,seed3!N12,seed4!N12,seed5!N12) -> #DIV/0! | O12: =AVERAGE(seed1!O12,seed2!O12,seed3!O12,seed4!O12,seed5!O12) -> #DIV/0! | P12: =AVERAGE(seed1!P12,seed2!P12,seed3!P12,seed4!P12,seed5!P12) -> #DIV/0! | Q12: =AVERAGE(seed1!Q12,seed2!Q12,seed3!Q12,seed4!Q12,seed5!Q12) -> #DIV/0! | R12: =AVERAGE(seed1!R12,seed2!R12,seed3!R12,seed4!R12,seed5!R12) -> #DIV/0!
B13: （Car） | C13: =AVERAGE(seed1!C13,seed2!C13,seed3!C13,seed4!C13,seed5!C13) -> 7.2333 | D13: =AVERAGE(seed1!D13,seed2!D13,seed3!D13,seed4!D13,seed5!D13) -> 8.843875 | E13: =AVERAGE(seed1!E13,seed2!E13,seed3!E13,seed4!E13,seed5!E13) -> 8.6957 | F13: =AVERAGE(seed1!F13,seed2!F13,seed3!F13,seed4!F13,seed5!F13) -> 7.7239 | G13: =AVERAGE(seed1!G13,seed2!G13,seed3!G13,seed4!G13,seed5!G13) -> 7.04735 | H13: =AVERAGE(seed1!H13,seed2!H13,seed3!H13,seed4!H13,seed5!H13) -> 8.0726 | I13: =AVERAGE(seed1!I13,seed2!I13,seed3!I13,seed4!I13,seed5!I13) -> 8.0045 | K13: （Car） | L13: =AVERAGE(seed1!L13,seed2!L13,seed3!L13,seed4!L13,seed5!L13) -> #DIV/0! | M13: =AVERAGE(seed1!M13,seed2!M13,seed3!M13,seed4!M13,seed5!M13) -> #DIV/0! | N13: =AVERAGE(seed1!N13,seed2!N13,seed3!N13,seed4!N13,seed5!N13) -> #DIV/0! | O13: =AVERAGE(seed1!O13,seed2!O13,seed3!O13,seed4!O13,seed5!O13) -> #DIV/0! | P13: =AVERAGE(seed1!P13,seed2!P13,seed3!P13,seed4!P13,seed5!P13) -> #DIV/0! | Q13: =AVERAGE(seed1!Q13,seed2!Q13,seed3!Q13,seed4!Q13,seed5!Q13) -> #DIV/0! | R13: =AVERAGE(seed1!R13,seed2!R13,seed3!R13,seed4!R13,seed5!R13) -> #DIV/0!
B14: 合計 | C14: =AVERAGE(seed1!C14,seed2!C14,seed3!C14,seed4!C14,seed5!C14) -> 7.76595 | D14: =AVERAGE(seed1!D14,seed2!D14,seed3!D14,seed4!D14,seed5!D14) -> 7.3232 | E14: =AVERAGE(seed1!E14,seed2!E14,seed3!E14,seed4!E14,seed5!E14) -> 7.5358 | F14: =AVERAGE(seed1!F14,seed2!F14,seed3!F14,seed4!F14,seed5!F14) -> 7.75 | G14: =AVERAGE(seed1!G14,seed2!G14,seed3!G14,seed4!G14,seed5!G14) -> 7.694175 | H14: =AVERAGE(seed1!H14,seed2!H14,seed3!H14,seed4!H14,seed5!H14) -> 7.734875 | I14: =AVERAGE(seed1!I14,seed2!I14,seed3!I14,seed4!I14,seed5!I14) -> 7.980325 | K14: 合計 | L14: =AVERAGE(seed1!L14,seed2!L14,seed3!L14,seed4!L14,seed5!L14) -> #DIV/0! | M14: =AVERAGE(seed1!M14,seed2!M14,seed3!M14,seed4!M14,seed5!M14) -> #DIV/0! | N14: =AVERAGE(seed1!N14,seed2!N14,seed3!N14,seed4!N14,seed5!N14) -> #DIV/0! | O14: =AVERAGE(seed1!O14,seed2!O14,seed3!O14,seed4!O14,seed5!O14) -> #DIV/0! | P14: =AVERAGE(seed1!P14,seed2!P14,seed3!P14,seed4!P14,seed5!P14) -> #DIV/0! | Q14: =AVERAGE(seed1!Q14,seed2!Q14,seed3!Q14,seed4!Q14,seed5!Q14) -> #DIV/0! | R14: =AVERAGE(seed1!R14,seed2!R14,seed3!R14,seed4!R14,seed5!R14) -> #DIV/0!
B15: （Bus） | C15: =AVERAGE(seed1!C15,seed2!C15,seed3!C15,seed4!C15,seed5!C15) -> 7.499525 | D15: =AVERAGE(seed1!D15,seed2!D15,seed3!D15,seed4!D15,seed5!D15) -> 7.1749 | E15: =AVERAGE(seed1!E15,seed2!E15,seed3!E15,seed4!E15,seed5!E15) -> 7.45715 | F15: =AVERAGE(seed1!F15,seed2!F15,seed3!F15,seed4!F15,seed5!F15) -> 7.58535 | G15: =AVERAGE(seed1!G15,seed2!G15,seed3!G15,seed4!G15,seed5!G15) -> 7.448225 | H15: =AVERAGE(seed1!H15,seed2!H15,seed3!H15,seed4!H15,seed5!H15) -> 7.536275 | I15: =AVERAGE(seed1!I15,seed2!I15,seed3!I15,seed4!I15,seed5!I15) -> 7.719625 | K15: （Bus） | L15: =AVERAGE(seed1!L15,seed2!L15,seed3!L15,seed4!L15,seed5!L15) -> #DIV/0! | M15: =AVERAGE(seed1!M15,seed2!M15,seed3!M15,seed4!M15,seed5!M15) -> #DIV/0! | N15: =AVERAGE(seed1!N15,seed2!N15,seed3!N15,seed4!N15,seed5!N15) -> #DIV/0! | O15: =AVERAGE(seed1!O15,seed2!O15,seed3!O15,seed4!O15,seed5!O15) -> #DIV/0! | P15: =AVERAGE(seed1!P15,seed2!P15,seed3!P15,seed4!P15,seed5!P15) -> #DIV/0! | Q15: =AVERAGE(seed1!Q15,seed2!Q15,seed3!Q15,seed4!Q15,seed5!Q15) -> #DIV/0! | R15: =AVERAGE(seed1!R15,seed2!R15,seed3!R15,seed4!R15,seed5!R15) -> #DIV/0!
B16: （Car） | C16: =AVERAGE(seed1!C16,seed2!C16,seed3!C16,seed4!C16,seed5!C16) -> 8.06035 | D16: =AVERAGE(seed1!D16,seed2!D16,seed3!D16,seed4!D16,seed5!D16) -> 7.459675 | E16: =AVERAGE(seed1!E16,seed2!E16,seed3!E16,seed4!E16,seed5!E16) -> 7.57465 | F16: =AVERAGE(seed1!F16,seed2!F16,seed3!F16,seed4!F16,seed5!F16) -> 7.95775 | G16: =AVERAGE(seed1!G16,seed2!G16,seed3!G16,seed4!G16,seed5!G16) -> 7.954425 | H16: =AVERAGE(seed1!H16,seed2!H16,seed3!H16,seed4!H16,seed5!H16) -> 7.964875 | I16: =AVERAGE(seed1!I16,seed2!I16,seed3!I16,seed4!I16,seed5!I16) -> 8.29985 | K16: （Car） | L16: =AVERAGE(seed1!L16,seed2!L16,seed3!L16,seed4!L16,seed5!L16) -> #DIV/0! | M16: =AVERAGE(seed1!M16,seed2!M16,seed3!M16,seed4!M16,seed5!M16) -> #DIV/0! | N16: =AVERAGE(seed1!N16,seed2!N16,seed3!N16,seed4!N16,seed5!N16) -> #DIV/0! | O16: =AVERAGE(seed1!O16,seed2!O16,seed3!O16,seed4!O16,seed5!O16) -> #DIV/0! | P16: =AVERAGE(seed1!P16,seed2!P16,seed3!P16,seed4!P16,seed5!P16) -> #DIV/0! | Q16: =AVERAGE(seed1!Q16,seed2!Q16,seed3!Q16,seed4!Q16,seed5!Q16) -> #DIV/0! | R16: =AVERAGE(seed1!R16,seed2!R16,seed3!R16,seed4!R16,seed5!R16) -> #DIV/0!
B20: 600/300/600
C21: 1 | D21: 2 | E21: 3 | F21: 4 | G21: 5 | H21: 6
C22: 全て受け入れ | D22: 道交法 | E22: 0.2 | F22: 0.4 | G22: 既存 | H22: 提案
B23: 直進 | C23: =AVERAGE(seed1!C23,seed2!C23,seed3!C23,seed4!C23,seed5!C23) -> #DIV/0! | D23: =AVERAGE(seed1!D23,seed2!D23,seed3!D23,seed4!D23,seed5!D23) -> #DIV/0! | E23: =AVERAGE(seed1!E23,seed2!E23,seed3!E23,seed4!E23,seed5!E23) -> #DIV/0! | F23: =AVERAGE(seed1!F23,seed2!F23,seed3!F23,seed4!F23,seed5!F23) -> #DIV/0! | G23: =AVERAGE(seed1!G23,seed2!G23,seed3!G23,seed4!G23,seed5!G23) -> #DIV/0! | H23: =AVERAGE(seed1!H23,seed2!H23,seed3!H23,seed4!H23,seed5!H23) -> #DIV/0! | I23: =AVERAGE(seed1!I23,seed2!I23,seed3!I23,seed4!I23,seed5!I23) -> #DIV/0!
B24: （Bus） | C24: =AVERAGE(seed1!C24,seed2!C24,seed3!C24,seed4!C24,seed5!C24) -> #DIV/0! | D24: =AVERAGE(seed1!D24,seed2!D24,seed3!D24,seed4!D24,seed5!D24) -> #DIV/0! | E24: =AVERAGE(seed1!E24,seed2!E24,seed3!E24,seed4!E24,seed5!E24) -> #DIV/0! | F24: =AVERAGE(seed1!F24,seed2!F24,seed3!F24,seed4!F24,seed5!F24) -> #DIV/0! | G24: =AVERAGE(seed1!G24,seed2!G24,seed3!G24,seed4!G24,seed5!G24) -> #DIV/0! | H24: =AVERAGE(seed1!H24,seed2!H24,seed3!H24,seed4!H24,seed5!H24) -> #DIV/0! | I24: =AVERAGE(seed1!I24,seed2!I24,seed3!I24,seed4!I24,seed5!I24) -> #DIV/0!
B25: （Car） | C25: =AVERAGE(seed1!C25,seed2!C25,seed3!C25,seed4!C25,seed5!C25) -> #DIV/0! | D25: =AVERAGE(seed1!D25,seed2!D25,seed3!D25,seed4!D25,seed5!D25) -> #DIV/0! | E25: =AVERAGE(seed1!E25,seed2!E25,seed3!E25,seed4!E25,seed5!E25) -> #DIV/0! | F25: =AVERAGE(seed1!F25,seed2!F25,seed3!F25,seed4!F25,seed5!F25) -> #DIV/0! | G25: =AVERAGE(seed1!G25,seed2!G25,seed3!G25,seed4!G25,seed5!G25) -> #DIV/0! | H25: =AVERAGE(seed1!H25,seed2!H25,seed3!H25,seed4!H25,seed5!H25) -> #DIV/0! | I25: =AVERAGE(seed1!I25,seed2!I25,seed3!I25,seed4!I25,seed5!I25) -> #DIV/0!
B26: 右折 | C26: =AVERAGE(seed1!C26,seed2!C26,seed3!C26,seed4!C26,seed5!C26) -> #DIV/0! | D26: =AVERAGE(seed1!D26,seed2!D26,seed3!D26,seed4!D26,seed5!D26) -> #DIV/0! | E26: =AVERAGE(seed1!E26,seed2!E26,seed3!E26,seed4!E26,seed5!E26) -> #DIV/0! | F26: =AVERAGE(seed1!F26,seed2!F26,seed3!F26,seed4!F26,seed5!F26) -> #DIV/0! | G26: =AVERAGE(seed1!G26,seed2!G26,seed3!G26,seed4!G26,seed5!G26) -> #DIV/0! | H26: =AVERAGE(seed1!H26,seed2!H26,seed3!H26,seed4!H26,seed5!H26) -> #DIV/0! | I26: =AVERAGE(seed1!I26,seed2!I26,seed3!I26,seed4!I26,seed5!I26) -> #DIV/0!
B27: （Bus） | C27: =AVERAGE(seed1!C27,seed2!C27,seed3!C27,seed4!C27,seed5!C27) -> #DIV/0! | D27: =AVERAGE(seed1!D27,seed2!D27,seed3!D27,seed4!D27,seed5!D27) -> #DIV/0! | E27: =AVERAGE(seed1!E27,seed2!E27,seed3!E27,seed4!E27,seed5!E27) -> #DIV/0! | F27: =AVERAGE(seed1!F27,seed2!F27,seed3!F27,seed4!F27,seed5!F27) -> #DIV/0! | G27: =AVERAGE(seed1!G27,seed2!G27,seed3!G27,seed4!G27,seed5!G27) -> #DIV/0! | H27: =AVERAGE(seed1!H27,seed2!H27,seed3!H27,seed4!H27,seed5!H27) -> #DIV/0! | I27: =AVERAGE(seed1!I27,seed2!I27,seed3!I27,seed4!I27,seed5!I27) -> #DIV/0!
B28: （Car） | C28: =AVERAGE(seed1!C28,seed2!C28,seed3!C28,seed4!C28,seed5!C28) -> #DIV/0! | D28: =AVERAGE(seed1!D28,seed2!D28,seed3!D28,seed4!D28,seed5!D28) -> #DIV/0! | E28: =AVERAGE(seed1!E28,seed2!E28,seed3!E28,seed4!E28,seed5!E28) -> #DIV/0! | F28: =AVERAGE(seed1!F28,seed2!F28,seed3!F28,seed4!F28,seed5!F28) -> #DIV/0! | G28: =AVERAGE(seed1!G28,seed2!G28,seed3!G28,seed4!G28,seed5!G28) -> #DIV/0! | H28: =AVERAGE(seed1!H28,seed2!H28,seed3!H28,seed4!H28,seed5!H28) -> #DIV/0! | I28: =AVERAGE(seed1!I28,seed2!I28,seed3!I28,seed4!I28,seed5!I28) -> #DIV/0!
B29: 左折 | C29: =AVERAGE(seed1!C29,seed2!C29,seed3!C29,seed4!C29,seed5!C29) -> #DIV/0! | D29: =AVERAGE(seed1!D29,seed2!D29,seed3!D29,seed4!D29,seed5!D29) -> #DIV/0! | E29: =AVERAGE(seed1!E29,seed2!E29,seed3!E29,seed4!E29,seed5!E29) -> #DIV/0! | F29: =AVERAGE(seed1!F29,seed2!F29,seed3!F29,seed4!F29,seed5!F29) -> #DIV/0! | G29: =AVERAGE(seed1!G29,seed2!G29,seed3!G29,seed4!G29,seed5!G29) -> #DIV/0! | H29: =AVERAGE(seed1!H29,seed2!H29,seed3!H29,seed4!H29,seed5!H29) -> #DIV/0! | I29: =AVERAGE(seed1!I29,seed2!I29,seed3!I29,seed4!I29,seed5!I29) -> #DIV/0!
B30: （Bus） | C30: =AVERAGE(seed1!C30,seed2!C30,seed3!C30,seed4!C30,seed5!C30) -> #DIV/0! | D30: =AVERAGE(seed1!D30,seed2!D30,seed3!D30,seed4!D30,seed5!D30) -> #DIV/0! | E30: =AVERAGE(seed1!E30,seed2!E30,seed3!E30,seed4!E30,seed5!E30) -> #DIV/0! | F30: =AVERAGE(seed1!F30,seed2!F30,seed3!F30,seed4!F30,seed5!F30) -> #DIV/0! | G30: =AVERAGE(seed1!G30,seed2!G30,seed3!G30,seed4!G30,seed5!G30) -> #DIV/0! | H30: =AVERAGE(seed1!H30,seed2!H30,seed3!H30,seed4!H30,seed5!H30) -> #DIV/0! | I30: =AVERAGE(seed1!I30,seed2!I30,seed3!I30,seed4!I30,seed5!I30) -> #DIV/0!
B31: （Car） | C31: =AVERAGE(seed1!C31,seed2!C31,seed3!C31,seed4!C31,seed5!C31) -> #DIV/0! | D31: =AVERAGE(seed1!D31,seed2!D31,seed3!D31,seed4!D31,seed5!D31) -> #DIV/0! | E31: =AVERAGE(seed1!E31,seed2!E31,seed3!E31,seed4!E31,seed5!E31) -> #DIV/0! | F31: =AVERAGE(seed1!F31,seed2!F31,seed3!F31,seed4!F31,seed5!F31) -> #DIV/0! | G31: =AVERAGE(seed1!G31,seed2!G31,seed3!G31,seed4!G31,seed5!G31) -> #DIV/0! | H31: =AVERAGE(seed1!H31,seed2!H31,seed3!H31,seed4!H31,seed5!H31) -> #DIV/0! | I31: =AVERAGE(seed1!I31,seed2!I31,seed3!I31,seed4!I31,seed5!I31) -> #DIV/0!
B32: 合計 | C32: =AVERAGE(seed1!C32,seed2!C32,seed3!C32,seed4!C32,seed5!C32) -> #DIV/0! | D32: =AVERAGE(seed1!D32,seed2!D32,seed3!D32,seed4!D32,seed5!D32) -> #DIV/0! | E32: =AVERAGE(seed1!E32,seed2!E32,seed3!E32,seed4!E32,seed5!E32) -> #DIV/0! | F32: =AVERAGE(seed1!F32,seed2!F32,seed3!F32,seed4!F32,seed5!F32) -> #DIV/0! | G32: =AVERAGE(seed1!G32,seed2!G32,seed3!G32,seed4!G32,seed5!G32) -> #DIV/0! | H32: =AVERAGE(seed1!H32,seed2!H32,seed3!H32,seed4!H32,seed5!H32) -> #DIV/0! | I32: =AVERAGE(seed1!I32,seed2!I32,seed3!I32,seed4!I32,seed5!I32) -> #DIV/0!
B33: （Bus） | C33: =AVERAGE(seed1!C33,seed2!C33,seed3!C33,seed4!C33,seed5!C33) -> #DIV/0! | D33: =AVERAGE(seed1!D33,seed2!D33,seed3!D33,seed4!D33,seed5!D33) -> #DIV/0! | E33: =AVERAGE(seed1!E33,seed2!E33,seed3!E33,seed4!E33,seed5!E33) -> #DIV/0! | F33: =AVERAGE(seed1!F33,seed2!F33,seed3!F33,seed4!F33,seed5!F33) -> #DIV/0! | G33: =AVERAGE(seed1!G33,seed2!G33,seed3!G33,seed4!G33,seed5!G33) -> #DIV/0! | H33: =AVERAGE(seed1!H33,seed2!H33,seed3!H33,seed4!H33,seed5!H33) -> #DIV/0! | I33: =AVERAGE(seed1!I33,seed2!I33,seed3!I33,seed4!I33,seed5!I33) -> #DIV/0!
B34: （Car） | C34: =AVERAGE(seed1!C34,seed2!C34,seed3!C34,seed4!C34,seed5!C34) -> #DIV/0! | D34: =AVERAGE(seed1!D34,seed2!D34,seed3!D34,seed4!D34,seed5!D34) -> #DIV/0! | E34: =AVERAGE(seed1!E34,seed2!E34,seed3!E34,seed4!E34,seed5!E34) -> #DIV/0! | F34: =AVERAGE(seed1!F34,seed2!F34,seed3!F34,seed4!F34,seed5!F34) -> #DIV/0! | G34: =AVERAGE(seed1!G34,seed2!G34,seed3!G34,seed4!G34,seed5!G34) -> #DIV/0! | H34: =AVERAGE(seed1!H34,seed2!H34,seed3!H34,seed4!H34,seed5!H34) -> #DIV/0! | I34: =AVERAGE(seed1!I34,seed2!I34,seed3!I34,seed4!I34,seed5!I34) -> #DIV/0!
