Workbook

Sheet seed1
C2: 合流200m手前（後続110） | F2: 分母v_DT | G2: の予定 | I2: 加藤さん | N2: 合流200m手前（後続110） | Q2: 分母v_max
B3: α | C3: vehicle0 | D3: vehicle1 | E3: all | F3: 10秒後 | I3: all_speed | J3: cav0_speed | K3: cav1_speed | M3: α | N3: vehicle0 | O3: vehicle1 | P3: all | Q3: 10秒後
B4: 0 | I4: 14.2572 | J4: 12.4376 | K4: 16.4761 | M4: 0
B5: 0.1 | M5: 0.1
B6: 0.2 | I6: PriMa20% | M6: 0.2
B7: 0.3 | C7: 14.7243 | D7: 13.2237 | E7: 13.9829 | I7: all_speed | J7: cav0_speed | K7: cav1_speed | M7: 0.3 | N7: 14.7234 | O7: 13.2269 | P7: 13.984
B8: 0.4 | C8: 14.467 | D8: 13.4826 | E8: 13.9806 | I8: 13.4038 | J8: 10.9337 | K8: 16.67 | M8: 0.4 | N8: 14.4103 | O8: 13.6697 | P8: 14.0444
B9: 0.5 | C9: 14.2423 | D9: 14.4183 | E9: 14.3282 | M9: 0.5 | N9: 14.2668 | O9: 14.9791 | P9: 14.6145
B10: 0.6 | C10: 13.7125 | D10: 16.2533 | E10: 14.8923 | I10: PriMa40% | M10: 0.6 | N10: 13.4536 | O10: 16.4109 | P10: 14.8252
B11: 0.7 | C11: 13.2056 | D11: 16.4924 | E11: 14.7164 | I11: all_speed | J11: cav0_speed | K11: cav1_speed | M11: 0.7 | N11: 13.1885 | O11: 16.5223 | P11: 14.7209
B12: 0.8 | I12: 14.487 | J12: 13.068 | K12: 16.1344 | M12: 0.8
B13: 0.9 | M13: 0.9
B14: 1 | I14: 全て受け入れ | M14: 1
I15: all_speed | J15: cav0_speed | K15: cav1_speed
E16: 1000/1000 | I16: 13.9829 | J16: 14.7243 | K16: 13.2237 | P16: 1000/1000
C19: 合流200m手前（後続110） | E19: (30s以降) | F19: 分母v_DT | G19: の予定 | I19: 加藤さん | N19: 合流200m手前（後続110） | Q19: 分母v_max
B20: α | C20: vehicle0 | D20: vehicle1 | E20: all | F20: 10秒後 | I20: all_speed | J20: cav0_speed | K20: cav1_speed | M20: α | N20: vehicle0 | O20: vehicle1 | P20: all | Q20: 10秒後
B21: 0 | I21: 13.1613 | J21: 10.5803 | K21: 16.5601 | M21: 0
B22: 0.1 | M22: 0.1
B23: 0.2 | I23: PriMa20% | M23: 0.2
B24: 0.3 | C24: 13.8337 | D24: 11.6236 | E24: 12.7334 | I24: all_speed | J24: cav0_speed | K24: cav1_speed | M24: 0.3 | N24: 13.8323 | O24: 11.6284 | P24: 12.7351
B25: 0.4 | C25: 13.4381 | D25: 12.0157 | E25: 12.723 | I25: 12.0782 | J25: 8.9806 | K25: 16.67 | M25: 0.4 | N25: 13.351 | O25: 12.2992 | P25: 12.8274
B26: 0.5 | C26: 13.1028 | D26: 13.4062 | E26: 13.2512 | M26: 0.5 | N26: 13.1404 | O26: 14.2634 | P26: 13.6895
B27: 0.6 | C27: 12.3665 | D27: 16.2069 | E27: 14.1032 | I27: PriMa40% | M27: 0.6 | N27: 11.9771 | O27: 16.456 | P27: 13.9985
B28: 0.7 | C28: 11.6305 | D28: 16.5858 | E28: 13.8357 | I28: all_speed | J28: cav0_speed | K28: cav1_speed | M28: 0.7 | N28: 11.6049 | O28: 16.6332 | P28: 13.8426
B29: 0.8 | I29: 13.4967 | J29: 11.4321 | K29: 16.0205 | M29: 0.8
B30: 0.9 | M30: 0.9
B31: 1 | I31: 全て受け入れ | M31: 1
I32: all_speed | J32: cav0_speed | K32: cav1_speed
E33: 1000/1000 | I33: 12.7334 | J33: 13.8337 | K33: 13.2237 | P33: 1000/1000

Sheet seed2
C2: 合流200m手前（後続110） | F2: 分母v_DT | G2: の予定 | I2: 加藤さん
B3: α | C3: vehicle0 | D3: vehicle1 | E3: all | F3: 10秒後 | I3: all_speed | J3: cav0_speed | K3: cav1_speed
B4: 0 | I4: 14.8537 | J4: 13.3664 | K4: 16.4565
B5: 0.1
B6: 0.2 | I6: PriMa20%
B7: 0.3 | C7: 15.2775 | D7: 15.2418 | E7: 15.2592 | I7: all_speed | J7: cav0_speed | K7: cav1_speed | M7: 0.3
B8: 0.4 | C8: 15.2775 | D8: 15.2418 | E8: 15.2592 | I8: 14.8792 | J8: 13.2566 | K8: 16.67 | M8: 0.4
B9: 0.5 | C9: 14.134 | D9: 16.1218 | E9: 15.1068 | M9: 0.5 | N9: 14.2596 | O9: 16.4322 | P9: 15.3223
B10: 0.6 | C10: 14.3198 | D10: 16.392 | E10: 15.3332 | I10: PriMa40% | M10: 0.6 | N10: 14.2831 | O10: 16.3355 | P10: 15.287
B11: 0.7 | C11: 13.4025 | D11: 16.5361 | E11: 14.8922 | I11: all_speed | J11: cav0_speed | K11: cav1_speed | M11: 0.7 | N11: 13.282 | O11: 16.5464 | P11: 14.8337
B12: 0.8 | I12: 15.487 | J12: 15.0403 | K12: 15.9387
B13: 0.9
B14: 1 | I14: 全て受け入れ
I15: all_speed | J15: cav0_speed | K15: cav1_speed | N15: excel12分布
E16: 1000/1000 | I16: 15.1421 | J16: 15.4712 | K16: 14.8276
C19: 合流200m手前（後続110） | E19: (30s以降) | F19: 分母v_DT | G19: の予定 | I19: 加藤さん
B20: α | C20: vehicle0 | D20: vehicle1 | E20: all | F20: 10秒後 | I20: all_speed | J20: cav0_speed | K20: cav1_speed
B21: 0 | I21: 13.9811 | J21: 11.1508 | K21: 16.3808
B22: 0.1
B23: 0.2 | I23: PriMa20%
B24: 0.3 | C24: 14.3248 | D24: 14.7659 | E24: 14.5844 | I24: all_speed | J24: cav0_speed | K24: cav1_speed | M24: 0.3
B25: 0.4 | C25: 14.3248 | D25: 14.7659 | E25: 14.5844 | I25: 14.0189 | J25: 16.67 | K25: 16.67 | M25: 0.4
B26: 0.5 | C26: 12.3833 | D26: 15.9279 | E26: 14.3501 | M26: 0.5 | N26: 12.6045 | O26: 16.348 | P26: 14.6805
B27: 0.6 | C27: 12.7103 | D27: 16.2935 | E27: 14.6971 | I27: PriMa40% | M27: 0.6 | N27: 12.6457 | O27: 16.217 | P27: 14.6262
B28: 0.7 | C28: 11.252 | D28: 16.4878 | E28: 14.0386 | I28: all_speed | J28: cav0_speed | K28: cav1_speed | M28: 0.7 | N28: 11.0455 | O28: 16.5017 | P28: 13.9494
B29: 0.8 | I29: 14.9334 | J29: 13.9486 | K29: 15.6855
B30: 0.9
B31: 1 | I31: 全て受け入れ
I32: all_speed | J32: cav0_speed | K32: cav1_speed
E33: 1000/1000 | I33: 14.4046 | J33: 14.6778 | K33: 14.2137

Sheet seed3
C2: 合流200m手前（後続110） | F2: 分母v_DT | G2: の予定 | I2: 加藤さん
B3: α | C3: vehicle0 | D3: vehicle1 | E3: all | F3: 10秒後 | I3: all_speed | J3: cav0_speed | K3: cav1_speed
B4: 0 | I4: 16.2038 | J4: 16.1834 | K4: 16.2225
B5: 0.1
B6: 0.2 | I6: PriMa20%
B7: 0.3 | C7: 16.2158 | D7: 16.1456 | E7: 16.1791 | I7: all_speed | J7: cav0_speed | K7: cav1_speed | M7: 0.3
B8: 0.4 | C8: 16.1834 | D8: 16.2225 | E8: 16.2038 | I8: 14.7402 | J8: 13.0121 | K8: 16.67 | M8: 0.4
B9: 0.5 | C9: 16.0203 | D9: 16.2394 | E9: 16.1336 | M9: 0.5 | N9: 14.8766 | O9: 16.5565 | P9: 15.7174
B10: 0.6 | C10: 14.7397 | D10: 16.6068 | E10: 15.6685 | I10: PriMa40% | M10: 0.6 | N10: 14.7384 | O10: 16.607 | P10: 15.6679
B11: 0.7 | C11: 14.7384 | D11: 16.607 | E11: 15.6679 | I11: all_speed | J11: cav0_speed | K11: cav1_speed | M11: 0.7 | N11: 14.7384 | O11: 16.607 | P11: 15.6679
B12: 0.8 | I12: 15.7174 | J12: 14.8766 | K12: 16.5565
B13: 0.9
B14: 1 | I14: 全て受け入れ
I15: all_speed | J15: cav0_speed | K15: cav1_speed | N15: excel12分布
E16: 1000/1000 | I16: 16.1791 | J16: 16.2158 | K16: 16.1456
C19: 合流200m手前（後続110） | E19: (30s以降) | F19: 分母v_DT | G19: の予定 | I19: 加藤さん
B20: α | C20: vehicle0 | D20: vehicle1 | E20: all | F20: 10秒後 | I20: all_speed | J20: cav0_speed | K20: cav1_speed
B21: 0 | I21: 16.1709 | J21: 16.356 | K21: 15.9182
B22: 0.1
B23: 0.2 | I23: PriMa20%
B24: 0.3 | C24: 16.4019 | D24: 15.7621 | E24: 16.1294 | I24: all_speed | J24: cav0_speed | K24: cav1_speed | M24: 0.3
B25: 0.4 | C25: 16.356 | D25: 15.9182 | E25: 16.1709 | I25: 14.1486 | J25: 12.7297 | K25: 16.67 | M25: 0.4
B26: 0.5 | C26: 16.1252 | D26: 15.9525 | E26: 16.053 | M26: 0.5 | N26: 14.5483 | O26: 16.6155 | P26: 15.3598
B27: 0.6 | C27: 14.5851 | D27: 16.669 | E27: 15.4035 | I27: PriMa40% | M27: 0.6 | N27: 14.5833 | O27: 16.6693 | P27: 15.4025
B28: 0.7 | C28: 14.5833 | D28: 16.6693 | E28: 15.4025 | I28: all_speed | J28: cav0_speed | K28: cav1_speed | M28: 0.7 | N28: 14.5833 | O28: 16.6693 | P28: 15.4025
B29: 0.8 | I29: 15.3598 | J29: 14.5483 | K29: 16.6155
B30: 0.9
B31: 1 | I31: 全て受け入れ
I32: all_speed | J32: cav0_speed | K32: cav1_speed
E33: 1000/1000 | I33: 16.1294 | J33: 16.4019 | K33: 15.7621

Sheet seed4
C2: 合流200m手前（後続110） | F2: 分母v_DT | G2: の予定 | I2: 加藤さん
B3: α | C3: vehicle0 | D3: vehicle1 | E3: all | F3: 10秒後 | I3: all_speed | J3: cav0_speed | K3: cav1_speed
B4: 0 | I4: 15.2714 | J4: 14.3003 | K4: 16.4156
B5: 0.1
B6: 0.2 | I6: PriMa20%
B7: 0.3 | C7: 15.3154 | D7: 15.6674 | E7: 15.4833 | I7: all_speed | J7: cav0_speed | K7: cav1_speed | M7: 0.3
B8: 0.4 | C8: 14.8178 | D8: 15.0007 | E8: 14.906 | I8: 14.2773 | J8: 12.4408 | K8: 16.67 | M8: 0.4
B9: 0.5 | C9: 15.2088 | D9: 16.0801 | E9: 15.6217 | M9: 0.5 | N9: 15.2088 | O9: 16.0801 | P9: 15.6217
B10: 0.6 | C10: 13.1983 | D10: 15.3318 | E10: 14.1921 | I10: PriMa40% | M10: 0.6 | N10: 13.685 | O10: 16.2394 | P10: 14.8373
B11: 0.7 | C11: 12.6546 | D11: 16.3617 | E11: 14.301 | I11: all_speed | J11: cav0_speed | K11: cav1_speed | M11: 0.7 | N11: 12.6599 | O11: 16.509 | P11: 14.3574
B12: 0.8 | I12: 15.5534 | J12: 14.9427 | K12: 16.2495
B13: 0.9
B14: 1 | I14: 全て受け入れ | N14: excel12分布
I15: all_speed | J15: cav0_speed | K15: cav1_speed
E16: 1000/1000 | I16: 15.4833 | J16: 15.3154 | K16: 15.6674
C19: 合流200m手前（後続110） | E19: (30s以降) | F19: 分母v_DT | G19: の予定 | I19: 加藤さん
B20: α | C20: vehicle0 | D20: vehicle1 | E20: all | F20: 10秒後 | I20: all_speed | J20: cav0_speed | K20: cav1_speed
B21: 0 | I21: 14.5281 | J21: 13.1105 | K21: 16.3008
B22: 0.1
B23: 0.2 | I23: PriMa20%
B24: 0.3 | C24: 14.7572 | D24: 15.0203 | E24: 14.8822 | I24: all_speed | J24: cav0_speed | K24: cav1_speed | M24: 0.3
B25: 0.4 | C25: 13.8965 | D25: 13.8982 | E25: 13.8973 | I25: 13.2136 | J25: 10.8577 | K25: 16.67 | M25: 0.4
B26: 0.5 | C26: 14.5782 | D26: 15.7238 | E26: 15.1161 | M26: 0.5 | N26: 14.5782 | O26: 15.7238 | P26: 15.1161
B27: 0.6 | C27: 11.9495 | D27: 14.4203 | E27: 13.0803 | I27: PriMa40% | M27: 0.6 | N27: 12.7502 | O27: 15.918 | P27: 14.1211
B28: 0.7 | C28: 11.1412 | D28: 16.1301 | E28: 13.2441 | I28: all_speed | J28: cav0_speed | K28: cav1_speed | M28: 0.7 | N28: 11.1613 | O28: 16.3864 | P28: 13.3365
B29: 0.8 | I29: 15.0013 | J29: 14.1459 | K29: 16.0126
B30: 0.9
B31: 1 | I31: 全て受け入れ
I32: all_speed | J32: cav0_speed | K32: cav1_speed
E33: 1000/1000 | I33: 14.8822 | J33: 14.7572 | K33: 15.0203

Sheet seed5
C2: 合流200m手前（後続110） | F2: 分母v_DT | G2: の予定 | I2: 加藤さん
B3: α | C3: vehicle0 | D3: vehicle1 | E3: all | F3: 10秒後 | I3: all_speed | J3: cav0_speed | K3: cav1_speed
B4: 0 | I4: 15.1854 | J4: 14.2959 | K4: 16.2563
B5: 0.1
B6: 0.2 | I6: PriMa20%
B7: 0.3 | C7: 14.9949 | D7: 13.8578 | E7: 14.4661 | I7: all_speed | J7: cav0_speed | K7: cav1_speed | M7: 0.3
B8: 0.4 | C8: 15.0181 | D8: 13.4876 | E8: 14.2875 | I8: 13.8556 | J8: 11.7876 | K8: 16.67 | M8: 0.4
B9: 0.5 | C9: 14.9297 | D9: 15.8701 | E9: 15.3642 | M9: 0.5 | N9: 14.9308 | O9: 15.9299 | P9: 15.3924
B10: 0.6 | C10: 14.5634 | D10: 15.751 | E10: 15.1022 | I10: PriMa40% | M10: 0.6 | N10: 14.2959 | O10: 16.2563 | P10: 15.1854
B11: 0.7 | C11: 14.5214 | D11: 16.0164 | E11: 15.1998 | I11: all_speed | J11: cav0_speed | K11: cav1_speed | M11: 0.7 | N11: 14.5214 | O11: 16.0164 | P11: 15.1998
B12: 0.8 | I12: 15.4903 | J12: 14.9729 | K12: 16.0934
B13: 0.9
B14: 1 | I14: 全て受け入れ | N14: excel12分布
I15: all_speed | J15: cav0_speed | K15: cav1_speed
E16: 1000/1000 | I16: 13.1837 | J16: 15.8562 | K16: 10.3655
C19: 合流200m手前（後続110） | E19: (30s以降) | F19: 分母v_DT | G19: の予定 | I19: 加藤さん
B20: α | C20: vehicle0 | D20: vehicle1 | E20: all | F20: 10秒後 | I20: all_speed | J20: cav0_speed | K20: cav1_speed
B21: 0 | I21: 14.8145 | J21: 13.4234 | K21: 16.3245
B22: 0.1
B23: 0.2 | I23: PriMa20%
B24: 0.3 | C24: 14.516 | D24: 12.946 | E24: 13.7373 | I24: all_speed | J24: cav0_speed | K24: cav1_speed | M24: 0.3
B25: 0.4 | C25: 14.5455 | D25: 12.4818 | E25: 13.485 | I25: 12.8544 | J25: 9.9392 | K25: 16.67 | M25: 0.4
B26: 0.5 | C26: 14.4084 | D26: 15.7739 | E26: 15.0809 | M26: 0.5 | N26: 14.4102 | O26: 15.8591 | P26: 15.1237
B27: 0.6 | C27: 13.8475 | D27: 15.6024 | E27: 14.689 | I27: PriMa40% | M27: 0.6 | N27: 13.4234 | O27: 16.3245 | P27: 14.8145
B28: 0.7 | C28: 13.7809 | D28: 15.9817 | E28: 14.8362 | I28: all_speed | J28: cav0_speed | K28: cav1_speed | M28: 0.7 | N28: 13.7809 | O28: 15.9817 | P28: 14.8362
B29: 0.8 | I29: 15.2723 | J29: 14.4782 | K29: 16.0918
B30: 0.9
B31: 1 | I31: 全て受け入れ
I32: all_speed | J32: cav0_speed | K32: cav1_speed
E33: 1000/1000 | I33: 11.8459 | J33: 15.8907 | K33: 8.2247

Sheet average1-5
C2: 合流200m手前（後続110） | F2: 分母v_DT | G2: の予定 | I2: 加藤さん
B3: α | C3: vehicle0 | D3: vehicle1 | E3: all | F3: 10秒後 | I3: all_speed | J3: cav0_speed | K3: cav1_speed
B4: 0 | C4: =ROUND(AVERAGE(seed1!C4,seed2!C4,seed3!C4,seed4!C4,seed5!C4),4) -> #DIV/0! | D4: =ROUND(AVERAGE(seed1!D4,seed2!D4,seed3!D4,seed4!D4,seed5!D4),4) -> #DIV/0! | E4: =ROUND(AVERAGE(seed1!E4,seed2!E4,seed3!E4,seed4!E4,seed5!E4),4) -> #DIV/0! | I4: =ROUND(AVERAGE(seed1!I4,seed2!I4,seed3!I4,seed4!I4,seed5!I4),4) -> 15.1543 | J4: =ROUND(AVERAGE(seed1!J4,seed2!J4,seed3!J4,seed4!J4,seed5!J4),4) -> 14.1167 | K4: =ROUND(AVERAGE(seed1!K4,seed2!K4,seed3!K4,seed4!K4,seed5!K4),4) -> 16.3654
B5: 0.1 | C5: =ROUND(AVERAGE(seed1!C5,seed2!C5,seed3!C5,seed4!C5,seed5!C5),4) -> #DIV/0! | D5: =ROUND(AVERAGE(seed1!D5,seed2!D5,seed3!D5,seed4!D5,seed5!D5),4) -> #DIV/0! | E5: =ROUND(AVERAGE(seed1!E5,seed2!E5,seed3!E5,seed4!E5,seed5!E5),4) -> #DIV/0!
B6: 0.2 | C6: =ROUND(AVERAGE(seed1!C6,seed2!C6,seed3!C6,seed4!C6,seed5!C6),4) -> #DIV/0! | D6: =ROUND(AVERAGE(seed1!D6,seed2!D6,seed3!D6,seed4!D6,seed5!D6),4) -> #DIV/0! | E6: =ROUND(AVERAGE(seed1!E6,seed2!E6,seed3!E6,seed4!E6,seed5!E6),4) -> #DIV/0! | I6: PriMa20%
B7: 0.3 | C7: =ROUND(AVERAGE(seed1!C7,seed2!C7,seed3!C7,seed4!C7,seed5!C7),4) -> 15.3056 | D7: =ROUND(AVERAGE(seed1!D7,seed2!D7,seed3!D7,seed4!D7,seed5!D7),4) -> 14.8273 | E7: =ROUND(AVERAGE(seed1!E7,seed2!E7,seed3!E7,seed4!E7,seed5!E7),4) -> 15.0741 | I7: all_speed | J7: cav0_speed | K7: cav1_speed | M7: 0.3
B8: 0.4 | C8: =ROUND(AVERAGE(seed1!C8,seed2!C8,seed3!C8,seed4!C8,seed5!C8),4) -> 15.1528 | D8: =ROUND(AVERAGE(seed1!D8,seed2!D8,seed3!D8,seed4!D8,seed5!D8),4) -> 14.687 | E8: =ROUND(AVERAGE(seed1!E8,seed2!E8,seed3!E8,seed4!E8,seed5!E8),4) -> 14.9274 | I8: =ROUND(AVERAGE(seed1!I8,seed2!I8,seed3!I8,seed4!I8,seed5!I8),4) -> 14.2312 | J8: =ROUND(AVERAGE(seed1!J8,seed2!J8,seed3!J8,seed4!J8,seed5!J8),4) -> 12.2862 | K8: =ROUND(AVERAGE(seed1!K8,seed2!K8,seed3!K8,seed4!K8,seed5!K8),4) -> 16.67 | M8: 0.4
B9: 0.5 | C9: =ROUND(AVERAGE(seed1!C9,seed2!C9,seed3!C9,seed4!C9,seed5!C9),4) -> 14.907 | D9: =ROUND(AVERAGE(seed1!D9,seed2!D9,seed3!D9,seed4!D9,seed5!D9),4) -> 15.7459 | E9: =ROUND(AVERAGE(seed1!E9,seed2!E9,seed3!E9,seed4!E9,seed5!E9),4) -> 15.3109 | M9: 0.5 | N9: =ROUND(AVERAGE(seed1!N9,seed2!N9,seed3!N9,seed4!N9,seed5!N9),4) -> 14.7085 | O9: =ROUND(AVERAGE(seed1!O9,seed2!O9,seed3!O9,seed4!O9,seed5!O9),4) -> 15.9956 | P9: =ROUND(AVERAGE(seed1!P9,seed2!P9,seed3!P9,seed4!P9,seed5!P9),4) -> 15.3337
B10: 0.6 | C10: =ROUND(AVERAGE(seed1!C10,seed2!C10,seed3!C10,seed4!C10,seed5!C10),4) -> 14.1067 | D10: =ROUND(AVERAGE(seed1!D10,seed2!D10,seed3!D10,seed4!D10,seed5!D10),4) -> 16.067 | E10: =ROUND(AVERAGE(seed1!E10,seed2!E10,seed3!E10,seed4!E10,seed5!E10),4) -> 15.0377 | I10: PriMa40% | M10: 0.6 | N10: =ROUND(AVERAGE(seed1!N10,seed2!N10,seed3!N10,seed4!N10,seed5!N10),4) -> 14.0912 | O10: =ROUND(AVERAGE(seed1!O10,seed2!O10,seed3!O10,seed4!O10,seed5!O10),4) -> 16.3698 | P10: =ROUND(AVERAGE(seed1!P10,seed2!P10,seed3!P10,seed4!P10,seed5!P10),4) -> 15.1606
B11: 0.7 | C11: =ROUND(AVERAGE(seed1!C11,seed2!C11,seed3!C11,seed4!C11,seed5!C11),4) -> 13.7045 | D11: =ROUND(AVERAGE(seed1!D11,seed2!D11,seed3!D11,seed4!D11,seed5!D11),4) -> 16.4027 | E11: =ROUND(AVERAGE(seed1!E11,seed2!E11,seed3!E11,seed4!E11,seed5!E11),4) -> 14.9555 | I11: all_speed | J11: cav0_speed | K11: cav1_speed | M11: 0.7 | N11: =ROUND(AVERAGE(seed1!N11,seed2!N11,seed3!N11,seed4!N11,seed5!N11),4) -> 13.678 | O11: =ROUND(AVERAGE(seed1!O11,seed2!O11,seed3!O11,seed4!O11,seed5!O11),4) -> 16.4402 | P11: =ROUND(AVERAGE(seed1!P11,seed2!P11,seed3!P11,seed4!P11,seed5!P11),4) -> 14.9559
B12: 0.8 | C12: =ROUND(AVERAGE(seed1!C12,seed2!C12,seed3!C12,seed4!C12,seed5!C12),4) -> #DIV/0! | D12: =ROUND(AVERAGE(seed1!D12,seed2!D12,seed3!D12,seed4!D12,seed5!D12),4) -> #DIV/0! | E12: =ROUND(AVERAGE(seed1!E12,seed2!E12,seed3!E12,seed4!E12,seed5!E12),4) -> #DIV/0! | I12: =ROUND(AVERAGE(seed1!I12,seed2!I12,seed3!I12,seed4!I12,seed5!I12),4) -> 15.347 | J12: =ROUND(AVERAGE(seed1!J12,seed2!J12,seed3!J12,seed4!J12,seed5!J12),4) -> 14.5801 | K12: =ROUND(AVERAGE(seed1!K12,seed2!K12,seed3!K12,seed4!K12,seed5!K12),4) -> 16.1945
B13: 0.9 | C13: =ROUND(AVERAGE(seed1!C13,seed2!C13,seed3!C13,seed4!C13,seed5!C13),4) -> #DIV/0! | D13: =ROUND(AVERAGE(seed1!D13,seed2!D13,seed3!D13,seed4!D13,seed5!D13),4) -> #DIV/0! | E13: =ROUND(AVERAGE(seed1!E13,seed2!E13,seed3!E13,seed4!E13,seed5!E13),4) -> #DIV/0!
B14: 1 | C14: =ROUND(AVERAGE(seed1!C14,seed2!C14,seed3!C14,seed4!C14,seed5!C14),4) -> #DIV/0! | D14: =ROUND(AVERAGE(seed1!D14,seed2!D14,seed3!D14,seed4!D14,seed5!D14),4) -> #DIV/0! | E14: =ROUND(AVERAGE(seed1!E14,seed2!E14,seed3!E14,seed4!E14,seed5!E14),4) -> #DIV/0! | I14: 全て受け入れ
I15: all_speed | J15: cav0_speed | K15: cav1_speed
E16: 1000/1000 | I16: =ROUND(AVERAGE(seed1!I16,seed2!I16,seed3!I16,seed4!I16,seed5!I16),4) -> 14.7942 | J16: =ROUND(AVERAGE(seed1!J16,seed2!J16,seed3!J16,seed4!J16,seed5!J16),4) -> 15.5166 | K16: =ROUND(AVERAGE(seed1!K16,seed2!K16,seed3!K16,seed4!K16,seed5!K16),4) -> 14.046
C19: 合流200m手前（後続110） | E19: (30s以降) | F19: 分母v_DT | G19: の予定 | I19: 加藤さん
B20: α | C20: vehicle0 | D20: vehicle1 | E20: all | F20: 10秒後 | I20: all_speed | J20: cav0_speed | K20: cav1_speed
B21: 0 | C21: =ROUND(AVERAGE(seed1!C21,seed2!C21,seed3!C21,seed4!C21,seed5!C21),4) -> #DIV/0! | D21: =ROUND(AVERAGE(seed1!D21,seed2!D21,seed3!D21,seed4!D21,seed5!D21),4) -> #DIV/0! | E21: =ROUND(AVERAGE(seed1!E21,seed2!E21,seed3!E21,seed4!E21,seed5!E21),4) -> #DIV/0! | I21: =ROUND(AVERAGE(seed1!I21,seed2!I21,seed3!I21,seed4!I21,seed5!I21),4) -> 14.5312 | J21: =ROUND(AVERAGE(seed1!J21,seed2!J21,seed3!J21,seed4!J21,seed5!J21),4) -> 12.9242 | K21: =ROUND(AVERAGE(seed1!K21,seed2!K21,seed3!K21,seed4!K21,seed5!K21),4) -> 16.2969
B22: 0.1 | C22: =ROUND(AVERAGE(seed1!C22,seed2!C22,seed3!C22,seed4!C22,seed5!C22),4) -> #DIV/0! | D22: =ROUND(AVERAGE(seed1!D22,seed2!D22,seed3!D22,seed4!D22,seed5!D22),4) -> #DIV/0! | E22: =ROUND(AVERAGE(seed1!E22,seed2!E22,seed3!E22,seed4!E22,seed5!E22),4) -> #DIV/0!
B23: 0.2 | C23: =ROUND(AVERAGE(seed1!C23,seed2!C23,seed3!C23,seed4!C23,seed5!C23),4) -> #DIV/0! | D23: =ROUND(AVERAGE(seed1!D23,seed2!D23,seed3!D23,seed4!D23,seed5!D23),4) -> #DIV/0! | E23: =ROUND(AVERAGE(seed1!E23,seed2!E23,seed3!E23,seed4!E23,seed5!E23),4) -> #DIV/0! | I23: PriMa20%
B24: 0.3 | C24: =ROUND(AVERAGE(seed1!C24,seed2!C24,seed3!C24,seed4!C24,seed5!C24),4) -> 14.7667 | D24: =ROUND(AVERAGE(seed1!D24,seed2!D24,seed3!D24,seed4!D24,seed5!D24),4) -> 14.0236 | E24: =ROUND(AVERAGE(seed1!E24,seed2!E24,seed3!E24,seed4!E24,seed5!E24),4) -> 14.4133 | I24: all_speed | J24: cav0_speed | K24: cav1_speed | M24: 0.3
B25: 0.4 | C25: =ROUND(AVERAGE(seed1!C25,seed2!C25,seed3!C25,seed4!C25,seed5!C25),4) -> 14.5122 | D25: =ROUND(AVERAGE(seed1!D25,seed2!D25,seed3!D25,seed4!D25,seed5!D25),4) -> 13.816 | E25: =ROUND(AVERAGE(seed1!E25,seed2!E25,seed3!E25,seed4!E25,seed5!E25),4) -> 14.1721 | I25: =ROUND(AVERAGE(seed1!I25,seed2!I25,seed3!I25,seed4!I25,seed5!I25),4) -> 13.2627 | J25: =ROUND(AVERAGE(seed1!J25,seed2!J25,seed3!J25,seed4!J25,seed5!J25),4) -> 11.8354 | K25: =ROUND(AVERAGE(seed1!K25,seed2!K25,seed3!K25,seed4!K25,seed5!K25),4) -> 16.67 | M25: 0.4
B26: 0.5 | C26: =ROUND(AVERAGE(seed1!C26,seed2!C26,seed3!C26,seed4!C26,seed5!C26),4) -> 14.1196 | D26: =ROUND(AVERAGE(seed1!D26,seed2!D26,seed3!D26,seed4!D26,seed5!D26),4) -> 15.3569 | E26: =ROUND(AVERAGE(seed1!E26,seed2!E26,seed3!E26,seed4!E26,seed5!E26),4) -> 14.7703 | M26: 0.5 | N26: =ROUND(AVERAGE(seed1!N26,seed2!N26,seed3!N26,seed4!N26,seed5!N26),4) -> 13.8563 | O26: =ROUND(AVERAGE(seed1!O26,seed2!O26,seed3!O26,seed4!O26,seed5!O26),4) -> 15.762 | P26: =ROUND(AVERAGE(seed1!P26,seed2!P26,seed3!P26,seed4!P26,seed5!P26),4) -> 14.7939
B27: 0.6 | C27: =ROUND(AVERAGE(seed1!C27,seed2!C27,seed3!C27,seed4!C27,seed5!C27),4) -> 13.0918 | D27: =ROUND(AVERAGE(seed1!D27,seed2!D27,seed3!D27,seed4!D27,seed5!D27),4) -> 15.8384 | E27: =ROUND(AVERAGE(seed1!E27,seed2!E27,seed3!E27,seed4!E27,seed5!E27),4) -> 14.3946 | I27: PriMa40% | M27: 0.6 | N27: =ROUND(AVERAGE(seed1!N27,seed2!N27,seed3!N27,seed4!N27,seed5!N27),4) -> 13.0759 | O27: =ROUND(AVERAGE(seed1!O27,seed2!O27,seed3!O27,seed4!O27,seed5!O27),4) -> 16.317 | P27: =ROUND(AVERAGE(seed1!P27,seed2!P27,seed3!P27,seed4!P27,seed5!P27),4) -> 14.5926
B28: 0.7 | C28: =ROUND(AVERAGE(seed1!C28,seed2!C28,seed3!C28,seed4!C28,seed5!C28),4) -> 12.4776 | D28: =ROUND(AVERAGE(seed1!D28,seed2!D28,seed3!D28,seed4!D28,seed5!D28),4) -> 16.3709 | E28: =ROUND(AVERAGE(seed1!E28,seed2!E28,seed3!E28,seed4!E28,seed5!E28),4) -> 14.2714 | I28: all_speed | J28: cav0_speed | K28: cav1_speed | M28: 0.7 | N28: =ROUND(AVERAGE(seed1!N28,seed2!N28,seed3!N28,seed4!N28,seed5!N28),4) -> 12.4352 | O28: =ROUND(AVERAGE(seed1!O28,seed2!O28,seed3!O28,seed4!O28,seed5!O28),4) -> 16.4345 | P28: =ROUND(AVERAGE(seed1!P28,seed2!P28,seed3!P28,seed4!P28,seed5!P28),4) -> 14.2734
B29: 0.8 | C29: =ROUND(AVERAGE(seed1!C29,seed2!C29,seed3!C29,seed4!C29,seed5!C29),4) -> #DIV/0! | D29: =ROUND(AVERAGE(seed1!D29,seed2!D29,seed3!D29,seed4!D29,seed5!D29),4) -> #DIV/0! | E29: =ROUND(AVERAGE(seed1!E29,seed2!E29,seed3!E29,seed4!E29,seed5!E29),4) -> #DIV/0! | I29: =ROUND(AVERAGE(seed1!I29,seed2!I29,seed3!I29,seed4!I29,seed5!I29),4) -> 14.8127 | J29: =ROUND(AVERAGE(seed1!J29,seed2!J29,seed3!J29,seed4!J29,seed5!J29),4) -> 13.7106 | K29: =ROUND(AVERAGE(seed1!K29,seed2!K29,seed3!K29,seed4!K29,seed5!K29),4) -> 16.0852
B30: 0.9 | C30: =ROUND(AVERAGE(seed1!C30,seed2!C30,seed3!C30,seed4!C30,seed5!C30),4) -> #DIV/0! | D30: =ROUND(AVERAGE(seed1!D30,seed2!D30,seed3!D30,seed4!D30,seed5!D30),4) -> #DIV/0! | E30: =ROUND(AVERAGE(seed1!E30,seed2!E30,seed3!E30,seed4!E30,seed5!E30),4) -> #DIV/0!
B31: 1 | C31: =ROUND(AVERAGE(seed1!C31,seed2!C31,seed3!C31,seed4!C31,seed5!C31),4) -> #DIV/0! | D31: =ROUND(AVERAGE(seed1!D31,seed2!D31,seed3!D31,seed4!D31,seed5!D31),4) -> #DIV/0! | E31: =ROUND(AVERAGE(seed1!E31,seed2!E31,seed3!E31,seed4!E31,seed5!E31),4) -> #DIV/0! | I31: 全て受け入れ
I32: all_speed | J32: cav0_speed | K32: cav1_speed
E33: 1000/1000 | I33: =ROUND(AVERAGE(seed1!I33,seed2!I33,seed3!I33,seed4!I33,seed5!I33),4) -> 13.9991 | J33: =ROUND(AVERAGE(seed1!J33,seed2!J33,seed3!J33,seed4!J33,seed5!J33),4) -> 15.1123 | K33: =ROUND(AVERAGE(seed1!K33,seed2!K33,seed3!K33,seed4!K33,seed5!K33),4) -> 13.2889

Sheet seed1_90s
C2: 合流200m手前（後続110） | F2: 分母v_DT | G2: の予定 | I2: 加藤さん | M2: 線形、v_max
B3: α | C3: vehicle0 | D3: vehicle1 | E3: all | F3: 10秒後 | I3: all_speed | J3: cav0_speed | K3: cav1_speed | M3: all_speed | N3: cav0_speed | O3: cav1_speed
B4: 0 | I4: 13.3282 | J4: 11.1765 | K4: 16.1254 | M4: 13.1447 | N4: 11.4646 | O4: 15.2908
B5: 0.1
B6: 0.2 | I6: PriMa20% | M6: 線形、v_DT
B7: 0.3 | I7: all_speed | J7: cav0_speed | K7: cav1_speed | M7: all_speed | N7: cav0_speed | O7: cav1_speed
B8: 0.4 | I8: 12.9891 | J8: 10.3566 | K8: 16.6539 | M8: 12.7028 | N8: 12.3807 | O8: 13.0632
B9: 0.5
B10: 0.6 | I10: PriMa40% | M10: 2次、v_max
B11: 0.7 | I11: all_speed | J11: cav0_speed | K11: cav1_speed | M11: all_speed | N11: cav0_speed | O11: cav1_speed
B12: 0.8 | I12: 13.6985 | J12: 11.757 | K12: 16.2263 | M12: 13.1476 | N12: 11.4664 | O12: 15.2952
B13: 0.9
B14: 1 | I14: 全て受け入れ | M14: 2次、v_DT
I15: all_speed | J15: cav0_speed | K15: cav1_speed | M15: all_speed | N15: cav0_speed | O15: cav1_speed
E16: 1000/1000 | I16: 12.3548 | J16: 13.1778 | K16: 11.5046 | M16: 12.7022 | N16: 12.4374 | O16: 12.9948
C19: 合流200m手前（後続110） | E19: (30s以降) | F19: 分母v_DT | G19: の予定 | I19: 加藤さん | M19: 線形、v_max
B20: α | C20: vehicle0 | D20: vehicle1 | E20: all | F20: 10秒後 | I20: all_speed | J20: cav0_speed | K20: cav1_speed | M20: all_speed | N20: cav0_speed | O20: cav1_speed
B21: 0 | I21: 12.8102 | J21: 10.2006 | K21: 16.2124 | M21: 12.5798 | N21: 10.5575 | O21: 15.1586
B22: 0.1
B23: 0.2 | I23: PriMa20% | M23: 線形、v_DT
B24: 0.3 | I24: all_speed | J24: cav0_speed | K24: cav1_speed | M24: all_speed | N24: cav0_speed | O24: cav1_speed
B25: 0.4 | I25: 12.2892 | J25: 9.2216 | K25: 16.6495 | M25: 12.0339 | N25: 11.6744 | O25: 12.4222
B26: 0.5
B27: 0.6 | I27: PriMa40% | M27: 2次、v_max
B28: 0.7 | I28: all_speed | J28: cav0_speed | K28: cav1_speed | M28: all_speed | N28: cav0_speed | O28: cav1_speed
B29: 0.8 | I29: 13.1699 | J29: 10.9211 | K29: 16.1074 | M29: 12.5835 | N29: 10.5597 | O29: 15.1641
B30: 0.9
B31: 1 | I31: 全て受け入れ | M31: 2次、v_DT
I32: all_speed | J32: cav0_speed | K32: cav1_speed | M32: all_speed | N32: cav0_speed | O32: cav1_speed
E33: 1000/1000 | I33: 11.5907 | J33: 12.6657 | K33: 10.5411 | M33: 12.0379 | N33: 11.7466 | O33: 12.3476

Sheet seed2_90s
C2: 合流200m手前（後続110） | F2: 分母v_DT | G2: の予定 | I2: 加藤さん | M2: 線形、v_max
B3: α | C3: vehicle0 | D3: vehicle1 | E3: all | F3: 10秒後 | I3: all_speed | J3: cav0_speed | K3: cav1_speed | M3: all_speed | N3: cav0_speed | O3: cav1_speed
B4: 0 | I4: 13.1357 | J4: 11.4564 | K4: 15.02
B5: 0.1
B6: 0.2 | I6: PriMa20% | M6: 線形、v_DT
B7: 0.3 | I7: all_speed | J7: cav0_speed | K7: cav1_speed | M7: all_speed | N7: cav0_speed | O7: cav1_speed
B8: 0.4 | I8: 11.3217 | J8: 7.9661 | K8: 16.67
B9: 0.5
B10: 0.6 | I10: PriMa40% | M10: 2次、v_max
B11: 0.7 | I11: all_speed | J11: cav0_speed | K11: cav1_speed | M11: all_speed | N11: cav0_speed | O11: cav1_speed
B12: 0.8 | I12: 13.4411 | J12: 11.9498 | K12: 15.1425
B13: 0.9
B14: 1 | I14: 全て受け入れ | M14: 2次、v_DT
I15: all_speed | J15: cav0_speed | K15: cav1_speed | M15: all_speed | N15: cav0_speed | O15: cav1_speed
E16: 1000/1000 | I16: 12.597 | J16: 12.8719 | K16: 12.3272
C19: 合流200m手前（後続110） | E19: (30s以降) | F19: 分母v_DT | G19: の予定 | I19: 加藤さん | M19: 線形、v_max
B20: α | C20: vehicle0 | D20: vehicle1 | E20: all | F20: 10秒後 | I20: all_speed | J20: cav0_speed | K20: cav1_speed | M20: all_speed | N20: cav0_speed | O20: cav1_speed
B21: 0 | I21: 12.409 | J21: 10.2084 | K21: 14.7389
B22: 0.1
B23: 0.2 | I23: PriMa20% | M23: 線形、v_DT
B24: 0.3 | I24: all_speed | J24: cav0_speed | K24: cav1_speed | M24: all_speed | N24: cav0_speed | O24: cav1_speed
B25: 0.4 | I25: 10.4366 | J25: 6.5745 | K25: 16.67
B26: 0.5
B27: 0.6 | I27: PriMa40% | M27: 2次、v_max
B28: 0.7 | I28: all_speed | J28: cav0_speed | K28: cav1_speed | M28: all_speed | N28: cav0_speed | O28: cav1_speed
B29: 0.8 | I29: 12.7849 | J29: 10.8474 | K29: 14.8934
B30: 0.9
B31: 1 | I31: 全て受け入れ | M31: 2次、v_DT
I32: all_speed | J32: cav0_speed | K32: cav1_speed | M32: all_speed | N32: cav0_speed | O32: cav1_speed
E33: 1000/1000 | I33: 11.783 | J33: 11.963 | K33: 11.6207

Sheet seed3_90s
C2: 合流200m手前（後続110） | F2: 分母v_DT | G2: の予定 | I2: 加藤さん | M2: 線形、v_max
B3: α | C3: vehicle0 | D3: vehicle1 | E3: all | F3: 10秒後 | I3: all_speed | J3: cav0_speed | K3: cav1_speed | M3: all_speed | N3: cav0_speed | O3: cav1_speed
B4: 0 | I4: 11.2105 | J4: 8.4549 | K4: 15.7707
B5: 0.1
B6: 0.2 | I6: PriMa20% | M6: 線形、v_DT
B7: 0.3 | I7: all_speed | J7: cav0_speed | K7: cav1_speed | M7: all_speed | N7: cav0_speed | O7: cav1_speed
B8: 0.4 | I8: 11.1048 | J8: 7.8833 | K8: 16.6516
B9: 0.5
B10: 0.6 | I10: PriMa40% | M10: 2次、v_max
B11: 0.7 | I11: all_speed | J11: cav0_speed | K11: cav1_speed | M11: all_speed | N11: cav0_speed | O11: cav1_speed
B12: 0.8 | I12: 12.8364 | J12: 10.4451 | K12: 16.3435
B13: 0.9
B14: 1 | I14: 全て受け入れ | M14: 2次、v_DT
I15: all_speed | J15: cav0_speed | K15: cav1_speed | M15: all_speed | N15: cav0_speed | O15: cav1_speed
E16: 1000/1000 | I16: 9.1415 | J16: 8.017 | K16: 10.4485
C19: 合流200m手前（後続110） | E19: (30s以降) | F19: 分母v_DT | G19: の予定 | I19: 加藤さん | M19: 線形、v_max
B20: α | C20: vehicle0 | D20: vehicle1 | E20: all | F20: 10秒後 | I20: all_speed | J20: cav0_speed | K20: cav1_speed | M20: all_speed | N20: cav0_speed | O20: cav1_speed
B21: 0 | I21: 10.173 | J21: 7.61 | K21: 15.436
B22: 0.1
B23: 0.2 | I23: PriMa20% | M23: 線形、v_DT
B24: 0.3 | I24: all_speed | J24: cav0_speed | K24: cav1_speed | M24: all_speed | N24: cav0_speed | O24: cav1_speed
B25: 0.4 | I25: 10.0611 | J25: 6.9871 | K25: 16.6422
B26: 0.5
B27: 0.6 | I27: PriMa40% | M27: 2次、v_max
B28: 0.7 | I28: all_speed | J28: cav0_speed | K28: cav1_speed | M28: all_speed | N28: cav0_speed | O28: cav1_speed
B29: 0.8 | I29: 12.1656 | J29: 9.7413 | K29: 16.4664
B30: 0.9
B31: 1 | I31: 全て受け入れ | M31: 2次、v_DT
I32: all_speed | J32: cav0_speed | K32: cav1_speed | M32: all_speed | N32: cav0_speed | O32: cav1_speed
E33: 1000/1000 | I33: 8.1744 | J33: 6.9759 | K33: 9.6812

Sheet seed4_90s
C2: 合流200m手前（後続110） | F2: 分母v_DT | G2: の予定 | I2: 加藤さん | M2: 線形、v_max
B3: α | C3: vehicle0 | D3: vehicle1 | E3: all | F3: 10秒後 | I3: all_speed | J3: cav0_speed | K3: cav1_speed | M3: all_speed | N3: cav0_speed | O3: cav1_speed
B4: 0 | I4: 14.6877 | J4: 13.237 | K4: 16.483
B5: 0.1
B6: 0.2 | I6: PriMa20% | M6: 線形、v_DT
B7: 0.3 | I7: all_speed | J7: cav0_speed | K7: cav1_speed | M7: all_speed | N7: cav0_speed | O7: cav1_speed
B8: 0.4 | I8: 13.0054 | J8: 10.4245 | K8: 16.67
B9: 0.5
B10: 0.6 | I10: PriMa40% | M10: 2次、v_max
B11: 0.7 | I11: all_speed | J11: cav0_speed | K11: cav1_speed | M11: all_speed | N11: cav0_speed | O11: cav1_speed
B12: 0.8 | I12: 14.0685 | J12: 12.2149 | K12: 16.5147
B13: 0.9
B14: 1 | I14: 全て受け入れ | M14: 2次、v_DT
I15: all_speed | J15: cav0_speed | K15: cav1_speed | M15: all_speed | N15: cav0_speed | O15: cav1_speed
E16: 1000/1000 | I16: 11.938 | J16: 13.1557 | K16: 10.7488
C19: 合流200m手前（後続110） | E19: (30s以降) | F19: 分母v_DT | G19: の予定 | I19: 加藤さん | M19: 線形、v_max
B20: α | C20: vehicle0 | D20: vehicle1 | E20: all | F20: 10秒後 | I20: all_speed | J20: cav0_speed | K20: cav1_speed | M20: all_speed | N20: cav0_speed | O20: cav1_speed
B21: 0 | I21: 14.1952 | J21: 12.4521 | K21: 16.4305
B22: 0.1
B23: 0.2 | I23: PriMa20% | M23: 線形、v_DT
B24: 0.3 | I24: all_speed | J24: cav0_speed | K24: cav1_speed | M24: all_speed | N24: cav0_speed | O24: cav1_speed
B25: 0.4 | I25: 12.1369 | J25: 9.1573 | K25: 16.67
B26: 0.5
B27: 0.6 | I27: PriMa40% | M27: 2次、v_max
B28: 0.7 | I28: all_speed | J28: cav0_speed | K28: cav1_speed | M28: all_speed | N28: cav0_speed | O28: cav1_speed
B29: 0.8 | I29: 13.4345 | J29: 11.2495 | K29: 16.4714
B30: 0.9
B31: 1 | I31: 全て受け入れ | M31: 2次、v_DT
I32: all_speed | J32: cav0_speed | K32: cav1_speed | M32: all_speed | N32: cav0_speed | O32: cav1_speed
E33: 1000/1000 | I33: 10.8428 | J33: 12.3405 | K33: 9.4173

Sheet seed5_90s
C2: 合流200m手前（後続110） | F2: 分母v_DT | G2: の予定 | I2: 加藤さん | M2: 線形、v_max
B3: α | C3: vehicle0 | D3: vehicle1 | E3: all | F3: 10秒後 | I3: all_speed | J3: cav0_speed | K3: cav1_speed | M3: all_speed | N3: cav0_speed | O3: cav1_speed
B4: 0 | I4: 13.4937 | J4: 11.4493 | K4: 16.0453
B5: 0.1
B6: 0.2 | I6: PriMa20% | M6: 線形、v_DT
B7: 0.3 | I7: all_speed | J7: cav0_speed | K7: cav1_speed | M7: all_speed | N7: cav0_speed | O7: cav1_speed
B8: 0.4 | I8: 11.3013 | J8: 7.9161 | K8: 16.67
B9: 0.5
B10: 0.6 | I10: PriMa40% | M10: 2次、v_max
B11: 0.7 | I11: all_speed | J11: cav0_speed | K11: cav1_speed | M11: all_speed | N11: cav0_speed | O11: cav1_speed
B12: 0.8 | I12: 13.3252 | J12: 11.0661 | K12: 16.1908
B13: 0.9
B14: 1 | I14: 全て受け入れ | M14: 2次、v_DT
I15: all_speed | J15: cav0_speed | K15: cav1_speed | M15: all_speed | N15: cav0_speed | O15: cav1_speed
E16: 1000/1000 | I16: 10.0874 | J16: 9.56 | K16: 10.6169
C19: 合流200m手前（後続110） | E19: (30s以降) | F19: 分母v_DT | G19: の予定 | I19: 加藤さん | M19: 線形、v_max
B20: α | C20: vehicle0 | D20: vehicle1 | E20: all | F20: 10秒後 | I20: all_speed | J20: cav0_speed | K20: cav1_speed | M20: all_speed | N20: cav0_speed | O20: cav1_speed
B21: 0 | I21: 12.9149 | J21: 10.8731 | K21: 15.8851
B22: 0.1
B23: 0.2 | I23: PriMa20% | M23: 線形、v_DT
B24: 0.3 | I24: all_speed | J24: cav0_speed | K24: cav1_speed | M24: all_speed | N24: cav0_speed | O24: cav1_speed
B25: 0.4 | I25: 10.3244 | J25: 7.0427 | K25: 16.67
B26: 0.5
B27: 0.6 | I27: PriMa40% | M27: 2次、v_max
B28: 0.7 | I28: all_speed | J28: cav0_speed | K28: cav1_speed | M28: all_speed | N28: cav0_speed | O28: cav1_speed
B29: 0.8 | I29: 12.6867 | J29: 10.3748 | K29: 16.1198
B30: 0.9
B31: 1 | I31: 全て受け入れ | M31: 2次、v_DT
I32: all_speed | J32: cav0_speed | K32: cav1_speed | M32: all_speed | N32: cav0_speed | O32: cav1_speed
E33: 1000/1000 | I33: 9.0128 | J33: 8.6593 | K33: 9.3948

Sheet seed6_90s
C2: 合流200m手前（後続110） | F2: 分母v_DT | G2: の予定 | I2: 加藤さん | M2: 線形、v_max
B3: α | C3: vehicle0 | D3: vehicle1 | E3: all | F3: 10秒後 | I3: all_speed | J3: cav0_speed | K3: cav1_speed | M3: all_speed | N3: cav0_speed | O3: cav1_speed
B4: 0 | I4: 12.3403 | J4: 10.0613 | K4: 15.5279
B5: 0.1
B6: 0.2 | I6: PriMa20% | M6: 線形、v_DT
B7: 0.3 | I7: all_speed | J7: cav0_speed | K7: cav1_speed | M7: all_speed | N7: cav0_speed | O7: cav1_speed
B8: 0.4 | I8: 11.1063 | J8: 7.874 | K8: 16.67
B9: 0.5
B10: 0.6 | I10: PriMa40% | M10: 2次、v_max
B11: 0.7 | I11: all_speed | J11: cav0_speed | K11: cav1_speed | M11: all_speed | N11: cav0_speed | O11: cav1_speed
B12: 0.8 | I12: 12.669 | J12: 10.373 | K12: 15.8777
B13: 0.9
B14: 1 | I14: 全て受け入れ | M14: 2次、v_DT
I15: all_speed | J15: cav0_speed | K15: cav1_speed | M15: all_speed | N15: cav0_speed | O15: cav1_speed
E16: 1000/1000 | I16: 9.9537 | J16: 8.5633 | K16: 11.6026
C19: 合流200m手前（後続110） | E19: (30s以降) | F19: 分母v_DT | G19: の予定 | I19: 加藤さん | M19: 線形、v_max
B20: α | C20: vehicle0 | D20: vehicle1 | E20: all | F20: 10秒後 | I20: all_speed | J20: cav0_speed | K20: cav1_speed | M20: all_speed | N20: cav0_speed | O20: cav1_speed
B21: 0 | I21: 11.8294 | J21: 9.6185 | K21: 15.4697
B22: 0.1
B23: 0.2 | I23: PriMa20% | M23: 線形、v_DT
B24: 0.3 | I24: all_speed | J24: cav0_speed | K24: cav1_speed | M24: all_speed | N24: cav0_speed | O24: cav1_speed
B25: 0.4 | I25: 10.3138 | J25: 7.2862 | K25: 16.67
B26: 0.5
B27: 0.6 | I27: PriMa40% | M27: 2次、v_max
B28: 0.7 | I28: all_speed | J28: cav0_speed | K28: cav1_speed | M28: all_speed | N28: cav0_speed | O28: cav1_speed
B29: 0.8 | I29: 12.1791 | J29: 9.9406 | K29: 15.8743
B30: 0.9
B31: 1 | I31: 全て受け入れ | M31: 2次、v_DT
I32: all_speed | J32: cav0_speed | K32: cav1_speed | M32: all_speed | N32: cav0_speed | O32: cav1_speed
E33: 1000/1000 | I33: 9.0898 | J33: 7.9367 | K33: 10.6139

Sheet average1-6
C2: 合流200m手前（後続110） | F2: 分母v_DT | G2: の予定 | I2: 加藤さん
B3: α | C3: vehicle0 | D3: vehicle1 | E3: all | F3: 10秒後 | I3: all_speed | J3: cav0_speed | K3: cav1_speed
B4: 0 | I4: =ROUND(AVERAGE(seed1_90s!I4,seed2_90s!I4,seed3_90s!I4,seed4_90s!I4,seed5_90s!I4,seed6_90s!I4),4) -> 13.0327 | J4: =ROUND(AVERAGE(seed1_90s!J4,seed2_90s!J4,seed3_90s!J4,seed4_90s!J4,seed5_90s!J4,seed6_90s!J4),4) -> 10.9726 | K4: =ROUND(AVERAGE(seed1_90s!K4,seed2_90s!K4,seed3_90s!K4,seed4_90s!K4,seed5_90s!K4,seed6_90s!K4),4) -> 15.8287
B5: 0.1
B6: 0.2 | I6: PriMa20%
B7: 0.3 | I7: all_speed | J7: cav0_speed | K7: cav1_speed
B8: 0.4 | I8: =ROUND(AVERAGE(seed1_90s!I8,seed2_90s!I8,seed3_90s!I8,seed4_90s!I8,seed5_90s!I8,seed6_90s!I8),4) -> 11.8048 | J8: =ROUND(AVERAGE(seed1_90s!J8,seed2_90s!J8,seed3_90s!J8,seed4_90s!J8,seed5_90s!J8,seed6_90s!J8),4) -> 8.7368 | K8: =ROUND(AVERAGE(seed1_90s!K8,seed2_90s!K8,seed3_90s!K8,seed4_90s!K8,seed5_90s!K8,seed6_90s!K8),4) -> 16.6643
B9: 0.5
B10: 0.6 | I10: PriMa40%
B11: 0.7 | I11: all_speed | J11: cav0_speed | K11: cav1_speed
B12: 0.8 | I12: =ROUND(AVERAGE(seed1_90s!I12,seed2_90s!I12,seed3_90s!I12,seed4_90s!I12,seed5_90s!I12,seed6_90s!I12),4) -> 13.3398 | J12: =ROUND(AVERAGE(seed1_90s!J12,seed2_90s!J12,seed3_90s!J12,seed4_90s!J12,seed5_90s!J12,seed6_90s!J12),4) -> 11.301 | K12: =ROUND(AVERAGE(seed1_90s!K12,seed2_90s!K12,seed3_90s!K12,seed4_90s!K12,seed5_90s!K12,seed6_90s!K12),4) -> 16.0493
B13: 0.9
B14: 1 | I14: 全て受け入れ
I15: all_speed | J15: cav0_speed | K15: cav1_speed
E16: 1000/1000 | I16: =ROUND(AVERAGE(seed1_90s!I16,seed2_90s!I16,seed3_90s!I16,seed4_90s!I16,seed5_90s!I16,seed6_90s!I16),4) -> 11.0121 | J16: =ROUND(AVERAGE(seed1_90s!J16,seed2_90s!J16,seed3_90s!J16,seed4_90s!J16,seed5_90s!J16,seed6_90s!J16),4) -> 10.891 | K16: =ROUND(AVERAGE(seed1_90s!K16,seed2_90s!K16,seed3_90s!K16,seed4_90s!K16,seed5_90s!K16,seed6_90s!K16),4) -> 11.2081
C19: 合流200m手前（後続110） | E19: (30s以降) | F19: 分母v_DT | G19: の予定 | I19: 加藤さん
B20: α | C20: vehicle0 | D20: vehicle1 | E20: all | F20: 10秒後 | I20: all_speed | J20: cav0_speed | K20: cav1_speed
B21: 0 | I21: =ROUND(AVERAGE(seed1_90s!I21,seed2_90s!I21,seed3_90s!I21,seed4_90s!I21,seed5_90s!I21,seed6_90s!I21),4) -> 12.3886 | J21: =ROUND(AVERAGE(seed1_90s!J21,seed2_90s!J21,seed3_90s!J21,seed4_90s!J21,seed5_90s!J21,seed6_90s!J21),4) -> 10.1605 | K21: =ROUND(AVERAGE(seed1_90s!K21,seed2_90s!K21,seed3_90s!K21,seed4_90s!K21,seed5_90s!K21,seed6_90s!K21),4) -> 15.6954
B22: 0.1
B23: 0.2 | I23: PriMa20%
B24: 0.3 | I24: all_speed | J24: cav0_speed | K24: cav1_speed
B25: 0.4 | I25: =ROUND(AVERAGE(seed1_90s!I25,seed2_90s!I25,seed3_90s!I25,seed4_90s!I25,seed5_90s!I25,seed6_90s!I25),4) -> 10.927 | J25: =ROUND(AVERAGE(seed1_90s!J25,seed2_90s!J25,seed3_90s!J25,seed4_90s!J25,seed5_90s!J25,seed6_90s!J25),4) -> 7.7116 | K25: =ROUND(AVERAGE(seed1_90s!K25,seed2_90s!K25,seed3_90s!K25,seed4_90s!K25,seed5_90s!K25,seed6_90s!K25),4) -> 16.662
B26: 0.5
B27: 0.6 | I27: PriMa40%
B28: 0.7 | I28: all_speed | J28: cav0_speed | K28: cav1_speed
B29: 0.8 | I29: =ROUND(AVERAGE(seed1_90s!I29,seed2_90s!I29,seed3_90s!I29,seed4_90s!I29,seed5_90s!I29,seed6_90s!I29),4) -> 12.7368 | J29: =ROUND(AVERAGE(seed1_90s!J29,seed2_90s!J29,seed3_90s!J29,seed4_90s!J29,seed5_90s!J29,seed6_90s!J29),4) -> 10.5125 | K29: =ROUND(AVERAGE(seed1_90s!K29,seed2_90s!K29,seed3_90s!K29,seed4_90s!K29,seed5_90s!K29,seed6_90s!K29),4) -> 15.9888
B30: 0.9
B31: 1 | I31: 全て受け入れ
I32: all_speed | J32: cav0_speed | K32: cav1_speed
E33: 1000/1000 | I33: =ROUND(AVERAGE(seed1_90s!I33,seed2_90s!I33,seed3_90s!I33,seed4_90s!I33,seed5_90s!I33,seed6_90s!I33),4) -> 10.0823 | J33: =ROUND(AVERAGE(seed1_90s!J33,seed2_90s!J33,seed3_90s!J33,seed4_90s!J33,seed5_90s!J33,seed6_90s!J33),4) -> 10.0902 | K33: =ROUND(AVERAGE(seed1_90s!K33,seed2_90s!K33,seed3_90s!K33,seed4_90s!K33,seed5_90s!K33,seed6_90s!K33),4) -> 10.2115
