Workbook

Sheet seed1
B2: 合流車線 | C2: 本線 | E2: 提案手法 | F2: 線形, v_max | I2: 提案手法 | J2: 2次, v_max | M2: 加藤さん | Q2: 全て受け入れ | U2: PriMa20% | Y2: PriMa40%
B3: [台/h] | C3: [台/h] | E3: all_speed | F3: cav0_speed | G3: cav1_speed | I3: all_speed | J3: cav0_speed | K3: cav1_speed | M3: all_speed | N3: cav0_speed | O3: cav1_speed | Q3: all_speed | R3: cav0_speed | S3: cav1_speed | U3: all_speed | V3: cav0_speed | W3: cav1_speed | Y3: all_speed | Z3: cav0_speed | AA3: cav1_speed
A5: 合流開始 | B5: 500 | C5: 1500
A6: 100m | B6: 600 | C6: 1400 | E6: 13.9807 | F6: 10.4802 | G6: 15.9305 | I6: 13.953 | J6: 10.7099 | K6: 15.6944 | M6: 13.316 | N6: 8.4585 | O6: 16.5916 | Q6: 15.0126 | R6: 15.1362 | S6: 14.9592 | U6: 13.3409 | V6: 8.4041 | W6: 16.67 | Y6: 14.4613 | Z6: 10.963 | AA6: 16.4341
A7: シミュ時間 | B7: 700 | C7: 1300 | E7: 14.3396 | F7: 11.5207 | G7: 16.2998 | I7: 14.4049 | J7: 11.7791 | K7: 16.1656 | M7: 13.4833 | N7: 9.5427 | O7: 16.6316 | U7: 13.4347 | V7: 9.3851 | W7: 16.67 | Y7: 14.4596 | Z7: 11.5775 | AA7: 16.4585
A8: 90s | B8: 800 | C8: 1200 | E8: 14.8798 | F8: 13.9894 | G8: 15.4995 | I8: 14.8798 | J8: 13.9894 | K8: 15.4995 | M8: 14.6327 | N8: 12.2469 | O8: 16.4714 | Q8: 13.9253 | R8: 13.9872 | S8: 13.8836 | U8: 13.2803 | V8: 9.5541 | W8: 16.67 | Y8: 14.859 | Z8: 14.4838 | AA8: 15.1201
B9: 900 | C9: 1100 | E9: 14.353 | F9: 13.8627 | G9: 14.7638 | I9: 14.186 | J9: 13.3457 | K9: 14.918 | M9: 13.5723 | N9: 10.8293 | O9: 16.4697 | U9: 13.9186 | V9: 11.1933 | W9: 16.6526 | Y9: 13.7034 | Z9: 12.0751 | AA9: 15.22
B10: 1000 | C10: 1000 | E10: 13.1447 | F10: 11.4646 | G10: 15.2908 | I10: 13.1476 | J10: 11.4664 | K10: 15.2952 | M10: 13.3282 | N10: 11.1765 | O10: 16.1254 | Q10: 12.3548 | R10: 13.1778 | S10: 11.5046 | U10: 12.9891 | V10: 10.3566 | W10: 16.6539 | Y10: 13.6985 | Z10: 11.757 | AA10: 16.2263
B11: 1100 | C11: 900 | E11: 13.1326 | F11: 11.9699 | G11: 14.7824 | I11: 13.2665 | J11: 11.9245 | K11: 15.2493 | M11: 11.8986 | N11: 9.688 | O11: 15.9007 | U11: 11.1115 | V11: 8.2609 | W11: 16.67 | Y11: 13.8425 | Z11: 12.5112 | AA11: 15.8756
B12: 1200 | C12: 800 | E12: 13.5338 | F12: 12.4747 | G12: 15.7075 | I12: 13.2615 | J12: 12.0978 | K12: 15.697 | M12: 13.7065 | N12: 12.4393 | O12: 16.4057 | Q12: 11.6302 | R12: 11.0565 | S12: 12.6423 | U12: 12.9314 | V12: 11.2909 | W12: 16.67 | Y12: 13.7787 | Z12: 12.5721 | AA12: 16.3491
B13: 1300 | C13: 700 | E13: 12.5734 | F13: 11.8931 | G13: 14.1813 | I13: 12.494 | J13: 11.8091 | K13: 14.1148 | M13: 12.9901 | N13: 11.6655 | O13: 16.4344 | U13: 12.3301 | V13: 10.7182 | W13: 16.67 | Y13: 13.2334 | Z13: 12.0013 | AA13: 16.3906
B14: 1400 | C14: 600 | E14: 14.6437 | F14: 14.7782 | G14: 14.2905 | I14: 14.6437 | J14: 14.7782 | K14: 14.2905 | M14: 14.8161 | N14: 14.2444 | O14: 16.4853 | Q14: 14.5272 | R14: 14.3391 | S14: 15.0166 | U14: 13.8314 | V14: 12.9341 | W14: 16.67 | Y14: 14.3841 | Z14: 13.7125 | AA14: 16.3921
B15: 1500 | C15: 500
B17: 1000 | C17: 1400 | E17: 11.6044 | F17: 8.8373 | G17: 14.3065 | I17: 13.0043 | J17: 10.9689 | K17: 14.9076 | M17: 12.271 | N17: 8.6384 | O17: 16.3195 | Q17: 9.5235 | R17: 11.288 | S17: 8.3542 | U17: 10.6457 | V17: 6.0438 | W17: 16.67 | Y17: 12.5416 | Z17: 9.5652 | AA17: 15.429
B18: 1200 | C18: 1200 | E18: 11.2031 | F18: 9.2244 | G18: 14.1014 | I18: 10.7808 | J18: 8.5475 | K18: 14.0295 | M18: 10.7243 | N18: 7.5946 | O18: 16.1672 | Q18: 9.8401 | R18: 9.1093 | S18: 10.646 | U18: 9.1935 | V18: 5.3888 | W18: 16.67 | Y18: 12.3975 | Z18: 10.8865 | AA18: 14.4532
B19: 1400 | C19: 1000 | E19: 9.7118 | F19: 8.3575 | G19: 12.1452 | I19: 10.1048 | J19: 8.716 | K19: 12.5553 | M19: 9.8103 | N19: 7.0644 | O19: 16.0017 | Q19: 9.0388 | R19: 9.9766 | S19: 8.0455 | U19: 8.9702 | V19: 5.9741 | W19: 16.573 | Y19: 8.9133 | Z19: 6.9764 | AA19: 12.2169
B20: 800 | C20: 800 | E20: 15.4299 | F20: 14.8014 | G20: 16.0919 | I20: 15.4316 | J20: 14.8037 | K20: 16.093 | M20: 15.3182 | N20: 14.2231 | O20: 16.5309 | Q20: 15.2888 | R20: 14.8104 | S20: 15.7919 | U20: 13.8413 | V20: 11.6925 | W20: 16.67 | Y20: 15.4814 | Z20: 14.4705 | AA20: 16.6005
B22: 500 | C22: 1500
A23: (30s~) | B23: 600 | C23: 1400 | E23: 13.4799 | F23: 9.7997 | G23: 15.7887 | I23: 13.5129 | J23: 9.747 | K23: 15.7683 | M23: 12.7934 | N23: 7.9516 | O23: 16.5633 | Q23: 14.8851 | R23: 15.0801 | S23: 14.796 | U23: 12.8253 | V23: 7.8876 | W23: 16.67 | Y23: 14.0992 | Z23: 10.3804 | AA23: 16.4718
B24: 700 | C24: 1300 | E24: 13.9321 | F24: 11.1097 | G24: 16.2874 | I24: 14.0882 | J24: 11.133 | K24: 16.4417 | M24: 12.9946 | N24: 9.2562 | O24: 16.6159 | U24: 12.9319 | V24: 9.0729 | W24: 16.67 | Y24: 14.0883 | Z24: 11.1754 | AA24: 16.5117
B25: 800 | C25: 1200 | E25: 14.5335 | F25: 13.5471 | G25: 15.2316 | I25: 14.5335 | J25: 13.5471 | K25: 15.2316 | M25: 14.2334 | N25: 11.4625 | O25: 16.4581 | Q25: 13.3603 | R25: 13.551 | S25: 13.231 | U25: 12.6439 | V25: 8.5342 | W25: 16.67 | Y25: 14.5074 | Z25: 14.1609 | AA25: 14.7527
B26: 900 | C26: 1100 | E26: 13.9481 | F26: 13.4636 | G26: 14.3531 | I26: 13.7353 | J26: 12.8187 | K26: 14.5405 | M26: 12.9489 | N26: 9.8557 | O26: 16.4108 | U26: 13.3607 | V26: 10.2317 | W26: 16.6475 | Y26: 13.1204 | Z26: 11.3337 | AA26: 14.8263
B27: 1000 | C27: 1000 | E27: 12.5798 | F27: 10.5575 | G27: 15.1586 | I27: 12.5835 | J27: 10.5597 | K27: 15.1641 | M27: 12.8102 | N27: 10.2006 | O27: 16.2124 | Q27: 11.5907 | R27: 12.6657 | S27: 10.5411 | U27: 12.2892 | V27: 9.2216 | W27: 16.6495 | Y27: 13.1699 | Z27: 10.9211 | AA27: 16.1074
B28: 1100 | C28: 900 | E28: 12.6734 | F28: 11.3073 | G28: 14.8286 | I28: 12.832 | J28: 11.23 | K28: 15.5001 | M28: 10.9854 | N28: 8.7728 | O28: 15.749 | U28: 9.9848 | V28: 7.1547 | W28: 16.67 | Y28: 13.3378 | Z28: 11.9704 | AA28: 15.7322
B29: 1200 | C29: 800 | E29: 12.8681 | F29: 11.7501 | G29: 15.5629 | I29: 12.5153 | J29: 11.2908 | K29: 15.5447 | M29: 13.0367 | N29: 11.7624 | O29: 16.2846 | Q29: 10.529 | R29: 10.0437 | S29: 11.4727 | U29: 12.0768 | V29: 10.4189 | W29: 16.67 | Y29: 13.1305 | Z29: 11.9257 | AA29: 16.2012
B30: 1300 | C30: 700 | E30: 11.6532 | F30: 11.0716 | G30: 13.3123 | I30: 11.5522 | J30: 10.9704 | K30: 13.2144 | M30: 12.1496 | N30: 10.8755 | O30: 16.3131 | U30: 11.3127 | V30: 9.7486 | W30: 16.67 | Y30: 12.4546 | Z30: 11.2724 | AA30: 16.2469
B31: 1400 | C31: 600 | E31: 14.1785 | F31: 14.3819 | G31: 13.6529 | I31: 14.1785 | J31: 14.3819 | K31: 13.6529 | M31: 14.3988 | N31: 13.7089 | O31: 16.4418 | Q31: 14.0354 | R31: 13.8194 | S31: 14.5869 | U31: 13.2776 | V31: 12.2423 | W31: 16.67 | Y31: 13.9648 | Z31: 13.1959 | AA31: 16.3089
B32: 1500 | C32: 500
B34: 1000 | C34: 1400 | E34: 10.9029 | F34: 7.5483 | G34: 14.2289 | I34: 12.5645 | J34: 9.9993 | K34: 14.9777 | M34: 11.4996 | N34: 7.4422 | O34: 16.2434 | Q34: 8.4796 | R34: 10.3254 | S34: 7.3392 | U34: 9.5818 | V34: 4.5835 | W34: 16.67 | Y34: 11.8265 | Z34: 8.3611 | AA34: 15.2376
B35: 1200 | C35: 1200 | E35: 10.1421 | F35: 8.2727 | G35: 13.382 | I35: 9.626 | J35: 7.482 | K35: 13.2985 | M35: 9.6691 | N35: 6.7236 | O35: 15.9844 | Q35: 8.6653 | R35: 8.0365 | S35: 9.4148 | U35: 7.8256 | V35: 4.2726 | W35: 16.67 | Y35: 11.6183 | Z35: 10.0613 | AA35: 14.1004
B36: 1400 | C36: 1000 | E36: 8.8406 | F36: 7.3027 | G36: 11.7863 | I36: 9.3031 | J36: 7.677 | K36: 12.3532 | M36: 8.657 | N36: 5.8149 | O36: 15.9512 | Q36: 8.1417 | R36: 8.8209 | S36: 7.4579 | U36: 7.7657 | V36: 4.7905 | W36: 16.5378 | Y36: 7.9035 | Z36: 5.7039 | AA36: 11.8408
B37: 800 | C37: 800 | E37: 15.1945 | F37: 14.4872 | G37: 15.9849 | I37: 15.1967 | J37: 14.4901 | K37: 15.9865 | M37: 15.0509 | N37: 13.782 | O37: 16.5634 | Q37: 15.016 | R37: 14.4995 | S37: 15.5918 | U37: 13.2834 | V37: 10.9796 | W37: 16.67 | Y37: 15.2591 | Z37: 14.087 | AA37: 16.6558
A39: 合流開始 | B39: 500 | C39: 1500
A40: 200m | B40: 600 | C40: 1400 | E40: 13.4701 | F40: 9.1384 | G40: 16.1362 | I40: 12.4244 | J40: 9.3875 | K40: 14.0683 | M40: 13.5769 | N40: 8.7189 | O40: 16.6026 | Q40: 11.9949 | R40: 13.7747 | S40: 11.3482 | U40: 12.7728 | V40: 7.2879 | W40: 16.67 | Y40: 13.617 | Z40: 8.809 | AA40: 16.5757 | AC40: 13.4697 | AD40: 9.1215 | AE40: 16.1454
A41: シミュ時間 | B41: 700 | C41: 1300
A42: 90s | B42: 800 | C42: 1200 | E42: 14.1485 | F42: 12.0514 | G42: 15.6809 | I42: 14.126 | J42: 12.9897 | K42: 15.5409 | M42: 12.957 | N42: 8.9645 | O42: 16.6033 | Q42: 12.6724 | R42: 13.6592 | S42: 12.0415 | U42: 11.2956 | V42: 6.4324 | W42: 16.67 | Y42: 13.3998 | Z42: 9.7714 | AA42: 16.5778 | AC42: 14.2365 | AD42: 12.4999 | AE42: 15.4896
B43: 900 | C43: 1100
B44: 1000 | C44: 1000 | E44: 11.1839 | F44: 9.0303 | G44: 14.2303 | I44: 10.9635 | J44: 9.34 | K44: 13.0487 | M44: 10.7782 | N44: 7.4445 | O44: 16.0638 | Q44: 9.6902 | R44: 9.5586 | S44: 9.8304 | U44: 8.7503 | V44: 4.8916 | W44: 16.626 | Y44: 10.4372 | Z44: 6.9253 | AA44: 16.3472 | AC44: 10.9737 | AD44: 8.8496 | AE44: 13.9642
B45: 1100 | C45: 900
B46: 1200 | C46: 800 | E46: 8.9654 | F46: 7.434 | G46: 12.1897 | I46: 8.9654 | J46: 7.434 | K46: 12.1897 | M46: 9.643 | N46: 7.1443 | O46: 16.2739 | Q46: 9.1818 | R46: 8.0817 | S46: 11.1893 | U46: 6.926 | V46: 4.0377 | W46: 16.6459 | Y46: 8.9463 | Z46: 6.3368 | AA46: 16.2153 | AC46: 10.4113 | AD46: 9.0644 | AE46: 13.1077
B47: 1300 | C47: 700
B48: 1400 | C48: 600 | E48: 10.397 | F48: 9.3217 | G48: 13.7658 | I48: 10.397 | J48: 9.3217 | K48: 13.7658 | M48: 10.3134 | N48: 8.8418 | O48: 15.6095 | Q48: 10.385 | R48: 9.5798 | S48: 12.7037 | U48: 7.6138 | V48: 5.6433 | W48: 16.6274 | Y48: 8.8567 | Z48: 7.0428 | AA48: 16.2299 | AC48: 10.354 | AD48: 9.5105 | AE48: 12.7391
B49: 1500 | C49: 500
B51: 1000 | C51: 1400 | E51: 10.5913 | F51: 7.5242 | G51: 13.843 | I51: 10.8798 | J51: 8.6476 | K51: 12.9931 | M51: 9.772 | N51: 4.9865 | O51: 16.4834 | Q51: 9.9407 | R51: 10.0954 | S51: 9.8291 | U51: 8.8452 | V51: 3.9189 | W51: 16.5676 | Y51: 10.2679 | Z51: 5.6296 | AA51: 16.3177 | AC51: 10.6316 | AD51: 7.6035 | AE51: 13.842
B52: 1200 | C52: 1200 | E52: 9.212 | F52: 7.0835 | G52: 12.2753 | I52: 9.212 | J52: 7.0835 | K52: 12.2753 | M52: 7.6598 | N52: 3.4774 | O52: 16.6678 | Q52: 9.4804 | R52: 8.1678 | S52: 11.0553 | U52: 7.6598 | V52: 3.4774 | W52: 16.6678 | Y52: 8.4137 | Z52: 4.3509 | AA52: 16.4936 | AC52: 9.212 | AD52: 7.0835 | AE52: 12.2753
B53: 1400 | C53: 1000 | E53: 8.976 | F53: 7.6566 | G53: 11.0933 | I53: 9.2751 | J53: 7.3111 | K53: 12.998 | M53: 7.1607 | N53: 4.2367 | O53: 16.333 | Q53: 9.022 | R53: 7.9739 | S53: 10.633 | U53: 6.9815 | V53: 3.4867 | W53: 16.5972 | Y53: 7.6107 | Z53: 4.2367 | AA53: 16.333 | AC53: 9.3042 | AD53: 7.8567 | AE53: 11.8974
B54: 800 | C54: 800 | E54: 14.4845 | F54: 13.3424 | G54: 15.7468 | I54: 14.4845 | J54: 13.3424 | K54: 15.7468 | M54: 13.6023 | N54: 11.2271 | O54: 16.4658 | Q54: 13.4042 | R54: 14.3619 | S54: 12.5462 | U54: 10.6155 | V54: 7.0049 | W54: 16.5214 | Y54: 11.8062 | Z54: 8.714 | AA54: 16.1662 | AC54: 14.4845 | AD54: 13.3424 | AE54: 15.7468
B56: 500 | C56: 1500
A57: (30s~) | B57: 600 | C57: 1400 | E57: 12.8352 | F57: 8.2723 | G57: 16.0696 | I57: 11.806 | J57: 8.284 | K57: 13.9114 | M57: 13.0284 | N57: 7.8909 | O57: 16.67 | Q57: 11.3739 | R57: 13.3414 | S57: 10.6564 | U57: 12.1232 | V57: 6.6313 | W57: 16.67 | Y57: 13.0242 | Z57: 7.8824 | AA57: 16.6688 | AC57: 12.8343 | AD57: 8.2523 | AE57: 16.0821
B58: 700 | C58: 1300
B59: 800 | C59: 1200 | E59: 13.7561 | F59: 11.315 | G59: 15.5827 | I59: 13.7282 | J59: 11.4842 | K59: 15.4073 | M59: 12.3201 | N59: 7.8865 | O59: 16.6699 | Q59: 11.9619 | R59: 13.266 | S59: 11.135 | U59: 10.4677 | V59: 5.4026 | W59: 16.67 | Y59: 12.851 | Z59: 8.7949 | AA59: 16.6374 | AC59: 13.8637 | AD59: 11.8556 | AE59: 15.3432
B60: 900 | C60: 1100
B61: 1000 | C61: 1000 | E61: 10.4377 | F61: 7.8636 | G61: 14.1529 | I61: 10.1764 | J61: 8.2012 | K61: 12.7065 | M61: 9.8663 | N61: 6.1415 | O61: 16.0557 | Q61: 8.6552 | R61: 8.401 | S61: 8.9147 | U61: 7.752 | V61: 3.7749 | W61: 16.6172 | Y61: 9.4702 | Z61: 5.5838 | AA61: 16.4161 | AC61: 10.1814 | AD61: 7.6442 | AE61: 13.8216
B62: 1100 | C62: 900
B63: 1200 | C63: 800 | E63: 7.8057 | F63: 6.3095 | G63: 11.3741 | I63: 7.8057 | J63: 6.3095 | K63: 11.3741 | M63: 8.345 | N63: 5.9069 | O63: 16.3923 | Q63: 8.083 | R63: 7.0224 | S63: 10.1913 | U63: 5.5245 | V63: 2.9644 | W63: 16.6345 | Y63: 7.5589 | Z63: 5.0186 | AA63: 16.4297 | AC63: 9.3856 | AD63: 8.0315 | AE63: 12.447
B64: 1300 | C64: 700
B65: 1400 | C65: 600 | E65: 9.5557 | F65: 8.3467 | G65: 13.4472 | I65: 9.5557 | J65: 8.3467 | K65: 13.4472 | M65: 9.4196 | N65: 7.8403 | O65: 15.4746 | Q65: 9.5455 | R65: 8.6404 | S65: 12.1712 | U65: 6.4624 | V65: 4.4666 | W65: 16.6145 | Y65: 7.7176 | Z65: 5.796 | AA65: 16.2742 | AC65: 9.4832 | AD65: 8.5231 | AE65: 12.2082
B66: 1500 | C66: 500
B68: 1000 | C68: 1400 | E68: 9.76 | F68: 6.1687 | G68: 13.6847 | I68: 10.114 | J68: 7.4443 | K68: 12.6545 | M68: 8.7599 | N68: 3.7123 | O68: 16.4937 | Q68: 9.074 | R68: 9.0834 | S68: 9.0676 | U68: 7.8242 | V68: 2.7946 | W68: 16.5396 | Y68: 9.2798 | Z68: 4.1961 | AA68: 16.4308 | AC68: 9.8093 | AD68: 6.2642 | AE68: 13.6834
B69: 1200 | C69: 1200 | E69: 8.0819 | F69: 5.9368 | G69: 11.6349 | I69: 8.0819 | J69: 5.9368 | K69: 11.6349 | M69: 6.1596 | N69: 2.3528 | O69: 16.6667 | Q69: 8.4124 | R69: 7.1083 | S69: 10.131 | U69: 6.1596 | V69: 2.3528 | W69: 16.6667 | Y69: 6.9172 | Z69: 3.0628 | AA69: 16.6655 | AC69: 8.0819 | AD69: 5.9368 | AE69: 11.6349
B70: 1400 | C70: 1000 | E70: 7.8498 | F70: 6.5086 | G70: 10.0794 | I70: 8.1878 | J70: 6.1544 | K70: 12.3447 | M70: 6.2206 | N70: 2.8467 | O70: 16.4241 | Q70: 7.9219 | R70: 6.8821 | S70: 9.5611 | U70: 5.5655 | V70: 2.1689 | W70: 16.5707 | Y70: 6.2206 | Z70: 2.8467 | AA70: 16.4241 | AC70: 8.2288 | AD70: 6.7821 | AE70: 10.9849
B71: 800 | C71: 800 | E71: 14.1624 | F71: 12.8615 | G71: 15.694 | I71: 14.1624 | J71: 12.8615 | K71: 15.694 | M71: 13.0584 | N71: 10.3264 | O71: 16.6438 | Q71: 12.8324 | R71: 14.1036 | S71: 11.687 | U71: 9.6473 | V71: 6.0183 | W71: 16.4732 | Y71: 10.9209 | Z71: 7.623 | AA71: 16.1268 | AC71: 14.1624 | AD71: 12.8615 | AE71: 15.694
B73: 500 | C73: 1500
A74: (60s~) | B74: 600 | C74: 1400 | E74: 11.7004 | F74: 7.0077 | G74: 15.621 | I74: 11.2452 | J74: 7.2865 | K74: 14.3365 | M74: 12.0083 | N74: 6.4285 | O74: 16.67 | Q74: 10.1309 | R74: 12.1574 | S74: 9.3124 | U74: 11.291 | V74: 5.5331 | W74: 16.67 | Y74: 12.0083 | Z74: 6.4285 | AA74: 16.67 | AC74: 11.6988 | AD74: 6.9779 | AE74: 15.6429
B75: 700 | C75: 1300
B76: 800 | C76: 1200 | E76: 12.3592 | F76: 8.8974 | G76: 15.1258 | I76: 12.3135 | J76: 9.1641 | K76: 14.8304 | M76: 10.6927 | N76: 5.3205 | O76: 16.67 | Q76: 9.6411 | R76: 11.857 | S76: 8.2851 | U76: 8.9974 | V76: 3.5734 | W76: 16.67 | Y76: 11.5001 | Z76: 6.4798 | AA76: 16.6676 | AC76: 12.525 | AD76: 9.704 | AE76: 14.7247
B77: 900 | C77: 1100
B78: 1000 | C78: 1000 | E78: 9.2958 | F78: 6.1727 | G78: 13.5695 | I78: 8.9071 | J78: 6.6295 | K78: 11.493 | M78: 8.8064 | N78: 3.9317 | O78: 16.6492 | Q78: 6.742 | R78: 6.0172 | S78: 7.412 | U78: 7.0572 | V78: 2.391 | W78: 16.67 | Y78: 8.3776 | Z78: 3.4708 | AA78: 16.6695 | AC78: 8.893 | AD78: 5.8176 | AE78: 13.0633
B79: 1100 | C79: 900
B80: 1200 | C80: 800 | E80: 6.6987 | F80: 5.1725 | G80: 11.9856 | I80: 6.6987 | J80: 5.1725 | K80: 11.9856 | M80: 6.2753 | N80: 4.2381 | O80: 16.5667 | Q80: 7.2939 | R80: 5.591 | S80: 12.045 | U80: 3.8372 | V80: 1.774 | W80: 16.67 | Y80: 5.475 | Z80: 3.4393 | AA80: 16.5765 | AC80: 8.4308 | AD80: 6.8393 | AE80: 13.6635
B81: 1300 | C81: 700
B82: 1400 | C82: 600 | E82: 8.0488 | F82: 6.5642 | G82: 14.7773 | I82: 8.0488 | J82: 6.5642 | K82: 14.7773 | M82: 7.517 | N82: 5.7017 | O82: 15.9836 | Q82: 8.2818 | R82: 6.8977 | S82: 13.3404 | U82: 4.3917 | V82: 2.5222 | W82: 16.5543 | Y82: 5.5736 | Z82: 3.7516 | AA82: 16.2531 | AC82: 7.9787 | AD82: 6.6777 | AE82: 12.5867
B83: 1500 | C83: 500
B85: 1000 | C85: 1400 | E85: 8.4204 | F85: 4.5733 | G85: 12.7824 | I85: 9.0353 | J85: 6.2674 | K85: 11.579 | M85: 7.8334 | N85: 2.4594 | O85: 16.5347 | Q85: 8.3023 | R85: 7.5602 | S85: 8.8326 | U85: 7.1192 | V85: 1.8744 | W85: 16.5289 | Y85: 8.2143 | Z85: 2.7954 | AA85: 16.5264 | AC85: 8.5014 | AD85: 4.7276 | AE85: 12.7802
B86: 1200 | C86: 1200 | E86: 6.9291 | F86: 4.9385 | G86: 10.7935 | I86: 6.9291 | J86: 4.9385 | K86: 10.7935 | M86: 4.9036 | N86: 1.246 | O86: 16.6638 | Q86: 7.5959 | R86: 5.7718 | S86: 10.3749 | U86: 4.9036 | V86: 1.246 | W86: 16.6638 | Y86: 5.3561 | Z86: 1.6996 | AA86: 16.662 | AC86: 6.9291 | AD86: 4.9385 | AE86: 10.7935
B87: 1400 | C87: 1000 | E87: 6.3785 | F87: 4.4494 | G87: 10.3863 | I87: 6.6083 | J87: 4.6565 | K87: 11.9507 | M87: 4.2141 | N87: 1.1651 | O87: 16.4136 | Q87: 6.8457 | R87: 5.0712 | S87: 10.2161 | U87: 3.9366 | V87: 0.8546 | W87: 16.4583 | Y87: 4.2141 | Z87: 1.1651 | AA87: 16.4136 | AC87: 6.7575 | AD87: 5.5421 | AE87: 9.8186
B88: 800 | C88: 800 | E88: 12.8263 | F88: 11.1858 | G88: 14.9688 | I88: 12.8263 | J88: 11.1858 | K88: 14.9688 | M88: 11.0633 | N88: 7.4712 | O88: 16.67 | Q88: 10.845 | R88: 13.0651 | S88: 8.9857 | U88: 8.1099 | V88: 4.2636 | W88: 16.5159 | Y88: 9.3808 | Z88: 5.8174 | AA88: 15.8882 | AC88: 12.8263 | AD88: 11.1858 | AE88: 14.9688
A90: 合流開始 | B90: 500 | C90: 1500
A91: 250m | B91: 600 | C91: 1400 | E91: 12.4846 | F91: 8.1222 | G91: 15.3572 | I91: 11.4708 | J91: 7.69 | K91: 14.0506 | M91: 11.2583 | N91: 4.9498 | O91: 16.67 | Q91: 11.6454 | R91: 11.5474 | S91: 11.6892 | U91: 11.2583 | V91: 4.9498 | W91: 16.67 | Y91: 11.2583 | Z91: 4.9498 | AA91: 16.67 | AC91: 11.7934 | AD91: 6.9336 | AE91: 15.4392
A92: シミュ時間 | B92: 700 | C92: 1300
A93: 90s | B93: 800 | C93: 1200 | E93: 10.93 | F93: 7.2497 | G93: 14.7047
B94: 900 | C94: 1100
B95: 1000 | C95: 1000 | E95: 10.6915 | F95: 8.5109 | G95: 13.8812 | I95: 10.7207 | J95: 8.7319 | K95: 13.5036 | M95: 8.7278 | N95: 4.8735 | O95: 16.5869 | Q95: 10.6196 | R95: 9.7603 | S95: 11.6985 | U95: 8.7278 | V95: 4.8735 | W95: 16.5869 | Y95: 8.7278 | Z95: 4.8735 | AA95: 16.5869 | AC95: 10.6483 | AD95: 8.4489 | AE95: 13.8641
B96: 1100 | C96: 900
B97: 1200 | C97: 800
B98: 1300 | C98: 700
B99: 1400 | C99: 600 | E99: 10.2371 | F99: 8.9535 | G99: 14.7707 | I99: 10.2371 | J99: 8.9535 | K99: 14.7707 | M99: 9.1527 | N99: 7.4187 | O99: 16.1761 | Q99: 10.2371 | R99: 8.9535 | S99: 14.7707 | U99: 7.582 | V99: 5.6229 | W99: 16.5109 | Y99: 7.8225 | Z99: 5.8909 | AA99: 16.4242 | AC99: 10.2371 | AD99: 8.9535 | AE99: 14.7707
B100: 1500 | C100: 500
B102: 1200 | C102: 1200 | E102: 8.9859 | F102: 6.598 | G102: 12.7491 | I102: 9 | J102: 6.5797 | K102: 12.8142 | M102: 7.653 | N102: 3.4627 | O102: 16.6671 | Q102: 9.5691 | R102: 8.7124 | S102: 10.7665 | U102: 7.653 | V102: 3.4627 | W102: 16.6671 | Y102: 7.653 | Z102: 3.4627 | AA102: 16.6671 | AC102: 8.9859 | AD102: 6.598 | AE102: 12.7491
B104: 500 | C104: 1500
A105: (30s~) | B105: 600 | C105: 1400 | E105: 11.7946 | F105: 7.6068 | G105: 14.9272 | I105: 10.5345 | J105: 7.1256 | K105: 13.1925 | M105: 10.3016 | N105: 4.1086 | O105: 16.67 | Q105: 10.9462 | R105: 11.506 | S105: 10.6865 | U105: 10.3016 | V105: 4.1086 | W105: 16.67 | Y105: 10.3016 | Z105: 4.1086 | AA105: 16.67 | AC105: 10.9374 | AD105: 6.2879 | AE105: 15.0131
B106: 700 | C106: 1300
B107: 800 | C107: 1200 | E107: 10.1537 | F107: 6.3802 | G107: 14.3334
B108: 900 | C108: 1100
B109: 1000 | C109: 1000 | E109: 9.9611 | F109: 7.5881 | G109: 13.494 | I109: 9.9977 | J109: 7.8389 | K109: 13.0412 | M109: 7.7345 | N109: 3.7681 | O109: 16.5644 | Q109: 9.8709 | R109: 9.0561 | S109: 10.8765 | U109: 7.7345 | V109: 3.7684 | W109: 16.5644 | Y109: 7.7345 | Z109: 3.7684 | AA109: 16.5644 | AC109: 9.9088 | AD109: 7.5134 | AE109: 13.4735
B110: 1100 | C110: 900
B111: 1200 | C111: 800
B112: 1300 | C112: 700
B113: 1400 | C113: 600 | E113: 9.515 | F113: 8.2189 | G113: 14.3095 | I113: 9.515 | J113: 8.2189 | K113: 14.3095 | M113: 8.22 | N113: 6.4297 | O113: 16.0784 | Q113: 9.515 | R113: 8.2189 | S113: 14.3095 | U113: 6.4552 | V113: 4.4756 | W113: 16.463 | Y113: 6.692 | Z113: 4.719 | AA113: 16.3993 | AC113: 9.515 | AD113: 8.2189 | AE113: 14.3095
B114: 1500 | C114: 500
...

Sheet seed2
B2: 合流車線 | C2: 本線 | E2: 提案手法 | F2: 線形, v_max | I2: 提案手法 | J2: 2次, v_max | M2: 加藤さん | Q2: 全て受け入れ | U2: PriMa20% | Y2: PriMa40%
B3: [台/h] | C3: [台/h] | E3: all_speed | F3: cav0_speed | G3: cav1_speed | I3: all_speed | J3: cav0_speed | K3: cav1_speed | M3: all_speed | N3: cav0_speed | O3: cav1_speed | Q3: all_speed | R3: cav0_speed | S3: cav1_speed | U3: all_speed | V3: cav0_speed | W3: cav1_speed | Y3: all_speed | Z3: cav0_speed | AA3: cav1_speed
A5: 合流開始 | B5: 500 | C5: 1500
A6: 100m | B6: 600 | C6: 1400 | E6: 14.1666 | F6: 10.4359 | G6: 16.2895 | I6: 14.3205 | J6: 10.9704 | K6: 16.139 | M6: 14.0191 | N6: 9.8531 | O6: 16.5126 | Q6: 13.3129 | R6: 15.3915 | S6: 12.5396 | U6: 13.1505 | V6: 7.9884 | W6: 16.67 | Y6: 13.7254 | Z6: 14.7701 | AA6: 13.3162
A7: シミュ時間 | B7: 700 | C7: 1300
A8: 90s | B8: 800 | C8: 1200 | E8: 14.9901 | F8: 13.468 | G8: 16.211 | I8: 14.3914 | J8: 13.5174 | K8: 15.0455 | M8: 14.8239 | N8: 12.7501 | O8: 16.5539 | Q8: 13.2801 | R8: 14.4199 | S8: 12.4885 | U8: 13.0453 | V8: 9.47 | W8: 16.67 | Y8: 15.5214 | Z8: 14.8563 | AA8: 16.0027
B9: 900 | C9: 1100
B10: 1000 | C10: 1000 | E10: 13.1419 | F10: 12.09 | G10: 14.3004 | I10: 12.873 | J10: 11.7184 | K10: 14.1444 | M10: 13.1357 | N10: 11.4564 | O10: 15.02 | Q10: 12.597 | R10: 12.8719 | S10: 12.3272 | U10: 11.3217 | V10: 7.9661 | W10: 16.67 | Y10: 13.4411 | Z10: 11.9498 | AA10: 15.1425
B11: 1100 | C11: 900
B12: 1200 | C12: 800 | E12: 11.3883 | F12: 10.1153 | G12: 13.8715 | I12: 11.4443 | J12: 10.2772 | K12: 13.7352 | M12: 11.7288 | N12: 9.9787 | O12: 15.3841 | Q12: 10.7125 | R12: 10.478 | S12: 11.1204 | U12: 10.6849 | V12: 8.2118 | W12: 16.67 | Y12: 13.9818 | Z12: 12.6904 | AA12: 16.4349
B13: 1300 | C13: 700
B14: 1400 | C14: 600 | E14: 14.0421 | F14: 13.655 | G14: 15.1709 | I14: 14.0537 | J14: 13.6165 | K14: 15.3302 | M14: 13.7534 | N14: 12.9107 | O14: 16.2441 | Q14: 12.3773 | R14: 13.014 | S14: 10.8702 | U14: 13.3812 | V14: 12.3373 | W14: 16.67 | Y14: 13.6152 | Z14: 12.7003 | AA14: 16.4582
B15: 1500 | C15: 500
B17: 1000 | C17: 1400 | E17: 12.7493 | F17: 10.423 | G17: 14.9324 | I17: 12.7279 | J17: 11.3878 | K17: 13.812 | M17: 12.1192 | N17: 8.6336 | O17: 15.9701 | Q17: 11.4801 | R17: 12.5657 | S17: 10.7271 | U17: 11.4336 | V17: 7.0507 | W17: 16.67 | Y17: 13.6069 | Z17: 11.0456 | AA17: 15.9431
B18: 1200 | C18: 1200 | E18: 11.3454 | F18: 10.8792 | G18: 11.8212 | I18: 11.3454 | J18: 10.8792 | K18: 11.8212 | M18: 12.8676 | N18: 10.363 | O18: 16.1692 | Q18: 10.9604 | R18: 13.0512 | S18: 9.2395 | U18: 9.6326 | V18: 5.7077 | W18: 16.67 | Y18: 13.5437 | Z18: 11.4689 | AA18: 16.1164
B19: 1400 | C19: 1000 | E19: 10.4691 | F19: 9.1065 | G19: 12.918 | I19: 9.4792 | J19: 8.9498 | K19: 10.2938 | M19: 11.7318 | N19: 9.9062 | O19: 15.3864 | Q19: 8.7582 | R19: 8.7844 | S19: 8.7207 | U19: 10.0066 | V19: 7.2686 | W19: 16.67 | Y19: 11.779 | Z19: 9.9028 | AA19: 15.6425
B20: 800 | C20: 800 | E20: 14.7547 | F20: 14.6452 | G20: 14.8641 | I20: 14.7429 | J20: 14.6336 | K20: 14.8522 | M20: 15.2068 | N20: 13.9285 | O20: 16.67 | Q20: 14.3626 | R20: 14.8675 | S20: 13.8633 | U20: 14.4558 | V20: 12.6581 | W20: 16.67 | Y20: 15.5282 | Z20: 14.6992 | AA20: 16.4325
B22: 500 | C22: 1500
A23: (30s~) | B23: 600 | C23: 1400 | E23: 13.5777 | F23: 8.8672 | G23: 16.1988 | I23: 13.7696 | J23: 9.4893 | K23: 16.0114 | M23: 13.3972 | N23: 8.2046 | O23: 16.4791 | Q23: 12.5241 | R23: 15.1825 | S23: 11.6746 | U23: 12.3375 | V23: 6.1373 | W23: 16.67 | Y23: 13.0259 | Z23: 14.3148 | AA23: 12.586
B24: 700 | C24: 1300
B25: 800 | C25: 1200 | E25: 14.6661 | F25: 12.4554 | G25: 16.1637 | I25: 13.9323 | J25: 12.4963 | K25: 14.8264 | M25: 14.4631 | N25: 11.5226 | O25: 16.5612 | Q25: 12.5859 | R25: 13.7352 | S25: 11.9302 | U25: 11.1726 | V25: 7.8995 | W25: 16.67 | Y25: 15.3228 | Z25: 14.3036 | AA25: 15.9248
B26: 900 | C26: 1100
B27: 1000 | C27: 1000 | E27: 12.4185 | F27: 10.9995 | G27: 13.8869 | I27: 12.0906 | J27: 10.5329 | K27: 13.7027 | M27: 12.409 | N27: 10.2084 | O27: 14.7389 | Q27: 11.783 | R27: 11.963 | S27: 11.6207 | U27: 10.4366 | V27: 6.5745 | W27: 16.67 | Y27: 12.7849 | Z27: 10.8474 | AA27: 14.8934
B28: 1100 | C28: 900
B29: 1200 | C29: 800 | E29: 10.3256 | F29: 8.8141 | G29: 13.3177 | I29: 10.3916 | J29: 9.0116 | K29: 13.1444 | M29: 10.742 | N29: 8.6821 | O29: 15.1791 | Q29: 9.4907 | R29: 9.1883 | S29: 10.0109 | U29: 9.7021 | V29: 6.9928 | W29: 16.67 | Y29: 13.42 | Z29: 11.8773 | AA29: 16.3796
B30: 1300 | C30: 700
B31: 1400 | C31: 600 | E31: 13.5566 | F31: 13.1112 | G31: 14.8582 | I31: 13.5722 | J31: 13.0627 | K31: 15.0637 | M31: 13.1862 | N31: 12.1585 | O31: 16.2421 | Q31: 11.4923 | R31: 12.2958 | S31: 9.6836 | U31: 12.9369 | V31: 11.7746 | W31: 16.67 | Y31: 13.048 | Z31: 11.988 | AA31: 16.4081
B32: 1500 | C32: 500
B34: 1000 | C34: 1400 | E34: 11.9818 | F34: 9.1966 | G34: 14.6514 | I34: 11.9557 | J34: 10.2801 | K34: 13.291 | M34: 11.3515 | N34: 7.5435 | O34: 15.7826 | Q34: 10.4576 | R34: 11.7076 | S34: 9.6335 | U34: 10.535 | V34: 5.7395 | W34: 16.67 | Y34: 13.0231 | Z34: 9.8934 | AA34: 15.9205
B35: 1200 | C35: 1200 | E35: 10.3303 | F35: 9.6177 | G35: 11.0202 | I35: 10.3303 | J35: 9.6177 | K35: 11.0202 | M35: 12.1179 | N35: 9.0581 | O35: 16.1578 | Q35: 9.88 | R35: 12.2275 | S35: 8.1295 | U35: 8.5671 | V35: 4.2993 | W35: 16.67 | Y35: 12.9332 | Z35: 10.3519 | AA35: 16.093
B36: 1400 | C36: 1000 | E36: 9.3849 | F36: 7.8298 | G36: 12.2544 | I36: 8.2387 | J36: 7.6144 | K36: 9.1912 | M36: 10.8459 | N36: 8.7768 | O36: 15.2331 | Q36: 7.396 | R36: 7.3637 | S36: 7.4413 | U36: 8.8543 | V36: 5.9464 | W36: 16.67 | Y36: 10.9063 | Z36: 8.7873 | AA36: 15.5632
B37: 800 | C37: 800 | E37: 14.2671 | F37: 13.8665 | G37: 14.5956 | I37: 14.2522 | J37: 13.8502 | K37: 14.5819 | M37: 14.8256 | N37: 12.9235 | O37: 16.67 | Q37: 13.7753 | R37: 14.1763 | S37: 13.4502 | U37: 13.9008 | V37: 11.3156 | W37: 16.67 | Y37: 15.2296 | Z37: 13.9506 | AA37: 16.3938
A39: 合流開始 | B39: 500 | C39: 1500
A40: 200m | B40: 600 | C40: 1400 | E40: 14.3984 | F40: 11.2399 | G40: 16.0378 | I40: 14.3984 | J40: 11.2399 | K40: 16.0378 | M40: 11.8661 | N40: 5.9129 | O40: 16.67 | Q40: 12.7173 | R40: 14.2921 | S40: 12.1089 | U40: 11.8661 | V40: 5.9129 | W40: 16.67 | Y40: 13.0215 | Z40: 7.7986 | AA40: 16.55662 | AC40: 14.0814 | AD40: 10.1882 | AE40: 16.2505
A41: シミュ時間 | B41: 700 | C41: 1300
A42: 90s | B42: 800 | C42: 1200 | E42: 12.27 | F42: 9.8374 | G42: 14.4492 | I42: 12.1301 | J42: 9.9362 | K42: 14.0449 | M42: 13.6382 | N42: 10.552 | O42: 16.4756 | Q42: 10.5161 | R42: 12.7879 | S42: 9.0541 | U42: 10.8321 | V42: 6.2907 | W42: 16.6514 | Y42: 11.8565 | Z42: 7.83 | AA42: 16.3038 | AC42: 12.27 | AD42: 9.8374 | AE42: 14.4492
B43: 900 | C43: 1100
B44: 1000 | C44: 1000 | E44: 12.6874 | F44: 10.7624 | G44: 15.1321 | I44: 12.2368 | J44: 10.3615 | K44: 14.5662 | M44: 11.6234 | N44: 8.3357 | O44: 16.6052 | Q44: 12.2579 | R44: 12.156 | S44: 12.3606 | U44: 11.0438 | V44: 7.5644 | W44: 16.6266 | Y44: 11.6234 | Z44: 8.3357 | AA44: 16.6052 | AC44: 12.6874 | AD44: 10.7624 | AE44: 15.1321
B45: 1100 | C45: 900
B46: 1200 | C46: 800 | E46: 9.9168 | F46: 8.3143 | G46: 13.3499 | I46: 10.1717 | J46: 8.8187 | K46: 13.0986 | M46: 9.1454 | N46: 6.4094 | O46: 16.1907 | Q46: 10.1115 | R46: 8.6725 | S46: 13.109 | U46: 9.3262 | V46: 6.5604 | W46: 16.5506 | Y46: 9.3262 | Z46: 6.5604 | AA46: 16.5506 | AC46: 9.9168 | AD46: 8.3143 | AE46: 13.3499
B47: 1300 | C47: 700
B48: 1400 | C48: 600 | E48: 8.9374 | F48: 7.6741 | G48: 13.4215 | I48: 8.9374 | J48: 7.6741 | K48: 13.4215 | M48: 8.1457 | N48: 6.1437 | O48: 16.5567 | Q48: 8.944 | R48: 7.7741 | S48: 13.1794 | U48: 8.2695 | V48: 6.3267 | W48: 16.6177 | Y48: 8.2695 | Z48: 6.3267 | AA48: 16.6177 | AC48: 8.944 | AD48: 7.7741 | AE48: 13.1794
B49: 1500 | C49: 500
B51: 1000 | C51: 1400 | E51: 9.967 | F51: 7.4561 | G51: 12.5853 | I51: 10.7313 | J51: 8.3483 | K51: 12.9905 | M51: 9.6741 | N51: 4.7516 | O51: 16.6118 | Q51: 9.2379 | R51: 9.3616 | S51: 9.1412 | U51: 9.1753 | V51: 4.1724 | W51: 16.67 | Y51: 9.6741 | Z51: 4.7516 | AA51: 16.6118 | AC51: 7.568 | AD51: 5.4052 | AE51: 9.6874
B52: 1200 | C52: 1200 | E52: 9.7162 | F52: 6.4094 | G52: 15.0269 | I52: 9.3526 | J52: 8.0491 | K52: 10.8852 | M52: 10.0182 | N52: 6.1421 | O52: 16.5386 | Q52: 9.7438 | R52: 8.8717 | S52: 10.7455 | U52: 9.5424 | V52: 5.4957 | W52: 16.67 | Y52: 10.0182 | Z52: 6.1421 | AA52: 16.5386 | AC52: 9.7368 | AD52: 6.4521 | AE52: 15.0067
B53: 1400 | C53: 1000 | E53: 9.019 | F53: 6.7754 | G53: 13.8056 | I53: 9.0843 | J53: 6.4759 | K53: 15.1424 | M53: 8.0393 | N53: 4.8374 | O53: 16.6629 | Q53: 8.9706 | R53: 6.7845 | S53: 13.6345 | U53: 8.0393 | V53: 4.8374 | W53: 16.6629 | Y53: 8.0393 | Z53: 4.8374 | AA53: 16.6219 | AC53: 9.019 | AD53: 6.7754 | AE53: 13.8056
B54: 800 | C54: 800 | E54: 12.5842 | F54: 10.777 | G54: 14.952 | I54: 12.2518 | J54: 10.6533 | K54: 14.1923 | M54: 11.5566 | N54: 8.4049 | O54: 16.4959 | Q54: 11.4905 | R54: 12.0508 | S54: 10.9071 | U54: 11.3566 | V54: 8.1225 | W54: 16.6485 | Y54: 11.3566 | Z54: 8.1225 | AA54: 16.6485 | AC54: 12.4278 | AD54: 10.4243 | AE54: 15.1404
B56: 500 | C56: 1500
A57: (30s~) | B57: 600 | C57: 1400 | E57: 13.9347 | F57: 9.8501 | G57: 15.9537 | I57: 13.9347 | J57: 9.8501 | K57: 15.9537 | M57: 10.8677 | N57: 4.0988 | O57: 16.67 | Q57: 11.8635 | R57: 13.7708 | S57: 11.2185 | U57: 10.8677 | V57: 4.0988 | W57: 16.67 | Y57: 12.2499 | Z57: 5.9607 | AA57: 16.6047 | AC57: 13.5389 | AD57: 8.5915 | AE57: 16.2195
B58: 700 | C58: 1300
B59: 800 | C59: 1200 | E59: 11.5956 | F59: 8.2931 | G59: 14.2127 | I59: 11.4347 | J59: 8.4118 | K59: 13.7587 | M59: 13.1921 | N59: 9.1141 | O59: 16.4854 | Q59: 9.5405 | R59: 11.9608 | S59: 8.2533 | U59: 9.9293 | V59: 4.448 | W59: 16.6484 | Y59: 11.0945 | Z59: 6.0568 | AA59: 16.2469 | AC59: 11.5956 | AD59: 8.2931 | AE59: 14.2127
B60: 900 | C60: 1100
B61: 1000 | C61: 1000 | E61: 12.1009 | F61: 9.8774 | G61: 14.8278 | I61: 11.5696 | J61: 9.396 | K61: 14.1672 | M61: 10.8401 | N61: 7.0579 | O61: 16.5914 | Q61: 11.6013 | R61: 11.5498 | S61: 11.6491 | U61: 10.1728 | V61: 6.2166 | W61: 16.6173 | Y61: 10.8401 | Z61: 7.0579 | AA61: 16.5914 | AC61: 12.1009 | AD61: 9.8774 | AE61: 14.8278
B62: 1100 | C62: 900
B63: 1200 | C63: 800 | E63: 8.8715 | F63: 7.1871 | G63: 12.5965 | I63: 9.1929 | J63: 7.8069 | K63: 12.2932 | M63: 7.9712 | N63: 5.0437 | O63: 16.0758 | Q63: 9.1205 | R63: 7.618 | S63: 12.3307 | U63: 8.1703 | V63: 5.2109 | W63: 16.5183 | Y63: 8.1703 | Z63: 5.2109 | AA63: 16.5183 | AC63: 8.8715 | AD63: 7.1871 | AE63: 12.5965
B64: 1300 | C64: 700
B65: 1400 | C65: 600 | E65: 7.8583 | F65: 6.5748 | G65: 12.6178 | I65: 7.8583 | J65: 6.5748 | K65: 12.6178 | M65: 6.9196 | N65: 4.8204 | O65: 16.5244 | Q65: 7.8782 | R65: 6.7116 | S65: 12.309 | U65: 7.0817 | V65: 5.0563 | W65: 16.6025 | Y65: 7.0817 | Z65: 5.0563 | AA65: 16.6025 | AC65: 7.8782 | AD65: 6.7116 | AE65: 12.309
B66: 1500 | C66: 500
B68: 1000 | C68: 1400 | E68: 8.923 | F68: 6.1977 | G68: 11.8632 | I68: 9.8098 | J68: 7.151 | K68: 12.37 | M68: 8.5222 | N68: 3.2775 | O68: 16.67 | Q68: 8.0594 | R68: 8.2658 | S68: 7.9016 | U68: 8.0403 | V68: 2.8623 | W68: 16.67 | Y68: 8.5222 | Z68: 3.2775 | AA68: 16.67 | AC68: 6.2336 | AD68: 3.9212 | AE68: 8.5427
B69: 1200 | C69: 1200 | E69: 8.6443 | F69: 5.0297 | G69: 14.6641 | I69: 8.2452 | J69: 6.8146 | K69: 9.8874 | M69: 8.9865 | N69: 4.7193 | O69: 16.508 | Q69: 8.7062 | R69: 7.7837 | S69: 9.736 | U69: 8.4446 | V69: 4.0251 | W69: 16.67 | Y69: 8.9865 | Z69: 4.7193 | AA69: 16.508 | AC69: 8.6682 | AD69: 5.0783 | AE69: 14.6394
B70: 1400 | C70: 1000 | E70: 7.9009 | F70: 5.6044 | G70: 13.0909 | I70: 7.9395 | J70: 5.2489 | K70: 14.712 | M70: 6.6892 | N70: 3.4009 | O70: 16.6606 | Q70: 7.8427 | R70: 5.6152 | S70: 12.8766 | U70: 6.6892 | V70: 3.4009 | W70: 16.6606 | Y70: 6.6892 | Z70: 3.4009 | AA70: 16.6606 | AC70: 7.9009 | AD70: 5.6044 | AE70: 13.0909
B71: 800 | C71: 800 | E71: 11.9413 | F71: 9.5054 | G71: 14.7743 | I71: 11.5492 | J71: 9.3198 | K71: 13.9194 | M71: 10.6899 | N71: 6.7057 | O71: 16.4678 | Q71: 10.6443 | R71: 11.084 | S71: 10.2547 | U71: 10.4648 | V71: 6.4239 | W71: 16.6449 | Y71: 10.4648 | Z71: 6.4239 | AA71: 16.6449 | AC71: 11.7486 | AD71: 9.0719 | AE71: 14.9879
B73: 500 | C73: 1500
A74: (60s~) | B74: 600 | C74: 1400 | E74: 13.4012 | F74: 7.173 | G74: 16.5544 | I74: 13.4012 | J74: 7.173 | K74: 16.5544 | M74: 9.9461 | N74: 2.9089 | O74: 16.67 | Q74: 10.2859 | R74: 13.3494 | S74: 9.4828 | U74: 9.9461 | V74: 2.9089 | W74: 16.67 | Y74: 11.1033 | Z74: 3.9196 | AA74: 16.67 | AC74: 12.549 | AD74: 5.6154 | AE74: 16.67
B75: 700 | C75: 1300
B76: 800 | C76: 1200 | E76: 10.9087 | F76: 5.5866 | G76: 15.2089 | I76: 10.6479 | J76: 5.7624 | K76: 14.3955 | M76: 11.7815 | N76: 5.6001 | O76: 16.67 | Q76: 7.9284 | R76: 10.3136 | S76: 6.881 | U76: 8.8988 | V76: 2.8002 | W76: 16.67 | Y76: 9.896 | Z76: 3.5987 | AA76: 16.67 | AC76: 10.9087 | AD76: 5.5866 | AE76: 15.2089
B77: 900 | C77: 1100
B78: 1000 | C78: 1000 | E78: 10.3623 | F78: 7.9816 | G78: 13.8025 | I78: 9.9175 | J78: 7.0712 | K78: 13.8335 | M78: 8.6343 | N78: 4.6812 | O78: 16.6192 | Q78: 10.0722 | R78: 10.2968 | S78: 9.8745 | U78: 8.0471 | V78: 4.1207 | W78: 16.5606 | Y78: 8.6343 | Z78: 4.6812 | AA78: 16.6192 | AC78: 10.3623 | AD78: 7.9816 | AE78: 13.8025
B79: 1100 | C79: 900
B80: 1200 | C80: 800 | E80: 7.8908 | F80: 6.0493 | G80: 11.7043 | I80: 8.6645 | J80: 7.3884 | K80: 11.3791 | M80: 6.5333 | N80: 3.0644 | O80: 16.5387 | Q80: 8.6268 | R80: 6.9133 | S80: 12.1226 | U80: 6.6847 | V80: 3.2381 | W80: 16.6516 | Y80: 6.6847 | Z80: 3.2381 | AA80: 16.6516 | AC80: 7.8908 | AD80: 6.0493 | AE80: 11.7043
B81: 1300 | C81: 700
B82: 1400 | C82: 600 | E82: 7.2254 | F82: 5.733 | G82: 12.1351 | I82: 7.2254 | J82: 5.733 | K82: 12.1351 | M82: 6.0531 | N82: 3.5564 | O82: 16.6532 | Q82: 7.2705 | R82: 5.9904 | S82: 11.653 | U82: 5.9156 | V82: 3.4223 | W82: 16.6663 | Y82: 5.9156 | Z82: 3.4223 | AA82: 16.6663 | AC82: 7.2705 | AD82: 5.9904 | AE82: 11.653
B83: 1500 | C83: 500
B85: 1000 | C85: 1400 | E85: 7.3183 | F85: 5.4592 | G85: 9.6648 | I85: 8.882 | J85: 6.3923 | K85: 11.4514 | M85: 6.9225 | N85: 2.109 | O85: 16.67 | Q85: 7.2274 | R85: 7.1435 | S85: 7.2914 | U85: 6.5428 | V85: 1.793 | W85: 16.67 | Y85: 6.9225 | Z85: 2.109 | AA85: 16.67 | AC85: 4.039 | AD85: 2.5272 | AE85: 5.5741
B86: 1200 | C86: 1200 | E86: 6.4956 | F86: 3.012 | G86: 14.0731 | I86: 6.6262 | J86: 4.4666 | K86: 9.202 | M86: 6.801 | N86: 2.5415 | O86: 16.6692 | Q86: 7.0706 | R86: 6.1587 | S86: 8.0945 | U86: 6.3181 | V86: 2.0714 | W86: 16.67 | Y86: 6.801 | Z86: 2.5415 | AA86: 16.6692 | AC86: 6.5333 | AD86: 3.0837 | AE86: 14.0231
B87: 1400 | C87: 1000 | E87: 7.072 | F87: 4.1404 | G87: 13.9099 | I87: 6.6377 | J87: 3.2179 | K87: 15.9322 | M87: 4.9642 | N87: 1.5363 | O87: 16.6526 | Q87: 6.9713 | R87: 4.159 | S87: 13.5308 | U87: 4.9642 | V87: 1.5363 | W87: 16.6528 | Y87: 4.9642 | Z87: 1.5363 | AA87: 16.6526 | AC87: 7.072 | AD87: 4.1404 | AE87: 13.9099
B88: 800 | C88: 800 | E88: 11.4082 | F88: 7.8349 | G88: 14.8227 | I88: 10.7734 | J88: 7.4213 | K88: 13.5509 | M88: 9.6053 | N88: 4.1388 | O88: 16.67 | Q88: 9.3106 | R88: 10.4267 | S88: 8.6212 | U88: 9.6283 | V88: 4.1857 | W88: 16.67 | Y88: 9.6283 | Z88: 4.1857 | AA88: 16.67 | AC88: 11.0802 | AD88: 7.0907 | AE88: 15.1565
A90: 合流開始 | B90: 500 | C90: 1500
A91: 250m | B91: 600 | C91: 1400 | E91: 11.2341 | F91: 6.5581 | G91: 14.8643 | I91: 11.1479 | J91: 6.8252 | K91: 14.3417 | M91: 10.5835 | N91: 4.3083 | O91: 16.67 | Q91: 9.5827 | R91: 10.9768 | S91: 8.9662 | U91: 10.5835 | V91: 4.3083 | W91: 16.67 | Y91: 10.5835 | Z91: 4.3083 | AA91: 16.67 | AC91: 11.0315 | AD91: 5.886 | AE91: 15.3386
A92: シミュ時間 | B92: 700 | C92: 1300
A93: 90s | B93: 800 | C93: 1200
B94: 900 | C94: 1100
B95: 1000 | C95: 1000 | E95: 9.9552 | F95: 7.7665 | G95: 13.1091 | I95: 9.8686 | J95: 7.9243 | K95: 12.4989 | M95: 8.305 | N95: 4.3512 | O95: 16.6402 | Q95: 9.7479 | R95: 8.9965 | S95: 10.6083 | U95: 8.305 | V95: 4.3512 | W95: 16.6402 | Y95: 8.305 | Z95: 4.3512 | AA95: 16.6402 | AC95: 10.0446 | AD95: 7.6903 | AE95: 13.4801
B96: 1100 | C96: 900
B97: 1200 | C97: 800
B98: 1300 | C98: 700
B99: 1400 | C99: 600 | E99: 9.1805 | F99: 7.8887 | G99: 14.026 | I99: 9.1805 | J99: 7.8887 | K99: 14.026 | M99: 7.5046 | N99: 5.4929 | O99: 16.5937 | Q99: 9.1805 | R99: 7.8887 | S99: 14.026 | U99: 6.5172 | V99: 4.4404 | W99: 16.6414 | Y99: 6.5172 | Z99: 4.4404 | AA99: 16.6414 | AC99: 9.1805 | AD99: 7.8887 | AE99: 14.026
B100: 1500 | C100: 500
B102: 1200 | C102: 1200 | E102: 7.4835 | F102: 5.976 | G102: 9.4405 | I102: 8.4682 | J102: 6.3983 | K102: 11.2905 | M102: 7.4658 | N102: 3.1024 | O102: 16.67 | Q102: 8.4009 | R102: 7.0461 | S102: 10.0427 | U102: 7.4658 | V102: 3.1024 | W102: 16.67 | Y102: 7.4658 | Z102: 3.1024 | AA102: 16.67 | AC102: 7.4835 | AD102: 5.976 | AE102: 9.4405
B104: 500 | C104: 1500
A105: (30s~) | B105: 600 | C105: 1400 | E105: 10.3925 | F105: 5.4063 | G105: 14.4238 | I105: 10.2999 | J105: 5.7043 | K105: 13.7968 | M105: 9.6425 | N105: 2.9882 | O105: 16.67 | Q105: 8.5547 | R105: 10.4347 | S105: 7.791 | U105: 9.6425 | V105: 2.9882 | W105: 16.67 | Y105: 9.6425 | Z105: 2.9882 | AA105: 16.67 | AC105: 10.1525 | AD105: 4.6758 | AE105: 15.0028
B106: 700 | C106: 1300
B107: 800 | C107: 1200
B108: 900 | C108: 1100
B109: 1000 | C109: 1000 | E109: 9.2457 | F109: 6.8967 | G109: 12.5897 | I109: 9.1523 | J109: 7.0685 | K109: 11.9071 | M109: 7.3651 | N109: 3.2078 | O109: 16.6348 | Q109: 9.0158 | R109: 8.2917 | S109: 9.8029 | U109: 7.3651 | V109: 3.2078 | W109: 16.6348 | Y109: 7.3651 | Z109: 3.2078 | AA109: 16.6348 | AC109: 9.3467 | AD109: 6.8056 | AE109: 13.0183
B110: 1100 | C110: 900
B111: 1200 | C111: 800
B112: 1300 | C112: 700
B113: 1400 | C113: 600 | E113: 8.374 | F113: 7.0663 | G113: 13.5308 | I113: 8.374 | J113: 7.0663 | K113: 13.5308 | M113: 6.4068 | N113: 4.3407 | O113: 16.6572 | Q113: 8.374 | R113: 7.0663 | S113: 13.5308 | U113: 5.412 | V113: 3.3429 | W113: 16.6331 | Y113: 5.412 | Z113: 3.3429 | AA113: 16.6331 | AC113: 8.374 | AD113: 7.0663 | AE113: 13.5307
B114: 1500 | C114: 500
...

Sheet seed3
B2: 合流車線 | C2: 本線 | E2: 提案手法 | F2: 線形, v_max | I2: 提案手法 | J2: 2次, v_max | M2: 加藤さん | Q2: 全て受け入れ | U2: PriMa20% | Y2: PriMa40%
B3: [台/h] | C3: [台/h] | E3: all_speed | F3: cav0_speed | G3: cav1_speed | I3: all_speed | J3: cav0_speed | K3: cav1_speed | M3: all_speed | N3: cav0_speed | O3: cav1_speed | Q3: all_speed | R3: cav0_speed | S3: cav1_speed | U3: all_speed | V3: cav0_speed | W3: cav1_speed | Y3: all_speed | Z3: cav0_speed | AA3: cav1_speed
A5: 合流開始 | B5: 500 | C5: 1500
A6: 100m | B6: 600 | C6: 1400 | E6: 15.3352 | F6: 13.5838 | G6: 16.1625 | I6: 15.3683 | J6: 14.7685 | K6: 15.6262 | M6: 13.8286 | N6: 9.5068 | O6: 16.5214 | Q6: 14.8653 | R6: 14.1352 | S6: 15.1821 | U6: 13.344 | V6: 8.423 | W6: 16.67 | Y6: 15.8716 | Z6: 15.4505 | AA6: 16.0513
A7: シミュ時間 | B7: 700 | C7: 1300
A8: 90s | B8: 800 | C8: 1200 | E8: 13.376 | F8: 10.6125 | G8: 15.8998 | I8: 13.3063 | J8: 10.7196 | K8: 15.6091 | M8: 13.9313 | N8: 11.0265 | O8: 16.5149 | Q8: 12.0966 | R8: 11.9932 | S8: 12.1636 | U8: 12.1511 | V8: 8.097 | W8: 16.67 | Y8: 14.0219 | Z8: 11.3342 | AA8: 16.3744
B9: 900 | C9: 1100
B10: 1000 | C10: 1000 | E10: 12.4887 | F10: 10.6394 | G10: 15 | I10: 11.9106 | J10: 10.7758 | K10: 13.344 | M10: 11.2105 | N10: 8.4549 | O10: 15.7707 | Q10: 9.1415 | R10: 8.017 | S10: 10.4485 | U10: 11.1048 | V10: 7.8833 | W10: 16.6516 | Y10: 12.8364 | Z10: 10.4451 | AA10: 16.3435
B11: 1100 | C11: 900
B12: 1200 | C12: 800 | E12: 11.6059 | F12: 10.2135 | G12: 14.0622 | I12: 10.8532 | J12: 9.7043 | K12: 12.8649 | M12: 11.6554 | N12: 9.7465 | O12: 15.7791 | Q12: 10.0698 | R12: 10.516 | S12: 9.5223 | U12: 9.7576 | V12: 6.984 | W12: 16.67 | Y12: 11.8662 | Z12: 10.1141 | AA12: 15.3712
B13: 1300 | C13: 700
B14: 1400 | C14: 600 | E14: 8.799 | F14: 7.9519 | G14: 10.6633 | I14: 8.799 | J14: 7.9519 | K14: 10.6633 | M14: 11.3412 | N14: 9.9348 | O14: 15.715 | Q14: 10.2224 | R14: 10.9431 | S14: 9.0669 | U14: 10.6022 | V14: 8.7757 | W14: 16.6595 | Y14: 11.243 | Z14: 9.6632 | AA14: 16.0559
B15: 1500 | C15: 500
B17: 1000 | C17: 1400 | E17: 10.5282 | F17: 8.2002 | G17: 12.805 | I17: 10.0927 | J17: 7.8959 | K17: 12.1731 | M17: 11.2507 | N17: 7.2483 | O17: 16.3592 | Q17: 9.8756 | R17: 10.6196 | S17: 9.4017 | U17: 9.4506 | V17: 4.5779 | W17: 16.67 | Y17: 12.0285 | Z17: 8.4746 | AA17: 15.9757
B18: 1200 | C18: 1200 | E18: 10.7438 | F18: 8.4663 | G18: 13.7968 | I18: 10.4953 | J18: 8.2935 | K18: 13.3721 | M18: 10.4474 | N18: 7.2177 | O18: 15.8514 | Q18: 8.7872 | R18: 9.8149 | S18: 7.9123 | U18: 9.1498 | V18: 5.0734 | W18: 16.6548 | Y18: 10.7168 | Z18: 7.4898 | AA18: 15.9824
B19: 1400 | C19: 1000 | E19: 10.1567 | F19: 8.8713 | G19: 12.3128 | I19: 8.5595 | J19: 7.3309 | K19: 10.5585 | M19: 9.8217 | N19: 7.0742 | O19: 15.9647 | Q19: 9.3647 | R19: 11.0009 | S19: 7.7335 | U19: 8.5607 | V19: 5.3628 | W19: 16.6527 | Y19: 9.6365 | Z19: 6.7257 | AA19: 16.3789
B20: 800 | C20: 800 | E20: 15.3164 | F20: 14.4108 | G20: 16.3948 | I20: 15.3164 | J20: 14.4108 | K20: 16.3948 | M20: 15.317 | N20: 14.3017 | O20: 16.5455 | Q20: 16.0057 | R20: 15.7959 | S20: 16.2312 | U20: 13.1964 | V20: 10.8642 | W20: 16.67 | Y20: 13.9837 | Z20: 12.1849 | AA20: 16.4342
B22: 500 | C22: 1500
A23: (30s~) | B23: 600 | C23: 1400 | E23: 15.038 | F23: 13.1314 | G23: 16.049 | I23: 15.0752 | J23: 14.5355 | K23: 15.3301 | M23: 13.2328 | N23: 8.8258 | O23: 16.4689 | Q23: 14.4383 | R23: 13.7786 | S23: 14.752 | U23: 12.6391 | V23: 7.6473 | W23: 16.67 | Y23: 15.7316 | Z23: 15.3694 | AA23: 15.901
B24: 700 | C24: 1300
B25: 800 | C25: 1200 | E25: 13.0399 | F25: 9.7618 | G25: 16.2994 | I25: 12.9454 | J25: 9.8832 | K25: 15.8887 | M25: 13.5961 | N25: 10.1798 | O25: 16.5577 | Q25: 11.4163 | R25: 11.4576 | S25: 11.3903 | U25: 11.3211 | V25: 7.0778 | W25: 16.67 | Y25: 13.6569 | Z25: 10.6475 | AA25: 16.4791
B26: 900 | C26: 1100
B27: 1000 | C27: 1000 | E27: 11.9948 | F27: 10.0173 | G27: 15.1486 | I27: 11.2355 | J27: 10.1749 | K27: 12.7637 | M27: 10.173 | N27: 7.61 | O27: 15.436 | Q27: 8.1744 | R27: 6.9759 | S27: 9.6812 | U27: 10.0611 | V27: 6.9871 | W27: 16.6422 | Y27: 12.1656 | Z27: 9.7413 | AA27: 16.4664
B28: 1100 | C28: 900
B29: 1200 | C29: 800 | E29: 10.9101 | F29: 9.256 | G29: 14.1355 | I29: 9.9624 | J29: 8.6424 | K29: 12.5057 | M29: 10.7605 | N29: 8.8984 | O29: 15.4934 | Q29: 9.2661 | R29: 9.4662 | S29: 9.0223 | U29: 8.3998 | V29: 5.6819 | W29: 16.67 | Y29: 11.0092 | Z29: 9.2792 | AA29: 14.9904
B30: 1300 | C30: 700
B31: 1400 | C31: 600 | E31: 7.5644 | F31: 6.6683 | G31: 9.7011 | I31: 7.5644 | J31: 6.6683 | K31: 9.7011 | M31: 10.4522 | N31: 9.1561 | O31: 15.4358 | Q31: 9.4129 | R31: 10.026 | S31: 8.4303 | U31: 9.475 | V31: 7.7615 | W31: 16.6539 | Y31: 10.3143 | Z31: 8.8098 | AA31: 15.9489
B32: 1500 | C32: 500
B34: 1000 | C34: 1400 | E34: 9.9596 | F34: 7.1945 | G34: 12.9992 | I34: 9.4259 | J34: 6.8419 | K34: 12.14 | M34: 10.3281 | N34: 6.5332 | O34: 16.2173 | Q34: 9.1681 | R34: 9.9921 | S34: 8.6448 | U34: 8.1272 | V34: 3.5239 | W34: 16.67 | Y34: 11.2654 | Z34: 7.5813 | AA34: 16.0953
B35: 1200 | C35: 1200 | E35: 9.9609 | F35: 7.242 | G35: 13.8342 | I35: 9.6783 | J35: 7.0548 | K35: 13.291 | M35: 9.3675 | N35: 6.0457 | O35: 15.5814 | Q35: 7.9192 | R35: 8.6034 | S35: 7.3676 | U35: 7.7955 | V35: 3.5951 | W35: 16.6495 | Y35: 9.7214 | Z35: 6.3086 | AA35: 15.9195
B36: 1400 | C36: 1000 | E36: 9.2945 | F36: 7.8061 | G36: 11.9371 | I36: 7.4262 | J36: 6.0391 | K36: 9.7874 | M36: 8.6521 | N36: 5.816 | O36: 15.9074 | Q36: 8.5744 | R36: 10.0934 | S36: 7.1497 | U36: 7.1301 | V36: 3.9443 | W36: 16.646 | Y36: 8.4262 | Z36: 5.4254 | AA36: 16.471
B37: 800 | C37: 800 | E37: 15.2822 | F37: 14.2566 | G37: 16.5369 | I37: 15.2822 | J37: 14.2566 | K37: 16.5369 | M37: 15.2691 | N37: 14.2367 | O37: 16.5435 | Q37: 16.2576 | R37: 16.1057 | S37: 16.4186 | U37: 12.5324 | V37: 9.9921 | W37: 16.67 | Y37: 13.5583 | Z37: 11.6393 | AA37: 16.3383
A39: 合流開始 | B39: 500 | C39: 1500
A40: 200m | B40: 600 | C40: 1400 | E40: 14.3272 | F40: 11.122 | G40: 15.9968 | I40: 14.2397 | J40: 11.1572 | K40: 15.8835 | M40: 12.1989 | N40: 6.1974 | O40: 16.67 | Q40: 14.6109 | R40: 13.3536 | S40: 15.1697 | U40: 12.1989 | V40: 6.1974 | W40: 16.67 | Y40: 14.8462 | Z40: 12.7329 | AA40: 15.8551 | AC40: 13.5402 | AD40: 9.3872 | AE40: 16.0007
A41: シミュ時間 | B41: 700 | C41: 1300
A42: 90s | B42: 800 | C42: 1200 | E42: 11.8627 | F42: 9.0711 | G42: 14.5149 | I42: 11.2844 | J42: 8.3232 | K42: 13.9836 | M42: 9.3588 | N42: 4.3408 | O42: 16.67 | Q42: 12.982 | R42: 12.8924 | S42: 13.0385 | U42: 9.3588 | V42: 4.3408 | W42: 16.67 | Y42: 9.9633 | Z42: 5.0171 | AA42: 16.6077 | AC42: 11.7086 | AD42: 8.5679 | AE42: 14.7988
B43: 900 | C43: 1100
B44: 1000 | C44: 1000 | E44: 11.348 | F44: 9.9275 | G44: 13.181 | I44: 11.1033 | J44: 9.1505 | K44: 13.792 | M44: 8.4448 | N44: 4.5946 | O44: 16.6293 | Q44: 10.974 | R44: 10.2669 | S44: 11.7546 | U44: 8.4448 | V44: 4.5946 | W44: 16.6293 | Y44: 9.0119 | Z44: 5.2158 | AA44: 16.5551 | AC44: 11.348 | AD44: 9.9275 | AE44: 13.181
B45: 1100 | C45: 900
B46: 1200 | C46: 800 | E46: 10.6366 | F46: 9.5573 | G46: 12.3747 | I46: 10.9795 | J46: 9.7772 | K46: 12.9786 | M46: 8.2006 | N46: 5.0914 | O46: 16.5595 | Q46: 10.1768 | R46: 10.984 | S46: 9.253 | U46: 6.8341 | V46: 3.5991 | W46: 16.6544 | Y46: 8.6824 | Z46: 5.6732 | AA46: 16.3736 | AC46: 10.7931 | AD46: 9.6851 | AE46: 12.6036
B47: 1300 | C47: 700
B48: 1400 | C48: 600 | E48: 9.4156 | F48: 8.5743 | G48: 11.2861 | I48: 9.3642 | J48: 8.4493 | K48: 11.3502 | M48: 7.5254 | N48: 5.1526 | O48: 16.5171 | Q48: 9.4522 | R48: 9.1749 | S48: 9.9893 | U48: 6.3626 | V48: 3.9011 | W48: 16.6087 | Y48: 7.5352 | Z48: 5.157 | AA48: 16.4149 | AC48: 9.4156 | AD48: 8.5743 | AE48: 11.2861
B49: 1500 | C49: 500
B51: 1000 | C51: 1400 | E51: 10.6039 | F51: 8.2407 | G51: 12.8939 | I51: 10.5154 | J51: 8.5134 | K51: 12.455 | M51: 9.1346 | N51: 4.1717 | O51: 16.6339 | Q51: 7.0262 | R51: 6.5613 | S51: 7.349 | U51: 9.1346 | V51: 4.1717 | W51: 16.6339 | Y51: 9.8856 | Z51: 5.4934 | AA51: 15.1286 | AC51: 9.5632 | AD51: 6.8361 | AE51: 12.3751
B52: 1200 | C52: 1200 | E52: 10.0301 | F52: 7.6171 | G52: 13.2335 | I52: 10.2129 | J52: 8.0375 | K52: 12.9201 | M52: 9.1472 | N52: 5.0831 | O52: 16.621 | Q52: 8.989 | R52: 10.1101 | S52: 8.1191 | U52: 7.8613 | V52: 3.6016 | W52: 16.6594 | Y52: 9.1472 | Z52: 5.0831 | AA52: 16.621 | AC52: 10.0301 | AD52: 7.6171 | AE52: 13.2335
B53: 1400 | C53: 1000 | E53: 9.1294 | F53: 7.4735 | G53: 11.9607 | I53: 8.8928 | J53: 7.7492 | K53: 10.8178 | M53: 7.3955 | N53: 3.932 | O53: 16.6038 | Q53: 8.87 | R53: 8.4996 | S53: 9.3547 | U53: 6.4113 | V53: 2.8458 | W53: 16.6534 | Y53: 7.3955 | Z53: 3.932 | AA53: 16.6038 | AC53: 9.0489 | AD53: 7.4723 | AE53: 11.6186
B54: 800 | C54: 800 | E54: 13.0074 | F54: 10.9003 | G54: 16.6027 | I54: 13.5952 | J54: 11.9642 | K54: 15.7305 | M54: 12.7113 | N54: 10.3649 | O54: 16.2763 | Q54: 13.7241 | R54: 13.4515 | S54: 14.0175 | U54: 10.2925 | V54: 7.0512 | W54: 16.4746 | Y54: 14.2523 | Z54: 12.7216 | AA54: 16.2359 | AC54: 13.0074 | AD54: 10.9003 | AE54: 16.0027
B56: 500 | C56: 1500
A57: (30s~) | B57: 600 | C57: 1400 | E57: 13.8057 | F57: 10.4079 | G57: 15.8244 | I57: 13.6887 | J57: 10.4562 | K57: 15.6679 | M57: 11.2383 | N57: 5.216 | O57: 16.67 | Q57: 14.1666 | R57: 12.9885 | S57: 14.7422 | U57: 11.2383 | V57: 5.2159 | W57: 16.67 | Y57: 14.4587 | Z57: 12.2598 | AA57: 15.6358 | AC57: 12.8585 | AD57: 8.6435 | AE57: 15.7702
B58: 700 | C58: 1300
B59: 800 | C59: 1200 | E59: 11.041 | F59: 7.9374 | G59: 14.2558 | I59: 10.3321 | J59: 7.0267 | K59: 13.565 | M59: 8.1078 | N59: 3.1914 | O59: 16.67 | Q59: 12.6507 | R59: 12.3956 | S59: 12.8049 | U59: 8.1078 | V59: 3.1914 | W59: 16.67 | Y59: 8.649 | Z59: 3.6338 | AA59: 16.67 | AC59: 10.8419 | AD59: 7.3392 | AE59: 14.6389
B60: 900 | C60: 1100
B61: 1000 | C61: 1000 | E61: 10.5965 | F61: 9.0029 | G61: 12.9404 | I61: 10.1335 | J61: 8.2259 | K61: 13.1864 | M61: 7.0254 | N61: 3.5409 | O61: 16.6085 | Q61: 10.1442 | R61: 9.386 | S61: 11.0471 | U61: 7.0254 | V61: 3.5409 | W61: 16.6085 | Y61: 7.5301 | Z61: 3.9945 | AA61: 16.6088 | AC61: 10.5965 | AD61: 9.0029 | AE61: 12.9404
B62: 1100 | C62: 900
B63: 1200 | C63: 800 | E63: 9.7637 | F63: 8.599 | G63: 11.7701 | I63: 10.1855 | J63: 8.8688 | K63: 12.5536 | M63: 6.6614 | N63: 3.6832 | O63: 16.5991 | Q63: 9.235 | R63: 10.2915 | S63: 8.0577 | U63: 5.3787 | V63: 2.4258 | W63: 16.6473 | Y63: 7.2167 | Z63: 4.3083 | AA63: 16.328 | AC63: 9.9564 | AD63: 8.7571 | AE63: 12.0635
B64: 1300 | C64: 700
B65: 1400 | C65: 600 | E65: 8.3421 | F65: 7.5335 | G65: 10.3006 | I65: 8.2672 | J65: 7.3612 | K65: 10.3963 | M65: 5.9463 | N65: 3.7922 | O65: 16.5523 | Q65: 8.405 | R65: 8.2276 | S65: 8.7651 | U65: 4.8954 | V65: 2.7513 | W65: 16.5767 | Y65: 5.9489 | Z65: 3.7845 | AA65: 16.3964 | AC65: 8.3421 | AD65: 7.5335 | AE65: 10.3006
B66: 1500 | C66: 500
B68: 1000 | C68: 1400 | E68: 9.7517 | F68: 7.1918 | G68: 12.5357 | I68: 9.6382 | J68: 7.5226 | K68: 11.9383 | M68: 7.7505 | N68: 3.078 | O68: 16.6173 | Q68: 5.7021 | R68: 5.1202 | S68: 6.113 | U68: 7.7505 | V68: 3.078 | W68: 16.6173 | Y68: 8.7218 | Z68: 4.1247 | AA68: 15.2345 | AC68: 8.3759 | AD68: 5.6832 | AE68: 11.5103
B69: 1200 | C69: 1200 | E69: 9.1586 | F69: 6.3939 | G69: 13.0347 | I69: 9.3792 | J69: 6.8547 | K69: 12.646 | M69: 7.8593 | N69: 3.6857 | O69: 16.6592 | Q69: 7.9871 | R69: 9.2324 | S69: 7.083 | U69: 6.6159 | V69: 2.4286 | W69: 16.6557 | Y69: 7.8593 | Z69: 3.6857 | AA69: 16.6592 | AC69: 9.1586 | AD69: 6.3939 | AE69: 13.0347
B70: 1400 | C70: 1000 | E70: 8.1111 | F70: 6.3017 | G70: 11.3894 | I70: 7.8341 | J70: 6.6369 | K70: 9.9603 | M70: 5.8475 | N70: 2.4438 | O70: 16.6472 | Q70: 7.837 | R70: 7.4406 | S70: 8.354 | U70: 4.958 | V70: 1.5661 | W70: 16.6469 | Y70: 5.8475 | Z70: 2.4438 | AA70: 16.6472 | AC70: 8.0131 | AD70: 6.2755 | AE70: 10.9802
B71: 800 | C71: 800 | E71: 12.3094 | F71: 9.8734 | G71: 16.072 | I71: 13.0778 | J71: 11.1913 | K71: 15.6893 | M71: 11.947 | N71: 9.2673 | O71: 16.4594 | Q71: 13.2542 | R71: 13.1239 | S71: 13.3924 | U71: 9.2312 | V71: 5.9567 | W71: 16.4059 | Y71: 13.8221 | Z71: 12.1026 | AA71: 16.157 | AC71: 12.3094 | AD71: 9.8734 | AE71: 16.072
B73: 500 | C73: 1500
A74: (60s~) | B74: 600 | C74: 1400 | E74: 12.5394 | F74: 8.8703 | G74: 15.3904 | I74: 12.3028 | J74: 8.9685 | K74: 15.0459 | M74: 9.6906 | N74: 4.1634 | O74: 16.67 | Q74: 13.3565 | R74: 12.7745 | S74: 13.6785 | U74: 9.6906 | V74: 4.1634 | W74: 16.67 | Y74: 13.8156 | Z74: 11.2727 | AA74: 15.4775 | AC74: 11.9922 | AD74: 7.557 | AE74: 15.8571
B75: 700 | C75: 1300
B76: 800 | C76: 1200 | E76: 10.723 | F76: 8.24 | G76: 13.5935 | I76: 10.2527 | J76: 6.473 | K76: 14.8924 | M76: 7.2523 | N76: 2.8686 | O76: 16.67 | Q76: 12.7666 | R76: 11.9187 | S76: 13.3614 | U76: 7.2523 | V76: 2.8686 | W76: 16.67 | Y76: 7.6942 | Z76: 3.224 | AA76: 16.67 | AC76: 10.225 | AD76: 7.482 | AE76: 13.6666
B77: 900 | C77: 1100
B78: 1000 | C78: 1000 | E78: 10.2126 | F78: 9.4511 | G78: 11.4261 | I78: 9.5705 | J78: 7.7709 | K78: 12.5517 | M78: 6.182 | N78: 2.8228 | O78: 16.6158 | Q78: 10.0582 | R78: 9.0472 | S78: 11.4868 | U78: 6.182 | V78: 2.8228 | W78: 16.6158 | Y78: 6.614 | Z78: 3.2125 | AA78: 16.6163 | AC78: 10.2126 | AD78: 9.4511 | AE78: 11.4261
B79: 1100 | C79: 900
B80: 1200 | C80: 800 | E80: 8.3782 | F80: 7.1834 | G80: 11.7726 | I80: 8.913 | J80: 7.8344 | K80: 11.9956 | M80: 4.7261 | N80: 2.5779 | O80: 16.6544 | Q80: 8.2889 | R80: 8.5458 | S80: 7.9457 | U80: 3.8055 | V80: 1.6824 | W80: 16.6114 | Y80: 5.1784 | Z80: 3.0259 | AA80: 16.67 | AC80: 8.6022 | AD80: 7.5148 | AE80: 11.7487
B81: 1300 | C81: 700
B82: 1400 | C82: 600 | E82: 6.7644 | F82: 5.6077 | G82: 10.8035 | I82: 6.6143 | J82: 5.2552 | K82: 11.0944 | M82: 3.7372 | N82: 2.0768 | O82: 16.6447 | Q82: 7.1402 | R82: 6.45 | S82: 8.8138 | U82: 3.0541 | V82: 1.3988 | W82: 16.5938 | Y82: 3.7021 | Z82: 2.03 | AA82: 16.67 | AC82: 6.7644 | AD82: 5.6077 | AE82: 10.8035
B83: 1500 | C83: 500
B85: 1000 | C85: 1400 | E85: 9.0957 | F85: 7.457 | G85: 10.9791 | I85: 8.898 | J85: 8.0192 | K85: 9.9074 | M85: 6.8398 | N85: 2.3311 | O85: 16.67 | Q85: 4.945 | R85: 3.9281 | S85: 5.7612 | U85: 6.8398 | V85: 2.3311 | W85: 16.67 | Y85: 7.579 | Z85: 2.9429 | AA85: 16.67 | AC85: 7.8347 | AD85: 5.4454 | AE85: 11.0898
B86: 1200 | C86: 1200 | E86: 7.2598 | F86: 5.6051 | G86: 11.2833 | I86: 7.5522 | J86: 5.7353 | K86: 11.6756 | M86: 5.3911 | N86: 2.5878 | O86: 16.638 | Q86: 7.5331 | R86: 7.4155 | S86: 7.6399 | U86: 4.4782 | V86: 1.6878 | W86: 16.6277 | Y86: 5.3911 | Z86: 2.5878 | AA86: 16.638 | AC86: 7.2598 | AD86: 5.6051 | AE86: 11.2833
B87: 1400 | C87: 1000 | E87: 6.6683 | F87: 4.9383 | G87: 10.9511 | I87: 6.2743 | J87: 5.5131 | K87: 8.0746 | M87: 3.5878 | N87: 0.7197 | O87: 16.6167 | Q87: 6.8689 | R87: 5.7655 | S87: 8.5354 | U87: 3.1834 | V87: 0.3018 | W87: 16.6161 | Y87: 3.5878 | Z87: 0.7197 | AA87: 16.6167 | AC87: 6.3728 | AD87: 4.5436 | AE87: 10.7269
B88: 800 | C88: 800 | E88: 11.4651 | F88: 9.4988 | G88: 15.827 | I88: 12.9708 | J88: 11.4561 | K88: 15.7194 | M88: 11.6421 | N88: 9.8176 | O88: 16.1775 | Q88: 13.7265 | R88: 13.0623 | S88: 14.7886 | U88: 8.653 | V88: 6.1716 | W88: 16.5267 | Y88: 13.5133 | Z88: 12.2533 | AA88: 15.9406 | AC88: 11.4651 | AD88: 9.4988 | AE88: 15.827
A90: 合流開始 | B90: 500 | C90: 1500
A91: 250m | B91: 600 | C91: 1400 | E91: 12.5456 | F91: 8.2954 | G91: 15.417 | I91: 12.5902 | J91: 8.8029 | K91: 14.9755 | M91: 11.4558 | N91: 5.174 | O91: 16.67 | Q91: 12.2781 | R91: 12.2909 | S91: 12.2727 | U91: 11.4558 | V91: 5.174 | W91: 16.67 | Y91: 11.4558 | Z91: 5.174 | AA91: 16.67 | AC91: 11.7162 | AD91: 6.1127 | AE91: 16.0449
A92: シミュ時間 | B92: 700 | C92: 1300
A93: 90s | B93: 800 | C93: 1200
B94: 900 | C94: 1100
B95: 1000 | C95: 1000 | E95: 10.6384 | F95: 8.4844 | G95: 13.8796 | I95: 10.5179 | J95: 8.5613 | K95: 13.2994 | M95: 8.4306 | N95: 4.5878 | O95: 16.6033 | Q95: 10.9659 | R95: 9.9043 | S95: 12.2405 | U95: 8.4306 | V95: 4.5878 | W95: 16.6033 | Y95: 8.4306 | Z95: 4.5878 | AA95: 16.6033 | AC95: 10.6384 | AD95: 8.4844 | AE95: 13.8796
B96: 1100 | C96: 900
B97: 1200 | C97: 800
B98: 1300 | C98: 700
B99: 1400 | C99: 600 | E99: 8.0023 | F99: 6.4576 | G99: 12.5066 | I99: 8.0023 | J99: 6.4576 | K99: 12.5066 | M99: 6.6419 | N99: 4.2774 | O99: 16.4715 | Q99: 7.0167 | R99: 5.4807 | S99: 11.4846 | U99: 6.6419 | V99: 4.2774 | W99: 16.4715 | Y99: 6.6419 | Z99: 4.2774 | AA99: 16.4715 | AC99: 8.0023 | AD99: 6.4576 | AE99: 12.5066
B100: 1500 | C100: 500
B102: 1200 | C102: 1200 | E102: 8.2532 | F102: 5.4336 | G102: 12.5915 | I102: 8.1868 | J102: 5.5279 | K102: 11.8787 | M102: 7.8384 | N102: 3.5709 | O102: 16.662 | Q102: 8.1512 | R102: 7.3796 | S102: 8.9522 | U102: 7.8384 | V102: 3.5709 | W102: 16.662 | Y102: 7.8384 | Z102: 3.5709 | AA102: 16.662 | AC102: 8.1451 | AD102: 5.182 | AE102: 12.7672
B104: 500 | C104: 1500
A105: (30s~) | B105: 600 | C105: 1400 | E105: 11.8211 | F105: 7.8229 | G105: 15.0048 | I105: 11.8621 | J105: 8.3673 | K105: 14.4268 | M105: 10.4997 | N105: 4.4317 | O105: 16.67 | Q105: 11.5299 | R105: 12.2838 | S105: 11.1889 | U105: 10.4997 | V105: 4.4317 | W105: 16.67 | Y105: 10.4997 | Z105: 4.4317 | AA105: 16.67 | AC105: 10.8069 | AD105: 5.4342 | AE105: 15.8269
B106: 700 | C106: 1300
B107: 800 | C107: 1200
B108: 900 | C108: 1100
B109: 1000 | C109: 1000 | E109: 9.7342 | F109: 7.8949 | G109: 12.966 | I109: 9.5922 | J109: 7.98 | K109: 12.2129 | M109: 7.0109 | N109: 3.5355 | O109: 16.5693 | Q109: 10.1652 | R109: 9.4739 | S109: 11.0682 | U109: 7.0109 | V109: 3.5355 | W109: 16.5693 | Y109: 7.0109 | Z109: 3.5355 | AA109: 16.5693 | AC109: 9.7342 | AD109: 7.8949 | AE109: 12.966
B110: 1100 | C110: 900
B111: 1200 | C111: 800
B112: 1300 | C112: 700
B113: 1400 | C113: 600 | E113: 6.9285 | F113: 5.5688 | G113: 11.4845 | I113: 6.9285 | J113: 5.5688 | K113: 11.4845 | M113: 5.2489 | N113: 3.1982 | O113: 16.3693 | Q113: 5.7054 | R113: 4.3949 | S113: 10.0761 | U113: 5.2489 | V113: 3.1982 | W113: 16.3693 | Y113: 5.2489 | Z113: 3.1982 | AA113: 16.3693 | AC113: 6.9285 | AD113: 5.5688 | AE113: 11.4845
B114: 1500 | C114: 500
...

Sheet seed4
B2: 合流車線 | C2: 本線 | E2: 提案手法 | F2: 線形, v_max | I2: 提案手法 | J2: 2次, v_max | M2: 加藤さん | Q2: 全て受け入れ | U2: PriMa20% | Y2: PriMa40%
B3: [台/h] | C3: [台/h] | E3: all_speed | F3: cav0_speed | G3: cav1_speed | I3: all_speed | J3: cav0_speed | K3: cav1_speed | M3: all_speed | N3: cav0_speed | O3: cav1_speed | Q3: all_speed | R3: cav0_speed | S3: cav1_speed | U3: all_speed | V3: cav0_speed | W3: cav1_speed | Y3: all_speed | Z3: cav0_speed | AA3: cav1_speed
A5: 合流開始 | B5: 500 | C5: 1500
A6: 100m | B6: 600 | C6: 1400 | E6: 14.3689 | F6: 11.3293 | G6: 16.0394 | I6: 14.3689 | J6: 11.3293 | K6: 16.0394 | M6: 13.8008 | N6: 9.5499 | O6: 16.5097 | Q6: 12.7177 | R6: 8.7112 | S6: 15.4293 | U6: 12.4547 | V6: 7.0527 | W6: 16.67 | Y6: 14.171 | Z6: 10.4405 | AA6: 16.4057
A7: シミュ時間 | B7: 700 | C7: 1300
A8: 90s | B8: 800 | C8: 1200 | E8: 11.9817 | F8: 10.473 | G8: 13.2769 | I8: 12.8447 | J8: 10.7745 | K8: 14.7788 | M8: 13.3421 | N8: 10.4294 | O8: 16.2901 | Q8: 11.374 | R8: 11.1386 | S8: 11.5504 | U8: 12.7957 | V8: 9.1915 | W8: 16.67 | Y8: 13.2778 | Z8: 10.1236 | AA8: 16.4795
B9: 900 | C9: 1100
B10: 1000 | C10: 1000 | E10: 14.5477 | F10: 14.3202 | G10: 14.7909 | I10: 14.5477 | J10: 14.3202 | K10: 14.7909 | M10: 14.6877 | N10: 13.237 | O10: 16.483 | Q10: 11.938 | R10: 13.1557 | S10: 10.7488 | U10: 13.0054 | V10: 10.4245 | W10: 16.67 | Y10: 14.0685 | Z10: 12.2149 | AA10: 16.5147
B11: 1100 | C11: 900
B12: 1200 | C12: 800 | E12: 10.4724 | F12: 9.3445 | G12: 12.5721 | I12: 10.4664 | J12: 9.0256 | K12: 13.2423 | M12: 12.0706 | N12: 10.2636 | O12: 15.991 | Q12: 10.1405 | R12: 10.1702 | S12: 10.1001 | U12: 11.0532 | V12: 8.7219 | W12: 16.67 | Y12: 12.0238 | Z12: 10.0593 | AA12: 16.2784
B13: 1300 | C13: 700
B14: 1400 | C14: 600 | E14: 12.0103 | F14: 11.3837 | G14: 13.6479 | I14: 13.11 | J14: 12.2615 | K14: 15.3837 | M14: 12.4258 | N14: 11.1872 | O14: 16.0346 | Q14: 10.2754 | R14: 11.8053 | S14: 7.2 | U14: 11.7998 | V14: 10.2532 | W14: 16.67 | Y14: 13.1457 | Z14: 12.0872 | AA14: 16.0884
B15: 1500 | C15: 500
B17: 1000 | C17: 1400 | E17: 12.3617 | F17: 10.2505 | G17: 14.2692 | I17: 12.2022 | J17: 11.0522 | K17: 13.1062 | M17: 12.1303 | N17: 8.4354 | O17: 16.3654 | Q17: 11.221 | R17: 11.8672 | S17: 10.7622 | U17: 11.2742 | V17: 6.9418 | W17: 16.67 | Y17: 13.4305 | Z17: 10.6565 | AA17: 16.1394
B18: 1200 | C18: 1200 | E18: 9.469 | F18: 7.8353 | G18: 11.5527 | I18: 9.7612 | J18: 7.4484 | K18: 13.0474 | M18: 10.6733 | N18: 7.7449 | O18: 15.5377 | Q18: 9.5332 | R18: 10.2028 | S18: 8.9047 | U18: 9.713 | V18: 5.95 | W18: 16.6643 | Y18: 11.4473 | Z18: 8.46 | AA18: 16.2387
B19: 1400 | C19: 1000 | E19: 9.9188 | F19: 8.8148 | G19: 11.8038 | I19: 10.0931 | J19: 9.1852 | K19: 11.6338 | M19: 11.8159 | N19: 9.7331 | O19: 15.803 | Q19: 10.117 | R19: 9.3229 | S19: 11.2961 | U19: 11.2571 | V19: 8.7111 | W19: 16.67 | Y19: 12.622 | Z19: 10.6758 | AA19: 16.1721
B20: 800 | C20: 800 | E20: 15.8382 | F20: 15.3444 | G20: 16.4256 | I20: 15.3773 | J20: 15.3698 | K20: 15.3857 | M20: 15.1975 | N20: 14.1915 | O20: 16.4583 | Q20: 15.109 | R20: 14.4079 | S20: 15.9605 | U20: 14.8666 | V20: 13.4778 | W20: 16.67 | Y20: 15.8987 | Z20: 15.3406 | AA20: 16.5625
B22: 500 | C22: 1500
A23: (30s~) | B23: 600 | C23: 1400 | E23: 13.9846 | F23: 10.4887 | G23: 15.954 | I23: 13.9846 | J23: 10.4887 | K23: 15.954 | M23: 13.2867 | N23: 8.456 | O23: 16.5523 | Q23: 11.9642 | R23: 7.539 | S23: 15.1754 | U23: 11.7543 | V23: 6.0351 | W23: 16.67 | Y23: 13.7401 | Z23: 9.4666 | AA23: 16.4191
B24: 700 | C24: 1300
B25: 800 | C25: 1200 | E25: 10.8879 | F25: 9.0618 | G25: 12.449 | I25: 11.9212 | J25: 9.45 | K25: 14.2703 | M25: 12.5366 | N25: 9.0735 | O25: 16.1803 | Q25: 10.2069 | R25: 9.8556 | S25: 10.461 | U25: 11.8647 | V25: 7.6284 | W25: 16.67 | Y25: 12.448 | Z25: 8.6836 | AA25: 16.4242
B26: 900 | C26: 1100
B27: 1000 | C27: 1000 | E27: 14.0046 | F27: 13.7522 | G27: 14.2731 | I27: 14.0046 | J27: 13.7522 | K27: 14.2731 | M27: 14.1952 | N27: 12.4521 | O27: 16.4305 | Q27: 10.8428 | R27: 12.3405 | S27: 9.4173 | U27: 12.1369 | V27: 9.1573 | W27: 16.67 | Y27: 13.4345 | Z27: 11.2495 | AA27: 16.4714
B28: 1100 | C28: 900
B29: 1200 | C29: 800 | E29: 9.3389 | F29: 8.2158 | G29: 11.6959 | I29: 9.318 | J29: 7.8325 | K29: 12.585 | M29: 11.1402 | N29: 9.349 | O29: 15.8548 | Q29: 9.0788 | R29: 9.0806 | S29: 9.0763 | U29: 9.9936 | V29: 7.7531 | W29: 16.67 | Y29: 11.0754 | Z29: 9.0875 | AA29: 16.2868
B30: 1300 | C30: 700
B31: 1400 | C31: 600 | E31: 10.9806 | F31: 10.4103 | G31: 12.6289 | I31: 12.3051 | J31: 11.437 | K31: 14.914 | M31: 11.4978 | N31: 10.3201 | O31: 15.7946 | Q31: 9.0086 | R31: 10.9526 | S31: 5.0033 | U31: 10.7652 | V31: 9.1619 | W31: 16.67 | Y31: 12.3623 | Z31: 11.2488 | AA31: 15.8709
B32: 1500 | C32: 500
B34: 1000 | C34: 1400 | E34: 11.5177 | F34: 8.9937 | G34: 13.8077 | I34: 11.3429 | J34: 9.897 | K34: 12.4495 | M34: 11.3472 | N34: 7.2367 | O34: 16.2954 | Q34: 10.1945 | R34: 10.8826 | S34: 9.7286 | U34: 10.3601 | V34: 5.6108 | W34: 16.67 | Y34: 12.7782 | Z34: 9.4926 | AA34: 16.0603
B35: 1200 | C35: 1200 | E35: 8.3586 | F35: 6.4484 | G35: 10.8187 | I35: 8.6831 | J35: 6.0235 | K35: 12.5915 | M35: 9.6254 | N35: 6.4407 | O35: 15.3243 | Q35: 8.5544 | R35: 9.1217 | S35: 8.0493 | U35: 8.5911 | V35: 4.5984 | W35: 16.6626 | Y35: 10.5554 | Z35: 7.2443 | AA35: 16.2323
B36: 1400 | C36: 1000 | E36: 8.7491 | F36: 7.5911 | G36: 10.7898 | I36: 8.9314 | J36: 7.9999 | K36: 10.5623 | M36: 10.9142 | N36: 8.5984 | O36: 15.6373 | Q36: 8.9894 | R36: 8.1207 | S36: 10.2835 | U36: 10.3593 | V36: 7.6282 | W36: 16.67 | Y36: 11.8739 | Z36: 9.6706 | AA36: 16.1143
B37: 800 | C37: 800 | E37: 15.6066 | F37: 14.8705 | G37: 16.3778 | I37: 15.0301 | J37: 14.9041 | K37: 15.1523 | M37: 14.803 | N37: 13.3674 | O37: 16.417 | Q37: 14.6898 | R37: 13.6397 | S37: 15.8245 | U37: 14.3904 | V37: 12.4538 | W37: 16.67 | Y37: 15.6839 | Z37: 14.8654 | AA37: 16.5415
A39: 合流開始 | B39: 500 | C39: 1500
A40: 200m | B40: 600 | C40: 1400 | E40: 14.2766 | F40: 11.1999 | G40: 15.9264 | I40: 14.2856 | J40: 12.1666 | K40: 15.3174 | M40: 12.3856 | N40: 6.8156 | O40: 16.5853 | Q40: 13.6767 | R40: 14.33 | S40: 13.4028 | U40: 11.1652 | V40: 5.0679 | W40: 16.67 | Y40: 14.4085 | Z40: 11.1159 | AA40: 16.1863 | AC40: 14.2991 | AD40: 11.141 | AE40: 15.9926
A41: シミュ時間 | B41: 700 | C41: 1300
A42: 90s | B42: 800 | C42: 1200 | E42: 11.2461 | F42: 8.6519 | G42: 13.7941 | I42: 11.3306 | J42: 8.9629 | K42: 13.6036 | M42: 11.0203 | N42: 6.662 | O42: 16.478 | Q42: 11.5825 | R42: 11.2767 | S42: 11.8063 | U42: 8.9064 | V42: 4.1001 | W42: 16.67 | Y42: 11.3473 | Z42: 7.4978 | AA42: 15.5839 | AC42: 11.4271 | AD42: 8.6513 | AE42: 14.2077
B43: 900 | C43: 1100
B44: 1000 | C44: 1000 | E44: 11.8547 | F44: 9.7996 | G44: 14.6424 | I44: 11.876 | J44: 9.9495 | K44: 14.4603 | M44: 11.4369 | N44: 8.1915 | O44: 16.3799 | Q44: 11.7162 | R44: 10.92 | S44: 12.6382 | U44: 7.6892 | V44: 3.7186 | W44: 16.6326 | Y44: 11.4369 | Z44: 8.1915 | AA44: 16.3799 | AC44: 11.8547 | AD44: 9.7996 | AE44: 14.6424
B45: 1100 | C45: 900
B46: 1200 | C46: 800 | E46: 9.0776 | F46: 6.9924 | G46: 13.5534 | I46: 9.0776 | J46: 6.9924 | K46: 13.5534 | M46: 7.8301 | N46: 4.7938 | O46: 16.4334 | Q46: 9.5226 | R46: 8.4402 | S46: 11.447 | U46: 7.3979 | V46: 4.3085 | W46: 16.6646 | Y46: 8.2033 | Z46: 5.3006 | AA46: 15.8028 | AC46: 9.8102 | AD46: 7.9321 | AE46: 13.8614
B47: 1300 | C47: 700
B48: 1400 | C48: 600 | E48: 9.2171 | F48: 8.4712 | G48: 10.8747 | I48: 9.2171 | J48: 8.4712 | K48: 10.8747 | M48: 7.8719 | N48: 5.6213 | O48: 16.4724 | Q48: 8.9445 | R48: 8.2536 | S48: 10.4157 | U48: 7.404 | V48: 5.0969 | W48: 16.5665 | Y48: 8.0303 | Z48: 5.7749 | AA48: 16.3819 | AC48: 9.2171 | AD48: 8.4712 | AE48: 10.8747
B49: 1500 | C49: 500
B51: 1000 | C51: 1400 | E51: 11.8304 | F51: 9.5417 | G51: 13.8968 | I51: 11.5552 | J51: 9.3849 | K51: 13.5136 | M51: 10.2075 | N51: 5.3948 | O51: 16.6366 | Q51: 10.6514 | R51: 11.1032 | S51: 10.3363 | U51: 8.7096 | V51: 3.6738 | W51: 16.67 | Y51: 10.2075 | Z51: 5.3948 | AA51: 16.6366 | AC51: 11.7155 | AD51: 9.2542 | AE51: 13.9814
B52: 1200 | C52: 1200 | E52: 9.1734 | F52: 7.4245 | G52: 11.6442 | I52: 9.1166 | J52: 7.1142 | K52: 12.0217 | M52: 8.6882 | N52: 4.6948 | O52: 16.4738 | Q52: 9.4205 | R52: 8.1373 | S52: 11.007 | U52: 8.2591 | V52: 4.1838 | W52: 16.6289 | Y52: 9.0351 | Z52: 5.2132 | AA52: 15.9854 | AC52: 8.9203 | AD52: 6.5261 | AE52: 12.6112
B53: 1400 | C53: 1000 | E53: 9.4899 | F53: 7.877 | G53: 12.1732 | I53: 9.4899 | J53: 7.877 | K53: 12.1732 | M53: 9.3056 | N53: 6.0983 | O53: 16.4868 | Q53: 9.252 | R53: 7.9337 | S53: 11.3197 | U53: 8.2323 | V53: 4.7913 | W53: 16.6317 | Y53: 10.2269 | Z53: 7.8314 | AA53: 14.4401 | AC53: 9.4899 | AD53: 7.877 | AE53: 12.1732
B54: 800 | C54: 800 | E54: 14.9702 | F54: 14.4874 | G54: 15.5388 | I54: 14.9702 | J54: 14.4874 | K54: 15.5388 | M54: 14.9226 | N54: 13.9097 | O54: 16.193 | Q54: 14.6409 | R54: 14.7443 | S54: 14.5245 | U54: 8.8875 | V54: 5.4878 | W54: 16.5678 | Y54: 14.8776 | Z54: 13.7009 | AA54: 16.3935 | AC54: 14.9702 | AD54: 14.4874 | AE54: 15.5388
B56: 500 | C56: 1500
A57: (30s~) | B57: 600 | C57: 1400 | E57: 13.8554 | F57: 10.1634 | G57: 15.8732 | I57: 13.8722 | J57: 11.311 | K57: 15.1122 | M57: 11.5887 | N57: 5.4645 | O57: 16.646 | Q57: 13.1202 | R57: 14.0063 | S57: 12.765 | U57: 10.2561 | V57: 3.9469 | W57: 16.67 | Y57: 14.0179 | Z57: 10.0552 | AA57: 16.2028 | AC57: 13.8837 | AD57: 10.0902 | AE57: 15.957
B58: 700 | C58: 1300
B59: 800 | C59: 1200 | E59: 10.2054 | F59: 7.1889 | G59: 13.2389 | I59: 10.3093 | J59: 7.5476 | K59: 13.0095 | M59: 9.9464 | N59: 5.1121 | O59: 16.5172 | Q59: 10.6006 | R59: 10.1689 | S59: 10.9024 | U59: 7.8061 | V59: 2.9288 | W59: 16.67 | Y59: 10.3049 | Z59: 5.8565 | AA59: 15.4589 | AC59: 10.4201 | AD59: 7.1938 | AE59: 13.7451
B60: 900 | C60: 1100
B61: 1000 | C61: 1000 | E61: 10.9393 | F61: 8.6098 | G61: 14.2639 | I61: 10.9641 | J61: 8.7829 | K61: 14.0343 | M61: 10.4241 | N61: 6.748 | O61: 16.4902 | Q61: 10.7725 | R61: 9.8887 | S61: 11.8084 | U61: 6.5105 | V61: 2.6017 | W61: 16.6212 | Y61: 10.4241 | Z61: 6.748 | AA61: 16.492 | AC61: 10.9393 | AD61: 8.6098 | AE61: 14.2639
B62: 1100 | C62: 900
B63: 1200 | C63: 800 | E63: 7.7953 | F63: 5.8135 | G63: 12.7459 | I63: 7.7953 | J63: 5.8135 | K63: 12.7459 | M63: 6.2567 | N63: 3.3908 | O63: 16.641 | Q63: 8.3451 | R63: 7.4567 | S63: 10.0836 | U63: 5.8478 | V63: 3.0414 | W63: 16.6619 | Y63: 6.7139 | Z63: 3.9106 | AA63: 15.8616 | AC63: 8.6665 | AD63: 6.8967 | AE63: 13.1408
B64: 1300 | C64: 700
B65: 1400 | C65: 600 | E65: 8.2128 | F65: 7.3282 | G65: 10.2566 | I65: 8.2128 | J65: 7.3282 | K65: 10.2566 | M65: 6.4683 | N65: 4.2826 | O65: 16.4882 | Q65: 7.9349 | R65: 7.1071 | S65: 9.7475 | U65: 6.0244 | V65: 3.8339 | W65: 16.526 | Y65: 6.6335 | Z65: 4.4006 | AA65: 16.4895 | AC65: 8.2128 | AD65: 7.3282 | AE65: 10.2566
B66: 1500 | C66: 500
B68: 1000 | C68: 1400 | E68: 11.0427 | F68: 8.3554 | G68: 13.4749 | I68: 10.7167 | J68: 8.177 | K68: 13.0138 | M68: 9.1554 | N68: 3.9706 | O68: 16.67 | Q68: 9.6805 | R68: 10.1582 | S68: 9.3638 | U68: 7.6931 | V68: 2.5508 | W68: 16.67 | Y68: 9.1554 | Z68: 3.9706 | AA68: 16.67 | AC68: 10.8997 | AD68: 8.0166 | AE68: 13.5717
B69: 1200 | C69: 1200 | E69: 8.1292 | F69: 6.3268 | G69: 10.7514 | I69: 8.0674 | J69: 5.9804 | K69: 11.202 | M69: 7.4921 | N69: 3.2755 | O69: 16.6095 | Q69: 8.4211 | R69: 7.0989 | S69: 10.0594 | U69: 7.0751 | V69: 2.8966 | W69: 16.6168 | Y69: 7.9157 | Z69: 3.8089 | AA69: 16.0726 | AC69: 7.8287 | AD69: 5.3165 | AE69: 11.89
B70: 1400 | C70: 1000 | E70: 8.3588 | F70: 6.6313 | G70: 11.3016 | I70: 8.3588 | J70: 6.6313 | K70: 11.3016 | M70: 8.0895 | N70: 4.6625 | O70: 16.4981 | Q70: 8.052 | R70: 6.641 | S70: 10.2918 | U70: 6.9057 | V70: 3.3282 | W70: 16.6208 | Y70: 9.1736 | Z70: 6.5262 | AA70: 14.0077 | AC70: 8.3588 | AD70: 6.6313 | AE70: 11.3016
B71: 800 | C71: 800 | E71: 14.7904 | F71: 14.1478 | G71: 15.4562 | I71: 14.7904 | J71: 14.1478 | K71: 15.4562 | M71: 14.7289 | N71: 13.3882 | O71: 16.2311 | Q71: 14.3768 | R71: 14.4885 | S71: 14.2672 | U71: 7.8698 | V71: 4.1246 | W71: 16.5483 | Y71: 14.6727 | Z71: 13.1211 | AA71: 16.4709 | AC71: 14.7904 | AD71: 14.1478 | AE71: 15.4562
B73: 500 | C73: 1500
A74: (60s~) | B74: 600 | C74: 1400 | E74: 12.2886 | F74: 6.368 | G74: 15.8104 | I74: 13.0091 | J74: 7.9363 | K74: 15.3969 | M74: 9.6479 | N74: 2.8547 | O74: 16.67 | Q74: 11.7214 | R74: 12.8221 | S74: 11.3647 | U74: 8.5804 | V74: 2.0899 | W74: 16.67 | Y74: 12.6614 | Z74: 6.1602 | AA74: 16.6005 | AC74: 12.344 | AD74: 6.2326 | AE74: 15.9792
B75: 700 | C75: 1300
B76: 800 | C76: 1200 | E76: 8.2827 | F76: 5.6992 | G76: 11.6745 | I76: 8.477 | J76: 6.2575 | K76: 11.2406 | M76: 7.7874 | N76: 3.2413 | O76: 16.67 | Q76: 9.066 | R76: 8.2224 | S76: 9.6927 | U76: 6.0776 | V76: 1.9002 | W76: 16.67 | Y76: 8.379 | Z76: 3.673 | AA76: 16.67 | AC76: 8.6529 | AD76: 5.7192 | AE76: 12.7068
B77: 900 | C77: 1100
B78: 1000 | C78: 1000 | E78: 8.8784 | F78: 6.8603 | G78: 12.3318 | I78: 8.9146 | J78: 7.1175 | K78: 11.9164 | M78: 8 | N78: 4.1462 | O78: 16.5976 | Q78: 8.8322 | R78: 8.0583 | S78: 9.812 | U78: 4.9636 | V78: 1.497 | W78: 16.5697 | Y78: 8 | Z78: 4.1462 | AA78: 16.5976 | AC78: 8.8784 | AD78: 6.8603 | AE78: 12.3318
B79: 1100 | C79: 900
B80: 1200 | C80: 800 | E80: 6.4657 | F80: 4.6107 | G80: 12.7929 | I80: 6.4657 | J80: 4.6107 | K80: 12.7929 | M80: 4.0433 | N80: 1.8531 | O80: 16.67 | Q80: 7.4593 | R80: 6.5495 | S80: 9.7901 | U80: 3.7771 | V80: 1.6079 | W80: 16.6496 | Y80: 4.367 | Z80: 2.1469 | AA80: 16.67 | AC80: 7.6962 | AD80: 6.3101 | AE80: 12.4469
B81: 1300 | C81: 700
B82: 1400 | C82: 600 | E82: 7.2599 | F82: 6.1407 | G82: 11.2008 | I82: 7.2599 | J82: 6.1407 | K82: 11.2008 | M82: 4.4326 | N82: 2.7089 | O82: 16.4316 | Q82: 6.946 | R82: 5.4309 | S82: 11.5614 | U82: 4.03 | V82: 2.2843 | W82: 16.4813 | Y82: 4.3557 | Z82: 2.6026 | AA82: 16.4762 | AC82: 7.2599 | AD82: 6.1407 | AE82: 11.2008
B83: 1500 | C83: 500
B85: 1000 | C85: 1400 | E85: 9.2613 | F85: 6.2544 | G85: 12.5703 | I85: 8.7328 | J85: 6.0081 | K85: 11.7175 | M85: 7.3427 | N85: 2.3252 | O85: 16.67 | Q85: 8.1099 | R85: 8.0052 | S85: 8.18 | U85: 6.2293 | V85: 1.4163 | W85: 16.67 | Y85: 7.3427 | Z85: 2.3252 | AA85: 16.67 | AC85: 9.0004 | AD85: 5.7524 | AE85: 12.7306
B86: 1200 | C86: 1200 | E86: 6.9017 | F86: 5.4964 | G86: 9.0849 | I86: 7.0125 | J86: 5.2322 | K86: 9.8887 | M86: 5.6381 | N86: 1.6689 | O86: 16.6517 | Q86: 7.6587 | R86: 5.9378 | S86: 9.9846 | U86: 5.3382 | V86: 1.3728 | W86: 16.6545 | Y86: 6.0067 | Z86: 2.0173 | AA86: 16.6229 | AC86: 6.4999 | AD86: 4.4451 | AE86: 10.1183
B87: 1400 | C87: 1000 | E87: 6.9568 | F87: 4.794 | G87: 11.344 | I87: 6.9568 | J87: 4.794 | K87: 11.344 | M87: 5.9741 | N87: 2.5637 | O87: 16.6171 | Q87: 6.1967 | R87: 4.2585 | S87: 9.6445 | U87: 5.2609 | V87: 1.8376 | W87: 16.5883 | Y87: 7.4899 | Z87: 3.7408 | AA87: 16.4083 | AC87: 6.9568 | AD87: 4.794 | AE87: 11.344
B88: 800 | C88: 800 | E88: 13.9052 | F88: 13.49 | G88: 14.3551 | I88: 13.9052 | J88: 13.49 | K88: 14.3551 | M88: 13.7462 | N88: 12.0925 | O88: 15.8532 | Q88: 13.0884 | R88: 14.158 | S88: 12.0496 | U88: 6.0918 | V88: 2.8496 | W88: 16.5121 | Y88: 13.6376 | Z88: 11.6313 | AA88: 16.378 | AC88: 13.9052 | AD88: 13.49 | AE88: 14.3551
A90: 合流開始 | B90: 500 | C90: 1500
A91: 250m | B91: 600 | C91: 1400 | E91: 10.833 | F91: 5.8844 | G91: 14.8537 | I91: 10.4477 | J91: 6.3583 | K91: 13.6952 | M91: 10.6249 | N91: 4.3898 | O91: 16.67 | Q91: 9.8782 | R91: 10.9902 | S91: 9.3566 | U91: 10.6249 | V91: 4.3898 | W91: 16.67 | Y91: 10.6249 | Z91: 4.3898 | AA91: 16.67 | AC91: 10.4427 | AD91: 5.8807 | AE91: 14.3137
A92: シミュ時間 | B92: 700 | C92: 1300
A93: 90s | B93: 800 | C93: 1200
B94: 900 | C94: 1100
B95: 1000 | C95: 1000 | E95: 10.8473 | F95: 8.822 | G95: 13.6259 | I95: 10.9213 | J95: 9.2934 | K95: 13.043 | M95: 7.6864 | N95: 3.7063 | O95: 16.6509 | Q95: 10.9167 | R95: 10.27 | S95: 11.6539 | U95: 7.6864 | V95: 3.7063 | W95: 16.6509 | Y95: 7.6864 | Z95: 3.7063 | AA95: 16.6509 | AC95: 10.8473 | AD95: 8.822 | AE95: 13.6259
B96: 1100 | C96: 900
B97: 1200 | C97: 800
B98: 1300 | C98: 700
B99: 1400 | C99: 600 | E99: 9.2719 | F99: 7.6939 | G99: 13.9499 | I99: 9.2719 | J99: 7.6939 | K99: 13.9499 | M99: 6.3865 | N99: 3.9584 | O99: 16.5734 | Q99: 9.0182 | R99: 7.702 | S99: 12.7249 | U99: 6.3865 | V99: 3.9584 | W99: 16.5734 | Y99: 6.3865 | Z99: 3.9584 | AA99: 16.5734 | AC99: 9.2719 | AD99: 7.6939 | AE99: 13.9499
B100: 1500 | C100: 500
B102: 1200 | C102: 1200 | E102: 9.0483 | F102: 7.0919 | G102: 11.9344 | I102: 8.7039 | J102: 6.4901 | K102: 11.9257 | M102: 7.5375 | N102: 3.3606 | O102: 16.6168 | Q102: 9.0584 | R102: 8.0493 | S102: 10.2642 | U102: 7.5375 | V102: 3.3606 | W102: 16.6168 | Y102: 7.5375 | Z102: 3.3606 | AA102: 16.6168 | AC102: 9.0483 | AD102: 7.0919 | AE102: 11.9344
B104: 500 | C104: 1500
A105: (30s~) | B105: 600 | C105: 1400 | E105: 9.9114 | F105: 4.8716 | G105: 14.4 | I105: 9.4566 | J105: 5.4043 | K105: 12.9667 | M105: 9.6467 | N105: 3.2739 | O105: 16.67 | Q105: 8.7337 | R105: 10.4951 | S105: 7.9182 | U105: 9.6467 | V105: 3.2739 | W105: 16.67 | Y105: 9.6467 | Z105: 3.2739 | AA105: 16.67 | AC105: 9.4527 | AD105: 4.9028 | AE105: 13.7161
B106: 700 | C106: 1300
B107: 800 | C107: 1200
B108: 900 | C108: 1100
B109: 1000 | C109: 1000 | E109: 9.999 | F109: 7.8563 | G109: 13.0565 | I109: 10.1001 | J109: 8.4105 | K109: 12.3632 | M109: 6.5071 | N109: 2.5878 | O109: 16.6451 | Q109: 10.0771 | R109: 9.5181 | S109: 10.713 | U109: 6.5071 | V109: 2.5878 | W109: 16.6451 | Y109: 6.5071 | Z109: 2.5878 | AA109: 16.6451 | AC109: 9.999 | AD109: 7.8563 | AE109: 13.0565
B110: 1100 | C110: 900
B111: 1200 | C111: 800
B112: 1300 | C112: 700
B113: 1400 | C113: 600 | E113: 8.2636 | F113: 6.7308 | G113: 13.3127 | I113: 8.2636 | J113: 6.7308 | K113: 13.3127 | M113: 5.0831 | N113: 2.8321 | O113: 16.5355 | Q113: 8.0188 | R113: 6.7817 | S113: 11.8142 | U113: 5.0831 | V113: 2.8321 | W113: 16.5355 | Y113: 5.0831 | Z113: 2.8321 | AA113: 16.5355 | AC113: 8.2636 | AD113: 6.7308 | AE113: 13.3127
B114: 1500 | C114: 500
...

Sheet seed5
B2: 合流車線 | C2: 本線 | E2: 提案手法 | F2: 線形, v_max | I2: 提案手法 | J2: 2次, v_max | M2: 加藤さん | Q2: 全て受け入れ | U2: PriMa20% | Y2: PriMa40%
B3: [台/h] | C3: [台/h] | E3: all_speed | F3: cav0_speed | G3: cav1_speed | I3: all_speed | J3: cav0_speed | K3: cav1_speed | M3: all_speed | N3: cav0_speed | O3: cav1_speed | Q3: all_speed | R3: cav0_speed | S3: cav1_speed | U3: all_speed | V3: cav0_speed | W3: cav1_speed | Y3: all_speed | Z3: cav0_speed | AA3: cav1_speed
A5: 合流開始 | B5: 500 | C5: 1500
A6: 100m | B6: 600 | C6: 1400 | E6: 12.2298 | F6: 8.2746 | G6: 14.7645 | I6: 12.2297 | J6: 8.4412 | K6: 14.6523 | M6: 12.1528 | N6: 7.034 | O6: 16.3523 | Q6: 10.7473 | R6: 12.8081 | S6: 9.9479 | U6: 10.9851 | V6: 5.0583 | W6: 16.67 | Y6: 13.5072 | Z6: 9.4378 | AA6: 16.2016
A7: シミュ時間 | B7: 700 | C7: 1300
A8: 90s | B8: 800 | C8: 1200 | E8: 11.2441 | F8: 10.07 | G8: 12.207 | I8: 11.2287 | J8: 10.0524 | K8: 12.193 | M8: 11.4893 | N8: 7.5013 | O8: 16.4496 | Q8: 10.9131 | R8: 14.3608 | S8: 9.0648 | U8: 11.0078 | V8: 6.5945 | W8: 16.67 | Y8: 13.5653 | Z8: 10.8642 | AA8: 16.1618
B9: 900 | C9: 1100
B10: 1000 | C10: 1000 | E10: 12.7586 | F10: 10.9416 | G10: 14.8934 | I10: 10.9404 | J10: 9.4868 | K10: 12.6538 | M10: 13.4937 | N10: 11.4493 | O10: 16.0453 | Q10: 10.0874 | R10: 9.56 | S10: 10.6169 | U10: 11.3013 | V10: 7.9161 | W10: 16.67 | Y10: 13.3252 | Z10: 11.0661 | AA10: 16.1908
B11: 1100 | C11: 900
B12: 1200 | C12: 800 | E12: 12.3987 | F12: 10.6351 | G12: 15.5971 | I12: 12.0496 | J12: 10.6766 | K12: 14.4424 | M12: 11.1486 | N12: 8.803 | O12: 16.0655 | Q12: 9.5597 | R12: 8.8422 | S12: 10.594 | U12: 10.5957 | V12: 7.8988 | W12: 16.67 | Y12: 11.1272 | Z12: 9.149 | AA12: 14.8141
B13: 1300 | C13: 700
B14: 1400 | C14: 600 | E14: 12.0521 | F14: 11.2614 | G14: 14.4654 | I14: 12.8471 | J14: 12.1039 | K14: 15.1037 | M14: 11.796 | N14: 10.559 | O14: 16.2041 | Q14: 9.6116 | R14: 9.3776 | S14: 10.1903 | U14: 11.4488 | V14: 10.0761 | W14: 16.6638 | Y14: 11.8891 | Z14: 10.8329 | AA14: 15.3561
B15: 1500 | C15: 500
B17: 1000 | C17: 1400 | E17: 11.0268 | F17: 8.7107 | G17: 13.1524 | I17: 9.7607 | J17: 7.3486 | K17: 11.8105 | M17: 10.7803 | N17: 6.4531 | O17: 16.0992 | Q17: 9.6034 | R17: 10.5017 | S17: 9.0384 | U17: 9.8726 | V17: 4.9002 | W17: 16.67 | Y17: 11.7982 | Z17: 7.9615 | AA17: 15.9164
B18: 1200 | C18: 1200 | E18: 11.4731 | F18: 9.442 | G18: 13.991 | I18: 9.6639 | J18: 8.3902 | K18: 11.0887 | M18: 9.9703 | N18: 6.1519 | O18: 16.3736 | Q18: 9.2609 | R18: 9.6005 | S18: 8.9574 | U18: 9.8064 | V18: 5.9316 | W18: 16.67 | Y18: 10.9495 | Z18: 7.5102 | AA18: 16.2682
B19: 1400 | C19: 1000 | E19: 9.2366 | F19: 7.5893 | G19: 12.499 | I19: 9.0341 | J19: 7.4102 | K19: 12.0747 | M19: 10.9195 | N19: 8.6316 | O19: 16.1425 | Q19: 8.1934 | R19: 8.2233 | S19: 8.1439 | U19: 10.7741 | V19: 8.2854 | W19: 16.67 | Y19: 11.083 | Z19: 9.0697 | AA19: 15.4281
B20: 800 | C20: 800 | E20: 12.1775 | F20: 10.9554 | G20: 13.6293 | I20: 11.9894 | J20: 11.1074 | K20: 13.0032 | M20: 13.1805 | N20: 10.9449 | O20: 16.2376 | Q20: 11.4092 | R20: 10.8248 | S20: 12.0931 | U20: 12.8004 | V20: 10.119 | W20: 16.67 | Y20: 13.8867 | Z20: 11.9414 | AA20: 16.4094
B22: 500 | C22: 1500
A23: (30s~) | B23: 600 | C23: 1400 | E23: 11.5118 | F23: 6.9882 | G23: 14.7019 | I23: 11.5127 | J23: 7.1858 | K23: 14.5557 | M23: 11.3379 | N23: 6.1666 | O23: 16.2487 | Q23: 9.6998 | R23: 12.2453 | S23: 8.7374 | U23: 9.9494 | V23: 4.0519 | W23: 16.67 | Y23: 12.925 | Z23: 8.4456 | AA23: 16.2478
B24: 700 | C24: 1300
B25: 800 | C25: 1200 | E25: 10.3069 | F25: 9.2648 | G25: 11.2541 | I25: 10.2883 | J25: 9.2444 | K25: 11.2366 | M25: 10.6504 | N25: 6.848 | O25: 16.3699 | Q25: 9.9018 | R25: 14.2806 | S25: 7.5242 | U25: 10.0749 | V25: 5.8475 | W25: 16.67 | Y25: 13.0374 | Z25: 10.2922 | AA25: 16.1205
B26: 900 | C26: 1100
B27: 1000 | C27: 1000 | E27: 12.1101 | F27: 10.1947 | G27: 14.6696 | I27: 9.953 | J27: 8.5786 | K27: 11.773 | M27: 12.9149 | N27: 10.8731 | O27: 15.8851 | Q27: 9.0128 | R27: 8.6593 | S27: 9.3948 | U27: 10.3244 | V27: 7.0427 | W27: 16.67 | Y27: 12.6867 | Z27: 10.3748 | AA27: 16.1198
B28: 1100 | C28: 900
B29: 1200 | C29: 800 | E29: 11.6286 | F29: 9.9642 | G29: 15.4124 | I29: 11.2746 | J29: 9.9564 | K29: 14.1077 | M29: 10.1332 | N29: 8.052 | O29: 15.7746 | Q29: 8.4439 | R29: 7.9036 | S29: 9.3259 | U29: 9.471 | V29: 7.0534 | W29: 16.67 | Y29: 10.1233 | Z29: 8.3027 | AA29: 14.3277
B30: 1300 | C30: 700
B31: 1400 | C31: 600 | E31: 11.3239 | F31: 10.4693 | G31: 14.1752 | I31: 12.2806 | J31: 11.458 | K31: 15.025 | M31: 10.9344 | N31: 9.6671 | O31: 16.1337 | Q31: 8.513 | R31: 8.2147 | S31: 9.2692 | U31: 10.5462 | V31: 9.1732 | W31: 16.6612 | Y31: 11.038 | Z31: 9.9618 | AA31: 14.9952
B32: 1500 | C32: 500
B34: 1000 | C34: 1400 | E34: 10.0998 | F34: 7.8828 | G34: 12.4517 | I34: 8.7604 | J34: 6.368 | K34: 11.0438 | M34: 9.7638 | N34: 5.7239 | O34: 15.8782 | Q34: 8.5997 | R34: 9.857 | S34: 7.7643 | U34: 8.6897 | V34: 4.0493 | W34: 16.67 | Y34: 11.018 | Z34: 7.0654 | AA34: 16.1584
B35: 1200 | C35: 1200 | E35: 10.5409 | F35: 8.6058 | G35: 13.2941 | I35: 8.4637 | J35: 7.4282 | K35: 9.7437 | M35: 8.7722 | N35: 5.14 | O35: 16.2585 | Q35: 8.1185 | R35: 8.72 | S35: 7.5529 | U35: 8.5972 | V35: 4.9328 | W35: 16.67 | Y35: 9.9193 | Z35: 6.4955 | AA35: 16.3449
B36: 1400 | C36: 1000 | E36: 8.2588 | F36: 6.635 | G36: 11.8849 | I36: 7.9707 | J36: 6.3633 | K36: 11.3262 | M36: 9.9315 | N36: 7.7234 | O36: 15.9992 | Q36: 7.0882 | R36: 7.3968 | S36: 6.5439 | U36: 9.7614 | V36: 7.3692 | W36: 16.67 | Y36: 10.0996 | Z36: 8.1615 | AA36: 15.0439
B37: 800 | C37: 800 | E37: 11.4498 | F37: 10.0869 | G37: 13.0881 | I37: 11.2477 | J37: 10.269 | K37: 12.3793 | M37: 12.596 | N37: 10.095 | O37: 16.1488 | Q37: 10.5832 | R37: 9.9618 | S37: 11.3171 | U37: 12.1537 | V37: 9.1702 | W37: 16.67 | Y37: 13.4059 | Z37: 11.1982 | AA37: 16.3552
A39: 合流開始 | B39: 500 | C39: 1500
A40: 200m | B40: 600 | C40: 1400 | E40: 11.6382 | F40: 8.0888 | G40: 13.8035 | I40: 11.6523 | J40: 8.2485 | K40: 13.6954 | M40: 10.7681 | N40: 4.6291 | O40: 16.6572 | Q40: 9.9976 | R40: 12.6397 | S40: 9.0893 | U40: 10.7681 | V40: 4.6291 | W40: 16.6572 | Y40: 11.3614 | Z40: 5.4186 | AA40: 16.5334 | AC40: 11.7288 | AD40: 7.7721 | AE40: 14.2443
A41: シミュ時間 | B41: 700 | C41: 1300
A42: 90s | B42: 800 | C42: 1200 | E42: 11.2163 | F42: 7.5669 | G42: 14.8424 | I42: 11.2163 | J42: 7.5669 | K42: 14.8424 | M42: 10.1647 | N42: 5.3114 | O42: 16.5923 | Q42: 10.5584 | R42: 10.9341 | S42: 10.3102 | U42: 9.602 | V42: 4.6402 | W42: 16.67 | Y42: 10.1845 | Z42: 5.3374 | AA42: 16.5614 | AC42: 10.4628 | AD42: 7.6158 | AE42: 13.1429
B43: 900 | C43: 1100
B44: 1000 | C44: 1000 | E44: 10.1008 | F44: 8.0677 | G44: 12.7892 | I44: 11.4044 | J44: 8.5052 | K44: 15.1861 | M44: 9.1848 | N44: 5.1189 | O44: 16.5637 | Q44: 10.8214 | R44: 10.2514 | S44: 11.3748 | U44: 8.6918 | V44: 4.5482 | W44: 16.6464 | Y44: 9.5114 | Z44: 5.5072 | AA44: 16.4503 | AC44: 10.495 | AD44: 8.307 | AE44: 13.4079
B45: 1100 | C45: 900
B46: 1200 | C46: 800 | E46: 8.4133 | F46: 6.2428 | G46: 12.6901 | I46: 8.4133 | J46: 6.2428 | K46: 12.6901 | M46: 7.194 | N46: 3.812 | O46: 16.6466 | Q46: 9.3899 | R46: 7.8154 | S46: 12.0867 | U46: 7.194 | V46: 3.812 | W46: 16.6466 | Y46: 7.9729 | Z46: 4.7062 | AA46: 16.4665 | AC46: 9.7166 | AD46: 8.35 | AE46: 11.9885
B47: 1300 | C47: 700
B48: 1400 | C48: 600 | E48: 9.7844 | F48: 8.349 | G48: 14.923 | I48: 8.7829 | J48: 7.3669 | K48: 13.9166 | M48: 8.6598 | N48: 6.8427 | O48: 16.3663 | Q48: 9.3181 | R48: 8.0138 | S48: 13.9023 | U48: 6.9917 | V48: 4.9914 | W48: 16.6038 | Y48: 9.0503 | Z48: 7.3063 | AA48: 16.1948 | AC48: 9.3181 | AD48: 8.0138 | AE48: 13.9023
B49: 1500 | C49: 500
B51: 1000 | C51: 1400 | E51: 10.7573 | F51: 6.1207 | G51: 16.0092 | I51: 10.7573 | J51: 6.1207 | K51: 16.0092 | M51: 9.0068 | N51: 3.7263 | O51: 16.67 | Q51: 6.979 | R51: 6.3148 | S51: 7.4833 | U51: 9.0068 | V51: 3.7263 | W51: 16.67 | Y51: 10.7475 | Z51: 5.99 | AA51: 16.2366 | AC51: 10.7573 | AD51: 6.1207 | AE51: 16.0092
B52: 1200 | C52: 1200 | E52: 8.4534 | F52: 5.9159 | G52: 12.0265 | I52: 8.4682 | J52: 5.8999 | K52: 12.0847 | M52: 7.7841 | N52: 3.4266 | O52: 16.5804 | Q52: 9.0387 | R52: 8.626 | S52: 9.479 | U52: 7.7841 | V52: 3.4266 | W52: 16.5804 | Y52: 8.1994 | Z52: 3.9077 | AA52: 16.4769 | AC52: 8.7438 | AD52: 6.4675 | AE52: 11.9508
B53: 1400 | C53: 1000 | E53: 8.3896 | F53: 6.181 | G53: 12.8306 | I53: 8.4922 | J53: 6.7395 | K53: 11.9241 | M53: 7.1686 | N53: 3.95 | O53: 16.4631 | Q53: 7.3397 | R53: 6.2959 | S53: 9.0141 | U53: 6.7887 | V53: 3.4953 | W53: 16.6306 | Y53: 7.1686 | Z53: 3.95 | AA53: 16.4631 | AC53: 8.1925 | AD53: 6.4472 | AE53: 11.6435
B54: 800 | C54: 800 | E54: 11.8579 | F54: 10.3119 | G54: 13.7868 | I54: 12.1157 | J54: 10.5502 | K54: 14.066 | M54: 10.518 | N54: 6.9417 | O54: 16.5632 | Q54: 11.9519 | R54: 10.8002 | S54: 13.3636 | U54: 10.0687 | V54: 6.4133 | W54: 16.6034 | Y54: 13.2687 | Z54: 10.929 | AA54: 16.4486 | AC54: 12.345 | AD54: 10.4626 | AE54: 14.7723
B56: 500 | C56: 1500
A57: (30s~) | B57: 600 | C57: 1400 | E57: 10.8737 | F57: 6.7602 | G57: 13.596 | I57: 10.8953 | J57: 6.9404 | K57: 13.4601 | M57: 9.6812 | N57: 3.5644 | O57: 16.6527 | Q57: 9.0245 | R57: 11.8799 | S57: 8.0917 | U57: 9.6812 | V57: 3.5644 | W57: 16.6527 | Y57: 10.3087 | Z57: 4.1245 | AA57: 16.6445 | AC57: 10.9826 | AD57: 6.419 | AE57: 14.1607
B58: 700 | C58: 1300
B59: 800 | C59: 1200 | E59: 10.3843 | F59: 6.4632 | G59: 14.8842 | I59: 10.3843 | J59: 6.4633 | K59: 14.8842 | M59: 9.0422 | N59: 4.3183 | O59: 16.67 | Q59: 9.6593 | R59: 10.172 | S59: 9.3021 | U59: 8.4617 | V59: 3.7801 | W59: 16.67 | Y59: 9.0362 | Z59: 4.3015 | AA59: 16.6675 | AC59: 9.497 | AD59: 6.5189 | AE59: 12.6824
B60: 900 | C60: 1100
B61: 1000 | C61: 1000 | E61: 9.0975 | F61: 7.118 | G61: 12.0919 | I61: 10.6025 | J61: 7.4947 | K61: 15.3055 | M61: 7.9089 | N61: 4.0513 | O61: 16.5826 | Q61: 10.0284 | R61: 9.4102 | S61: 10.6722 | U61: 7.3556 | V61: 3.4844 | W61: 16.6371 | Y61: 8.2682 | Z61: 4.4402 | AA61: 16.4256 | AC61: 9.5618 | AD61: 7.3835 | AE61: 12.8902
B62: 1100 | C62: 900
B63: 1200 | C63: 800 | E63: 7.1044 | F63: 5.2713 | G63: 11.4958 | I63: 7.1044 | J63: 5.2713 | K63: 11.4958 | M63: 5.726 | N63: 2.8403 | O63: 16.6348 | Q63: 8.2096 | R63: 6.9288 | S63: 10.8008 | U63: 5.726 | V63: 2.8403 | W63: 16.6348 | Y63: 6.5178 | Z63: 3.6325 | AA63: 16.5921 | AC63: 8.5558 | AD63: 7.5217 | AE63: 10.5854
B64: 1300 | C64: 700
B65: 1400 | C65: 600 | E65: 8.8662 | F65: 7.4888 | G65: 14.4461 | I65: 7.7232 | J65: 6.3945 | K65: 13.1418 | M65: 7.5437 | N65: 5.7862 | O65: 16.4072 | Q65: 8.3697 | R65: 7.1403 | S65: 13.1921 | U65: 5.6589 | V65: 3.7948 | W65: 16.5765 | Y65: 7.9966 | Z65: 6.305 | AA65: 16.1668 | AC65: 8.3697 | AD65: 7.1403 | AE65: 13.1921
B66: 1500 | C66: 500
B68: 1000 | C68: 1400 | E68: 9.7015 | F68: 4.9909 | G68: 16.2191 | I68: 9.7015 | J68: 4.9909 | K68: 16.2191 | M68: 7.6888 | N68: 2.8023 | O68: 16.67 | Q68: 5.4813 | R68: 5.1715 | S68: 5.7366 | U68: 7.6888 | V68: 2.8023 | W68: 16.67 | Y68: 9.6834 | Z68: 4.8479 | AA68: 16.5401 | AC68: 9.7015 | AD68: 4.9909 | AE68: 16.2191
B69: 1200 | C69: 1200 | E69: 7.2009 | F69: 4.935 | G69: 10.8612 | I69: 7.2185 | J69: 4.9169 | K69: 10.9362 | M69: 6.4237 | N69: 2.4335 | O69: 16.545 | Q69: 7.8675 | R69: 7.8293 | S69: 7.9118 | U69: 6.4237 | V69: 2.4335 | W69: 16.545 | Y69: 6.8212 | Z69: 2.7934 | AA69: 16.558 | AC69: 7.5102 | AD69: 5.5294 | AE69: 10.7251
B70: 1400 | C70: 1000 | E70: 7.3431 | F70: 5.0141 | G70: 12.6132 | I70: 7.466 | J70: 5.655 | K70: 11.4289 | M70: 5.6766 | N70: 2.7042 | O70: 16.4787 | Q70: 6.1245 | R70: 5.0905 | S70: 7.8831 | U70: 5.2866 | V70: 2.284 | W70: 16.6128 | Y70: 5.6766 | Z70: 2.7042 | AA70: 16.4787 | AC70: 7.1087 | AD70: 5.3238 | AE70: 11.0602
B71: 800 | C71: 800 | E71: 11.1507 | F71: 9.4468 | G71: 13.314 | I71: 11.4453 | J71: 9.7142 | K71: 13.6395 | M71: 9.6389 | N71: 5.7935 | O71: 16.594 | Q71: 11.2578 | R71: 10.0026 | S71: 12.8189 | U71: 9.2311 | V71: 5.4122 | W71: 16.5894 | Y71: 12.757 | Z71: 10.1294 | AA71: 16.4553 | AC71: 11.6999 | AD71: 9.6093 | AE71: 14.4604
B73: 500 | C73: 1500
A74: (60s~) | B74: 600 | C74: 1400 | E74: 9.7447 | F74: 5.5281 | G74: 13.8523 | I74: 9.7979 | J74: 5.7967 | K74: 13.5378 | M74: 8.2514 | N74: 2.8434 | O74: 16.6321 | Q74: 8.6091 | R74: 11.1433 | S74: 7.7773 | U74: 8.2514 | V74: 2.8434 | W74: 16.6321 | Y74: 8.7231 | Z74: 3.2061 | AA74: 16.6277 | AC74: 9.9447 | AD74: 5.0491 | AE74: 15.2129
B75: 700 | C75: 1300
B76: 800 | C76: 1200 | E76: 8.6925 | F76: 3.6801 | G76: 16.6353 | I76: 8.6925 | J76: 3.6801 | K76: 16.6353 | M76: 6.8912 | N76: 2.3107 | O76: 16.67 | Q76: 8.6495 | R76: 8.5891 | S76: 8.6925 | U76: 6.4576 | V76: 1.9637 | W76: 16.67 | Y76: 6.8913 | Z76: 2.3107 | AA76: 16.67 | AC76: 7.5374 | AD76: 3.7322 | AE76: 12.7149
B77: 900 | C77: 1100
B78: 1000 | C78: 1000 | E78: 7.597 | F78: 6.2027 | G78: 9.99 | I78: 8.3742 | J78: 4.9087 | K78: 15.7366 | M78: 5.7592 | N78: 2.3514 | O78: 16.6149 | Q78: 8.6571 | R78: 7.5396 | S78: 10.031 | U78: 5.374 | V78: 2.0304 | W78: 16.5965 | Y78: 5.8608 | Z78: 2.3334 | AA78: 16.67 | AC78: 8.3866 | AD78: 6.6547 | AE78: 11.4243
B79: 1100 | C79: 900
B80: 1200 | C80: 800 | E80: 5.4961 | F80: 3.5725 | G80: 10.4436 | I80: 5.4961 | J80: 3.5725 | K80: 10.4436 | M80: 3.8387 | N80: 1.1348 | O80: 16.5954 | Q80: 6.9826 | R80: 5.367 | S80: 10.4086 | U80: 3.8387 | V80: 1.1348 | W80: 16.5954 | Y80: 4.4099 | Z80: 1.6632 | AA80: 16.5951 | AC80: 7.1351 | AD80: 5.9716 | AE80: 9.5888
B81: 1300 | C81: 700
B82: 1400 | C82: 600 | E82: 8.5119 | F82: 7.1552 | G82: 14.3094 | I82: 6.1643 | J82: 4.6767 | K82: 12.6636 | M82: 5.3076 | N82: 3.4701 | O82: 16.4795 | Q82: 7.3658 | R82: 5.8813 | S82: 13.9818 | U82: 3.8915 | V82: 2.1008 | W82: 16.4775 | Y82: 5.8501 | Z82: 4.001 | AA82: 16.4175 | AC82: 7.3658 | AD82: 5.8813 | AE82: 13.9818
B83: 1500 | C83: 500
B85: 1000 | C85: 1400 | E85: 7.6146 | F85: 2.6278 | G85: 16.6573 | I85: 7.6146 | J85: 2.6278 | K85: 16.6573 | M85: 6.011 | N85: 1.3221 | O85: 16.67 | Q85: 3.3933 | R85: 2.8013 | S85: 3.9097 | U85: 6.011 | V85: 1.3221 | W85: 16.67 | Y85: 7.5059 | Z85: 2.514 | AA85: 16.67 | AC85: 7.6146 | AD85: 2.6278 | AE85: 16.6573
B86: 1200 | C86: 1200 | E86: 6.1878 | F86: 3.7394 | G86: 10.3092 | I86: 6.2182 | J86: 3.7087 | K86: 10.4424 | M86: 4.8544 | N86: 0.9257 | O86: 16.424 | Q86: 6.8165 | R86: 7.0712 | S86: 6.5504 | U86: 4.8544 | V86: 0.9257 | W86: 16.424 | Y86: 5.1423 | Z86: 1.2072 | AA86: 16.4479 | AC86: 6.2475 | AD86: 4.3601 | AE86: 9.3658
B87: 1400 | C87: 1000 | E87: 6.2268 | F87: 3.0925 | G87: 14.4095 | I87: 6.4782 | J87: 4.1962 | K87: 12.0711 | M87: 4.5821 | N87: 1.2794 | O87: 16.5305 | Q87: 4.1346 | R87: 2.3061 | S87: 7.2259 | U87: 3.9383 | V87: 0.6001 | W87: 16.67 | Y87: 4.5821 | Z87: 1.2794 | AA87: 16.5305 | AC87: 5.8242 | AD87: 3.6117 | AE87: 11.364
B88: 800 | C88: 800 | E88: 9.5777 | F88: 7.9429 | G88: 11.7962 | I88: 10.0913 | J88: 8.3924 | K88: 12.3924 | M88: 7.2784 | N88: 3.252 | O88: 16.67 | Q88: 9.7628 | R88: 8.9042 | S88: 10.8847 | U88: 7.2595 | V88: 3.3997 | W88: 16.5041 | Y88: 12.142 | Z88: 9.262 | AA88: 16.4708 | AC88: 10.1402 | AD88: 7.8353 | AE88: 13.6033
A90: 合流開始 | B90: 500 | C90: 1500
A91: 250m | B91: 600 | C91: 1400 | E91: 11.2386 | F91: 6.381 | G91: 15.1255 | I91: 10.7785 | J91: 6.55 | K91: 13.893 | M91: 10.7538 | N91: 4.6009 | O91: 16.6565 | Q91: 9.9035 | R91: 11.5267 | S91: 9.2237 | U91: 10.7538 | V91: 4.6009 | W91: 16.6565 | Y91: 10.7538 | Z91: 4.6009 | AA91: 16.6565 | AC91: 11.0184 | AD91: 6.0109 | AE91: 15.1607
A92: シミュ時間 | B92: 700 | C92: 1300
A93: 90s | B93: 800 | C93: 1200
B94: 900 | C94: 1100
B95: 1000 | C95: 1000 | E95: 8.7384 | F95: 6.2915 | G95: 12.248 | I95: 9.4062 | J95: 7.2558 | K95: 12.3132 | M95: 8.1519 | N95: 3.9755 | O95: 16.6521 | Q95: 9.3396 | R95: 8.4319 | S95: 10.3173 | U95: 8.1519 | V95: 3.9755 | W95: 16.6521 | Y95: 8.1519 | Z95: 3.9755 | AA95: 16.6521 | AC95: 9.2797 | AD95: 6.735 | AE95: 13.0371
B96: 1100 | C96: 900
B97: 1200 | C97: 800
B98: 1300 | C98: 700
B99: 1400 | C99: 600 | E99: 8.1994 | F99: 6.6519 | G99: 14.432 | I99: 8.1994 | J99: 6.6519 | K99: 14.432 | M99: 5.9334 | N99: 3.86 | O99: 16.6123 | Q99: 8.1994 | R99: 6.6519 | S99: 14.432 | U99: 5.9334 | V99: 3.86 | W99: 16.6123 | Y99: 5.9334 | Z99: 3.86 | AA99: 16.6123 | AC99: 8.1994 | AD99: 6.6519 | AE99: 14.4315
B100: 1500 | C100: 500
B102: 1200 | C102: 1200 | E102: 8.7196 | F102: 6.3021 | G102: 12.1881 | I102: 8.7972 | J102: 6.4208 | K102: 12.2044 | M102: 7.7697 | N102: 3.4087 | O102: 16.5804 | Q102: 8.8782 | R102: 7.4061 | S102: 10.631 | U102: 7.7697 | V102: 3.4087 | W102: 16.5804 | Y102: 7.7697 | Z102: 3.4087 | AA102: 16.5804 | AC102: 8.5516 | AD102: 6.1373 | AE102: 12.1203
B104: 500 | C104: 1500
A105: (30s~) | B105: 600 | C105: 1400 | E105: 10.2542 | F105: 5.4508 | G105: 14.6378 | I105: 9.7138 | J105: 5.6195 | K105: 13.0802 | M105: 9.6636 | N105: 3.5323 | O105: 16.6517 | Q105: 8.7671 | R105: 11.1984 | S105: 7.7625 | U105: 9.6636 | V105: 3.5323 | W105: 16.6517 | Y105: 9.6636 | Z105: 3.5323 | AA105: 16.6517 | AC105: 9.997 | AD105: 5.058 | AE105: 14.6826
B106: 700 | C106: 1300
B107: 800 | C107: 1200
B108: 900 | C108: 1100
B109: 1000 | C109: 1000 | E109: 7.5674 | F109: 5.5276 | G109: 10.9309 | I109: 8.3722 | J109: 6.5711 | K109: 11.137 | M109: 6.8931 | N109: 3.073 | O109: 16.6451 | Q109: 8.3698 | R109: 7.8216 | S109: 9.0083 | U109: 6.8931 | V109: 3.073 | W109: 16.6451 | Y109: 6.8931 | Z109: 3.073 | AA109: 16.6451 | AC109: 8.1913 | AD109: 6.0241 | AE109: 11.9057
B110: 1100 | C110: 900
B111: 1200 | C111: 800
B112: 1300 | C112: 700
B113: 1400 | C113: 600 | E113: 7.2532 | F113: 5.8415 | G113: 13.7733 | I113: 7.2532 | J113: 5.8415 | K113: 13.7733 | M113: 4.6508 | N113: 2.7652 | O113: 16.5886 | Q113: 7.2532 | R113: 5.8415 | S113: 13.7733 | U113: 4.6508 | V113: 2.7652 | W113: 16.5886 | Y113: 4.6508 | Z113: 2.7652 | AA113: 16.5886 | AC113: 7.2532 | AD113: 5.8415 | AE113: 13.7733
B114: 1500 | C114: 500
...

Sheet seed6
B2: 合流車線 | C2: 本線 | E2: 提案手法 | F2: 線形, v_max | I2: 提案手法 | J2: 2次, v_max | M2: 加藤さん | Q2: 全て受け入れ | U2: PriMa20% | Y2: PriMa40%
B3: [台/h] | C3: [台/h] | E3: all_speed | F3: cav0_speed | G3: cav1_speed | I3: all_speed | J3: cav0_speed | K3: cav1_speed | M3: all_speed | N3: cav0_speed | O3: cav1_speed | Q3: all_speed | R3: cav0_speed | S3: cav1_speed | U3: all_speed | V3: cav0_speed | W3: cav1_speed | Y3: all_speed | Z3: cav0_speed | AA3: cav1_speed
A5: 合流開始 | B5: 500 | C5: 1500
A6: 100m | B6: 600 | C6: 1400 | E6: 13.1398 | F6: 9.6903 | G6: 15.1641 | I6: 13.2353 | J6: 10.5273 | K6: 14.7109 | M6: 13.443 | N6: 8.9372 | O6: 16.533 | Q6: 10.2293 | R6: 9.8195 | S6: 10.4339 | U6: 13.2461 | V6: 8.3739 | W6: 16.67 | Y6: 14.074 | Z6: 10.8119 | AA6: 16.0479
A7: シミュ時間 | B7: 700 | C7: 1300
A8: 90s | B8: 800 | C8: 1200 | E8: 11.88 | F8: 8.7267 | G8: 14.9369 | I8: 14.0745 | J8: 11.4972 | K8: 16.2265 | M8: 13.2297 | N8: 9.8943 | O8: 16.3771 | Q8: 11.042 | R8: 11.4462 | S8: 10.7623 | U8: 12.8647 | V8: 8.9291 | W8: 16.67 | Y8: 13.8221 | Z8: 11.2573 | AA8: 16.0701
B9: 900 | C9: 1100
B10: 1000 | C10: 1000 | E10: 10.5988 | F10: 8.7533 | G10: 13.0647 | I10: 10.6892 | J10: 8.9241 | K10: 13.09 | M10: 12.3403 | N10: 10.0613 | O10: 15.5279 | Q10: 9.9537 | R10: 8.5633 | S10: 11.6026 | U10: 11.1063 | V10: 7.874 | W10: 16.67 | Y10: 12.669 | Z10: 10.373 | AA10: 15.8777
B11: 1100 | C11: 900
B12: 1200 | C12: 800 | E12: 12.6151 | F12: 11.6391 | G12: 14.3577 | I12: 13.166 | J12: 12.2358 | K12: 14.837 | M12: 11.8113 | N12: 9.9 | O12: 15.9639 | Q12: 11.3047 | R12: 10.1265 | S12: 13.3793 | U12: 12.0431 | V12: 9.9841 | W12: 16.67 | Y12: 11.1827 | Z12: 8.8833 | AA12: 16.3547
B13: 1300 | C13: 700
B14: 1400 | C14: 600 | E14: 13.1611 | F14: 13.0293 | G14: 13.4649 | I14: 13.1597 | J14: 13.0095 | K14: 13.5065 | M14: 13.3446 | N14: 12.3987 | O14: 16.0452 | Q14: 12.9015 | R14: 13.3942 | S14: 11.8142 | U14: 12.1216 | V14: 10.6889 | W14: 16.67 | Y14: 11.3462 | Z14: 10.9084 | AA14: 12.4713
B15: 1500 | C15: 500
B17: 1000 | C17: 1400 | E17: 10.4837 | F17: 7.6821 | G17: 13.2277 | I17: 10.1757 | J17: 7.7087 | K17: 12.581 | M17: 11.0718 | N17: 6.7313 | O17: 16.3846 | Q17: 9.3017 | R17: 8.6837 | S17: 9.8023 | U17: 10.2887 | V17: 5.456 | W17: 16.67 | Y17: 11.7589 | Z17: 7.7169 | AA17: 16.2755
B18: 1200 | C18: 1200 | E18: 10.7934 | F18: 8.7367 | G18: 13.3156 | I18: 10.7934 | J18: 8.7367 | K18: 13.3156 | M18: 10.393 | N18: 6.9545 | O18: 16.0426 | Q18: 8.8159 | R18: 12.3006 | S18: 6.3398 | U18: 9.6905 | V18: 5.7808 | W18: 16.67 | Y18: 10.2987 | Z18: 7.8308 | AA18: 13.9248
B19: 1400 | C19: 1000 | E19: 9.8755 | F19: 8.1858 | G19: 12.7198 | I19: 9.1666 | J19: 8.1444 | K19: 10.8332 | M19: 9.5646 | N19: 6.8298 | O19: 15.6118 | Q19: 8.3291 | R19: 6.783 | S19: 11.1777 | U19: 9.7789 | V19: 6.7519 | W19: 16.6677 | Y19: 10.6058 | Z19: 8.7057 | AA19: 14.2526
B20: 800 | C20: 800 | E20: 13.9816 | F20: 12.0976 | G20: 16.3381 | I20: 13.8766 | J20: 12.0583 | K20: 16.1515 | M20: 14.0041 | N20: 12.0549 | O20: 16.4426 | Q20: 13.8906 | R20: 13.617 | S20: 14.1834 | U20: 13.0808 | V20: 10.3969 | W20: 16.67 | Y20: 14.0299 | Z20: 12.0512 | AA20: 16.5086
B22: 500 | C22: 1500
A23: (30s~) | B23: 600 | C23: 1400 | E23: 12.5791 | F23: 8.8966 | G23: 14.9245 | I23: 12.701 | J23: 9.8449 | K23: 14.3633 | M23: 12.8386 | N23: 8.0958 | O23: 16.4921 | Q23: 9.1956 | R23: 9.0855 | S23: 9.2527 | U23: 12.16 | V23: 7.466 | W23: 16.67 | Y23: 13.6179 | Z23: 10.1239 | AA23: 15.9403
B24: 700 | C24: 1300
B25: 800 | C25: 1200 | E25: 11.2317 | F25: 7.9186 | G25: 14.6216 | I25: 13.72 | J25: 10.9179 | K25: 16.1442 | M25: 12.7623 | N25: 9.1841 | O25: 16.3216 | Q25: 10.3089 | R25: 10.8833 | S25: 9.9099 | U25: 12.3428 | V25: 8.1119 | W25: 16.67 | Y25: 13.44 | Z25: 10.6787 | AA25: 15.9654
B26: 900 | C26: 1100
B27: 1000 | C27: 1000 | E27: 9.814 | F27: 8.1601 | G27: 12.3498 | I27: 9.9095 | J27: 8.3478 | K27: 12.3614 | M27: 11.8294 | N27: 9.6185 | O27: 15.4697 | Q27: 9.0898 | R27: 7.9367 | S27: 10.6139 | U27: 10.3138 | V27: 7.2862 | W27: 16.67 | Y27: 12.1791 | Z27: 9.9406 | AA27: 15.8743
B28: 1100 | C28: 900
B29: 1200 | C29: 800 | E29: 11.8606 | F29: 10.7853 | G29: 13.8518 | I29: 12.5276 | J29: 11.5001 | K29: 14.4459 | M29: 10.9276 | N29: 8.8575 | O29: 15.7957 | Q29: 10.3528 | R29: 9.0575 | S29: 12.7038 | U29: 11.2024 | V29: 8.9734 | W29: 16.67 | Y29: 10.1867 | Z29: 7.6963 | AA29: 16.2935
B30: 1300 | C30: 700
B31: 1400 | C31: 600 | E31: 12.5247 | F31: 12.2675 | G31: 13.0559 | I31: 12.5225 | J31: 12.2422 | K31: 13.1026 | M31: 12.7486 | N31: 11.5234 | O31: 16.0131 | Q31: 12.2073 | R31: 12.7278 | S31: 11.1857 | U31: 11.3335 | V31: 9.5773 | W31: 16.67 | Y31: 10.4569 | Z31: 9.8593 | AA31: 11.8785
B32: 1500 | C32: 500
B34: 1000 | C34: 1400 | E34: 9.8241 | F34: 6.985 | G34: 12.7859 | I34: 9.4825 | J34: 7.0245 | K34: 12.0306 | M34: 10.4064 | N34: 6.0363 | O34: 16.3217 | Q34: 8.5247 | R34: 8.0756 | S34: 8.9007 | U34: 9.5274 | V34: 4.6822 | W34: 16.67 | Y34: 11.2294 | Z34: 7.0323 | AA34: 16.3601
B35: 1200 | C35: 1200 | E35: 9.9721 | F35: 7.7576 | G35: 12.8618 | I35: 9.9721 | J35: 7.7576 | K35: 12.8618 | M35: 9.371 | N35: 5.9129 | O35: 15.8467 | Q35: 7.8119 | R35: 11.766 | S35: 5.1282 | U35: 8.5637 | V35: 4.6428 | W35: 16.67 | Y35: 9.2569 | Z35: 6.8137 | AA35: 13.2339
B36: 1400 | C36: 1000 | E36: 9.0588 | F36: 7.2322 | G36: 12.2607 | I36: 8.2164 | J36: 7.1913 | K36: 9.9423 | M36: 8.4916 | N36: 5.6767 | O36: 15.4449 | Q36: 7.2743 | R36: 5.6965 | S36: 10.3501 | U36: 8.7362 | V36: 5.6326 | W36: 16.6669 | Y36: 9.7407 | Z36: 7.7686 | AA36: 13.829
B37: 800 | C37: 800 | E37: 13.6016 | F37: 11.5995 | G37: 16.265 | I37: 13.4779 | J37: 11.5544 | K37: 16.0371 | M37: 13.6282 | N37: 11.5506 | O37: 16.3926 | Q37: 13.4801 | R37: 13.3094 | S37: 13.669 | U37: 12.5631 | V37: 9.7037 | W37: 16.67 | Y37: 13.662 | Z37: 11.5524 | AA37: 16.4729
A39: 合流開始 | B39: 500 | C39: 1500
A40: 200m | B40: 600 | C40: 1400 | E40: 12.8649 | F40: 9.1435 | G40: 15.2144 | I40: 12.8444 | J40: 9.2924 | K40: 15.0612 | M40: 11.5888 | N40: 5.581 | O40: 16.67 | Q40: 12.1807 | R40: 12.255 | S40: 12.1474 | U40: 11.5888 | V40: 5.581 | W40: 16.67 | Y40: 13.3386 | Z40: 8.4544 | AA40: 16.56 | AC40: 12.9758 | AD40: 8.7582 | AE40: 15.6967
A41: シミュ時間 | B41: 700 | C41: 1300
A42: 90s | B42: 800 | C42: 1200 | E42: 11.6882 | F42: 9.09 | G42: 13.9953 | I42: 11.6884 | J42: 9.1356 | K42: 13.8824 | M42: 12.1974 | N42: 7.8229 | O42: 16.5655 | Q42: 12.1679 | R42: 14.0144 | S42: 11.1763 | U42: 10.0829 | V42: 4.8901 | W42: 16.67 | Y42: 12.1975 | Z42: 7.8229 | AA42: 16.5655 | AC42: 11.9982 | AD42: 8.7793 | AE42: 14.8908
B43: 900 | C43: 1100
B44: 1000 | C44: 1000 | E44: 10.8846 | F44: 9.0088 | G44: 13.3702 | I44: 10.8627 | J44: 8.8807 | K44: 13.4947 | M44: 8.6085 | N44: 4.5136 | O44: 16.67 | Q44: 10.2314 | R44: 10.3957 | S44: 10.08 | U44: 8.6085 | V44: 4.5136 | W44: 16.67 | Y44: 10.699 | Z44: 7.5123 | AA44: 15.3621 | AC44: 10.248 | AD44: 8.0218 | AE44: 13.3589
B45: 1100 | C45: 900
B46: 1200 | C46: 800 | E46: 8.5419 | F46: 7.3664 | G46: 10.5748 | I46: 8.5512 | J46: 7.293 | K46: 10.7259 | M46: 9.8019 | N46: 7.0642 | O46: 16.3866 | Q46: 8.5958 | R46: 7.3998 | S46: 10.6705 | U46: 8.3937 | V46: 5.375 | W46: 16.6569 | Y46: 9.8019 | Z46: 7.0642 | AA46: 16.3866 | AC46: 8.5419 | AD46: 7.3664 | AE46: 10.5748
B47: 1300 | C47: 700
B48: 1400 | C48: 600 | E48: 9.6441 | F48: 8.8344 | G48: 11.8495 | I48: 9.6441 | J48: 8.8344 | K48: 11.8495 | M48: 10.2061 | N48: 8.528 | O48: 15.7043 | Q48: 9.6486 | R48: 8.8117 | S48: 11.9019 | U48: 10.4059 | V48: 8.5888 | W48: 16.6537 | Y48: 10.4059 | Z48: 8.5888 | AA48: 16.6537 | AC48: 9.6441 | AD48: 8.8344 | AE48: 11.8495
B49: 1500 | C49: 500
B51: 1000 | C51: 1400 | E51: 9.8009 | F51: 7.0159 | G51: 12.6082 | I51: 9.9474 | J51: 7.1537 | K51: 12.763 | M51: 9.2642 | N51: 4.0695 | O51: 16.67 | Q51: 9.1343 | R51: 10.3042 | S51: 8.365 | U51: 9.2642 | V51: 4.0695 | W51: 16.67 | Y51: 10.3672 | Z51: 5.8534 | AA51: 15.5432 | AC51: 9.8465 | AD51: 6.7709 | AE51: 13.0329
B52: 1200 | C52: 1200 | E52: 9.4579 | F52: 7.8004 | G52: 11.6137 | I52: 9.2181 | J52: 7.1777 | K52: 11.8314 | M52: 8.7756 | N52: 4.5819 | O52: 16.5009 | Q52: 9.0763 | R52: 8.787 | S52: 9.3739 | U52: 7.6469 | V52: 3.237 | W52: 16.67 | Y52: 8.4165 | Z52: 4.1195 | AA52: 16.6252 | AC52: 9.4579 | AD52: 7.8004 | AE52: 11.6137
B53: 1400 | C53: 1000 | E53: 8.4312 | F53: 6.3551 | G53: 12.347 | I53: 8.4312 | J53: 6.3551 | K53: 12.347 | M53: 7.2556 | N53: 3.651 | O53: 16.544 | Q53: 8.4169 | R53: 6.361 | S53: 12.295 | U53: 6.5897 | V53: 2.8902 | W53: 16.67 | Y53: 7.2556 | Z53: 3.651 | AA53: 16.544 | AC53: 8.4312 | AD53: 6.3551 | AE53: 12.347
B54: 800 | C54: 800 | E54: 12.6924 | F54: 10.7825 | G54: 15.0822 | I54: 12.7855 | J54: 10.3563 | K54: 15.7639 | M54: 13.1482 | N54: 10.7109 | O54: 16.2473 | Q54: 14.54 | R54: 14.5791 | S54: 14.5006 | U54: 10.1467 | V54: 6.3634 | W54: 16.6435 | Y54: 15.5022 | Z54: 14.7406 | AA54: 16.3165 | AC54: 12.6924 | AD54: 10.7825 | AE54: 15.0822
B56: 500 | C56: 1500
A57: (30s~) | B57: 600 | C57: 1400 | E57: 12.1721 | F57: 8.3007 | G57: 14.8696 | I57: 12.1494 | J57: 8.4704 | K57: 14.6765 | M57: 10.6871 | N57: 4.5749 | O57: 16.67 | Q57: 11.3766 | R57: 11.8499 | S57: 11.1591 | U57: 10.6871 | V57: 4.5749 | W57: 16.67 | Y57: 12.7396 | Z57: 7.5159 | AA57: 16.5845 | AC57: 12.3044 | AD57: 7.8733 | AE57: 15.4723
B58: 700 | C58: 1300
B59: 800 | C59: 1200 | E59: 11.1686 | F59: 8.4319 | G59: 13.6972 | I59: 11.1727 | J59: 8.4751 | K59: 13.5732 | M59: 11.681 | N59: 7.0443 | O59: 16.5956 | Q59: 11.7134 | R59: 13.9397 | S59: 10.559 | U59: 9.3572 | V59: 4.0657 | W59: 16.67 | Y59: 11.681 | Z59: 7.0443 | AA59: 16.5956 | AC59: 11.5193 | AD59: 8.0812 | AE59: 14.7411
B60: 900 | C60: 1100
B61: 1000 | C61: 1000 | E61: 10.0995 | F61: 8.437 | G61: 12.6272 | I61: 10.0759 | J61: 8.296 | K61: 12.7883 | M61: 7.4782 | N61: 3.7002 | O61: 16.67 | Q61: 9.3968 | R61: 9.9331 | S61: 8.8508 | U61: 7.4782 | V61: 3.7002 | W61: 16.67 | Y61: 9.8518 | Z61: 6.786 | AA61: 15.1295 | AC61: 9.3685 | AD61: 7.3759 | AE61: 12.5816
B62: 1100 | C62: 900
B63: 1200 | C63: 800 | E63: 7.4712 | F63: 6.3765 | G63: 9.4079 | I63: 7.4817 | J63: 6.2905 | K63: 9.5879 | M63: 8.8674 | N63: 6.0594 | O63: 16.3085 | Q63: 7.5332 | R63: 6.4154 | S63: 9.5178 | U63: 7.2925 | V63: 4.2551 | W63: 16.6532 | Y63: 8.8674 | Z63: 6.0594 | AA63: 16.3085 | AC63: 7.4712 | AD63: 6.3765 | AE63: 9.4079
B64: 1300 | C64: 700
B65: 1400 | C65: 600 | E65: 8.9401 | F65: 7.9668 | G65: 11.4241 | I65: 8.9401 | J65: 7.9668 | K65: 11.4241 | M65: 9.566 | N65: 7.5821 | O65: 15.8255 | Q65: 8.9356 | R65: 7.9235 | S65: 11.482 | U65: 9.7375 | V65: 7.6665 | W65: 16.6507 | Y65: 9.7375 | Z65: 7.6665 | AA65: 16.6507 | AC65: 8.9401 | AD65: 7.9668 | AE65: 11.4241
B66: 1500 | C66: 500
B68: 1000 | C68: 1400 | E68: 9.0294 | F68: 6.2788 | G68: 11.9893 | I68: 9.1932 | J68: 6.4279 | K68: 12.1694 | M68: 8.396 | N68: 3.2343 | O68: 16.67 | Q68: 8.3042 | R68: 9.8291 | S68: 7.2969 | U68: 8.396 | V68: 3.2343 | W68: 16.67 | Y68: 9.6417 | Z68: 5.0204 | AA68: 15.427 | AC68: 9.0816 | AD68: 6.0293 | AE68: 12.468
B69: 1200 | C69: 1200 | E69: 8.5751 | F69: 6.9382 | G69: 10.8607 | I69: 8.3175 | J69: 6.2382 | K69: 11.1611 | M69: 7.5876 | N69: 3.4176 | O69: 16.5056 | Q69: 8.1798 | R69: 8.0349 | S69: 8.3322 | U69: 6.4038 | V69: 2.148 | W69: 16.67 | Y69: 7.183 | Z69: 2.932 | AA69: 16.6698 | AC69: 8.5751 | AD69: 6.9382 | AE69: 10.8607
B70: 1400 | C70: 1000 | E70: 7.3824 | F70: 5.1749 | G70: 11.8127 | I70: 7.3824 | J70: 5.1749 | K70: 11.8127 | M70: 5.8942 | N70: 2.2698 | O70: 16.6585 | Q70: 7.3653 | R70: 5.1819 | S70: 11.7473 | U70: 5.2433 | V70: 1.6222 | W70: 16.67 | Y70: 5.8942 | Z70: 2.2698 | AA70: 16.6585 | AC70: 7.3824 | AD70: 5.1749 | AE70: 11.8127
B71: 800 | C71: 800 | E71: 12.2716 | F71: 10.2699 | G71: 14.9264 | I71: 12.3776 | J71: 9.7742 | K71: 15.7502 | M71: 12.7839 | N71: 10.1966 | O71: 16.2854 | Q71: 14.42 | R71: 14.6033 | S71: 14.2305 | U71: 9.4039 | V71: 5.5969 | W71: 16.6376 | Y71: 15.5296 | Z71: 14.8208 | AA71: 16.3152 | AC71: 12.2716 | AD71: 10.2699 | AE71: 14.9264
B73: 500 | C73: 1500
A74: (60s~) | B74: 600 | C74: 1400 | E74: 11.114 | F74: 7.2835 | G74: 14.3838 | I74: 11.0822 | J74: 7.5373 | K74: 14.0327 | M74: 9.9211 | N74: 4.1244 | O74: 16.67 | Q74: 10.9869 | R74: 11.0001 | S74: 10.9798 | U74: 9.9211 | V74: 4.1244 | W74: 16.67 | Y74: 11.8354 | Z74: 6.2426 | AA74: 16.67 | AC74: 11.5942 | AD74: 7.0296 | AE74: 15.5282
B75: 700 | C75: 1300
B76: 800 | C76: 1200 | E76: 9.4623 | F76: 7.3558 | G76: 12.0007 | I76: 9.4912 | J76: 7.4017 | K76: 11.8424 | M76: 9.8409 | N76: 5.2043 | O76: 16.6676 | Q76: 10.9247 | R76: 12.9995 | S76: 9.7648 | U76: 7.6561 | V76: 3.0686 | W76: 16.67 | Y76: 9.8409 | Z76: 5.2043 | AA76: 16.6676 | AC76: 10.0455 | AD76: 6.8159 | AE76: 14.054
B77: 900 | C77: 1100
B78: 1000 | C78: 1000 | E78: 9.1874 | F78: 7.7774 | G78: 11.7786 | I78: 9.3292 | J78: 7.5211 | K78: 12.7562 | M78: 5.8946 | N78: 2.5135 | O78: 16.67 | Q78: 8.9521 | R78: 8.4708 | S78: 9.4875 | U78: 5.8946 | V78: 2.5135 | W78: 16.67 | Y78: 8.358 | Z78: 4.8582 | AA78: 16.6547 | AC78: 8.3649 | AD78: 6.4602 | AE78: 12.2543
B79: 1100 | C79: 900
B80: 1200 | C80: 800 | E80: 4.7096 | F80: 3.6163 | G80: 6.7322 | I80: 4.7249 | J80: 3.477 | K80: 7.0313 | M80: 6.3862 | N80: 3.5118 | O80: 16.6466 | Q80: 4.804 | R80: 3.6781 | S80: 6.8992 | U80: 5.0315 | V80: 2.2566 | W80: 16.6462 | Y80: 6.3862 | Z80: 3.5118 | AA80: 16.6466 | AC80: 4.7096 | AD80: 3.6163 | AE80: 6.7322
B81: 1300 | C81: 700
B82: 1400 | C82: 600 | E82: 7.3458 | F82: 6.4551 | G82: 9.6314 | I82: 7.3458 | J82: 6.4551 | K82: 9.6314 | M82: 7.7277 | N82: 5.3739 | O82: 16.482 | Q82: 7.3007 | R82: 6.3364 | S82: 9.7171 | U82: 7.5664 | V82: 5.1552 | W82: 16.634 | Y82: 7.5664 | Z82: 5.1552 | AA82: 16.634 | AC82: 7.3458 | AD82: 6.4551 | AE82: 9.6314
B83: 1500 | C83: 500
B85: 1000 | C85: 1400 | E85: 7.3699 | F85: 4.8926 | G85: 10.4986 | I85: 7.6289 | J85: 5.1127 | K85: 10.8118 | M85: 6.7022 | N85: 1.8722 | O85: 16.67 | Q85: 7.4925 | R85: 8.3009 | S85: 6.9298 | U85: 6.7022 | V85: 1.8722 | W85: 16.67 | Y85: 7.9876 | Z85: 2.9479 | AA85: 16.67 | AC85: 7.6323 | AD85: 4.8656 | AE85: 11.3906
B86: 1200 | C86: 1200 | E86: 6.8353 | F86: 5.4874 | G86: 8.841 | I86: 6.7317 | J86: 4.4807 | K86: 10.3569 | M86: 5.7133 | N86: 1.4301 | O86: 16.67 | Q86: 7.1302 | R86: 6.4855 | S86: 7.8372 | U86: 4.9112 | V86: 0.6272 | W86: 16.67 | Y86: 5.412 | Z86: 1.1275 | AA86: 16.67 | AC86: 6.8353 | AD86: 5.4874 | AE86: 8.841
B87: 1400 | C87: 1000 | E87: 6.0456 | F87: 3.5042 | G87: 11.3762 | I87: 6.0456 | J87: 3.5042 | K87: 11.3762 | M87: 4.4247 | N87: 0.524 | O87: 16.67 | Q87: 6.0174 | R87: 3.5159 | S87: 11.2652 | U87: 4.1217 | V87: 0.2003 | W87: 16.67 | Y87: 4.4247 | Z87: 0.524 | AA87: 16.67 | AC87: 6.0456 | AD87: 3.5042 | AE87: 11.3762
B88: 800 | C88: 800 | E88: 10.8983 | F88: 8.8746 | G88: 14.4535 | I88: 11.0662 | J88: 8.0631 | K88: 16.1366 | M88: 11.6336 | N88: 8.8296 | O88: 16.4332 | Q88: 14.039 | R88: 14.3708 | S88: 13.6144 | U88: 7.7601 | V88: 4.1604 | W88: 16.67 | Y88: 15.2766 | Z88: 14.7296 | AA88: 15.9774 | AC88: 10.8983 | AD88: 8.8746 | AE88: 14.4535
A90: 合流開始 | B90: 500 | C90: 1500
A91: 250m | B91: 600 | C91: 1400 | E91: 11.5663 | F91: 6.9983 | G91: 15.0334 | I91: 11.8934 | J91: 8.2081 | K91: 14.3327 | M91: 11.5767 | N91: 5.5721 | O91: 16.652 | Q91: 11.9022 | R91: 11.5794 | S91: 12.0547 | U91: 11.5767 | V91: 5.5721 | W91: 16.6521 | Y91: 11.5767 | Z91: 5.5721 | AA91: 16.6521 | AC91: 11.5236 | AD91: 6.9317 | AE91: 15.0794
A92: シミュ時間 | B92: 700 | C92: 1300
A93: 90s | B93: 800 | C93: 1200
B94: 900 | C94: 1100
B95: 1000 | C95: 1000 | E95: 9.9534 | F95: 7.2394 | G95: 14.1696 | I95: 9.9534 | J95: 7.2394 | K95: 14.1696 | M95: 8.6064 | N95: 4.5142 | O95: 16.67 | Q95: 10.5856 | R95: 9.3563 | S95: 12.0294 | U95: 8.6064 | V95: 4.5142 | W95: 16.67 | Y95: 8.6064 | Z95: 4.5142 | AA95: 16.67 | AC95: 9.9534 | AD95: 7.2394 | AE95: 14.1696
B96: 1100 | C96: 900
B97: 1200 | C97: 800
B98: 1300 | C98: 700
B99: 1400 | C99: 600 | E99: 7.4873 | F99: 5.7968 | G99: 14.0203 | I99: 7.4873 | J99: 5.7968 | K99: 14.0203 | M99: 6.4801 | N99: 4.1702 | O99: 16.6325 | Q99: 8.0198 | R99: 6.509 | S99: 13.1525 | U99: 6.4801 | V99: 4.1702 | W99: 16.6325 | Y99: 6.8174 | Z99: 4.5483 | AA99: 16.6026 | AC99: 7.4873 | AD99: 5.7968 | AE99: 14.0203
B100: 1500 | C100: 500
B102: 1200 | C102: 1200 | E102: 8.6279 | F102: 6.3223 | G102: 12.1398 | I102: 8.9769 | J102: 6.7542 | K102: 12.0792 | M102: 7.6439 | N102: 3.2338 | O102: 16.67 | Q102: 8.9397 | R102: 7.6516 | S102: 10.5474 | U102: 7.6439 | V102: 3.2338 | W102: 16.67 | Y102: 7.6439 | Z102: 3.2338 | AA102: 16.67 | AC102: 8.6279 | AD102: 6.3223 | AE102: 12.1398
B104: 500 | C104: 1500
A105: (30s~) | B105: 600 | C105: 1400 | E105: 10.6608 | F105: 6.1094 | G105: 14.5725 | I105: 11.0476 | J105: 7.4003 | K105: 13.713 | M105: 10.6734 | N105: 4.5654 | O105: 16.6467 | Q105: 11.0451 | R105: 11.1667 | S105: 10.9857 | U105: 10.6734 | V105: 4.5654 | W105: 16.6467 | Y105: 10.6734 | Z105: 4.5654 | AA105: 16.6467 | AC105: 10.6061 | AD105: 6.0429 | AE105: 14.6249
B106: 700 | C106: 1300
B107: 800 | C107: 1200
B108: 900 | C108: 1100
B109: 1000 | C109: 1000 | E109: 9.0068 | F109: 6.5929 | G109: 13.4203 | I109: 9.0068 | J109: 6.5929 | K109: 13.4203 | M109: 7.4765 | N109: 3.7016 | O109: 16.67 | Q109: 9.7204 | R109: 8.8547 | S109: 10.8551 | U109: 7.4765 | V109: 3.7016 | W109: 16.67 | Y109: 7.4765 | Z109: 3.7016 | AA109: 16.67 | AC109: 9.0068 | AD109: 6.5929 | AE109: 13.4203
B110: 1100 | C110: 900
B111: 1200 | C111: 800
B112: 1300 | C112: 700
B113: 1400 | C113: 600 | E113: 6.6934 | F113: 4.8629 | G113: 13.7161 | I113: 6.6934 | J113: 4.8629 | K113: 13.7161 | M113: 5.4974 | N113: 3.0017 | O113: 16.6256 | Q113: 7.2846 | R113: 5.6318 | S113: 12.7445 | U113: 5.4974 | V113: 3.0017 | W113: 16.6256 | Y113: 5.8762 | Z113: 3.4194 | AA113: 16.5903 | AC113: 6.6934 | AD113: 4.8629 | AE113: 13.7161
B114: 1500 | C114: 500
...

Sheet average1-6
B2: 合流車線 | C2: 本線 | E2: 提案手法 | F2: 線形, v_max | I2: 提案手法 | J2: 2次, v_max | M2: 加藤さん | Q2: 全て受け入れ | U2: PriMa20% | Y2: PriMa40%
B3: [台/h] | C3: [台/h] | E3: all_speed | F3: cav0_speed | G3: cav1_speed | I3: all_speed | J3: cav0_speed | K3: cav1_speed | M3: all_speed | N3: cav0_speed | O3: cav1_speed | Q3: all_speed | R3: cav0_speed | S3: cav1_speed | U3: all_speed | V3: cav0_speed | W3: cav1_speed | Y3: all_speed | Z3: cav0_speed | AA3: cav1_speed | AG3: 提案１ | AH3: 提案２ | AI3: 提案３ | AJ3: Kato | AK3: always | AL3: PriMa0.2 | AM3: PriMa0.4
A5: 合流開始 | B5: 500 | C5: 1500
A6: 100m | B6: 600 | C6: 1400 | E6: =ROUND(AVERAGE(seed1!E6,seed2!E6,seed3!E6,seed4!E6,seed5!E6,seed6!E6),4) -> 13.8702 | F6: =ROUND(AVERAGE(seed1!F6,seed2!F6,seed3!F6,seed4!F6,seed5!F6,seed6!F6),4) -> 10.6324 | G6: =ROUND(AVERAGE(seed1!G6,seed2!G6,seed3!G6,seed4!G6,seed5!G6,seed6!G6),4) -> 15.7251 | I6: =ROUND(AVERAGE(seed1!I6,seed2!I6,seed3!I6,seed4!I6,seed5!I6,seed6!I6),4) -> 13.9126 | J6: =ROUND(AVERAGE(seed1!J6,seed2!J6,seed3!J6,seed4!J6,seed5!J6,seed6!J6),4) -> 11.1244 | K6: =ROUND(AVERAGE(seed1!K6,seed2!K6,seed3!K6,seed4!K6,seed5!K6,seed6!K6),4) -> 15.477 | M6: =ROUND(AVERAGE(seed1!M6,seed2!M6,seed3!M6,seed4!M6,seed5!M6,seed6!M6),4) -> 13.4267 | N6: =ROUND(AVERAGE(seed1!N6,seed2!N6,seed3!N6,seed4!N6,seed5!N6,seed6!N6),4) -> 8.8899 | O6: =ROUND(AVERAGE(seed1!O6,seed2!O6,seed3!O6,seed4!O6,seed5!O6,seed6!O6),4) -> 16.5034 | Q6: =ROUND(AVERAGE(seed1!Q6,seed2!Q6,seed3!Q6,seed4!Q6,seed5!Q6,seed6!Q6),4) -> 12.8142 | R6: =ROUND(AVERAGE(seed1!R6,seed2!R6,seed3!R6,seed4!R6,seed5!R6,seed6!R6),4) -> 12.667 | S6: =ROUND(AVERAGE(seed1!S6,seed2!S6,seed3!S6,seed4!S6,seed5!S6,seed6!S6),4) -> 13.082 | U6: =ROUND(AVERAGE(seed1!U6,seed2!U6,seed3!U6,seed4!U6,seed5!U6,seed6!U6),4) -> 12.7536 | V6: =ROUND(AVERAGE(seed1!V6,seed2!V6,seed3!V6,seed4!V6,seed5!V6,seed6!V6),4) -> 7.5501 | W6: =ROUND(AVERAGE(seed1!W6,seed2!W6,seed3!W6,seed4!W6,seed5!W6,seed6!W6),4) -> 16.67 | Y6: =ROUND(AVERAGE(seed1!Y6,seed2!Y6,seed3!Y6,seed4!Y6,seed5!Y6,seed6!Y6),4) -> 14.3018 | Z6: =ROUND(AVERAGE(seed1!Z6,seed2!Z6,seed3!Z6,seed4!Z6,seed5!Z6,seed6!Z6),4) -> 11.979 | AA6: =ROUND(AVERAGE(seed1!AA6,seed2!AA6,seed3!AA6,seed4!AA6,seed5!AA6,seed6!AA6),4) -> 15.7428 | AG6: =E6 -> 13.8702 | AH6: =I6 -> 13.9126 | AI6: =AC6 -> 0 | AJ6: =M6 -> 13.4267 | AK6: =Q6 -> 12.8142 | AL6: =U6 -> 12.7536 | AM6: =Y6 -> 14.3018
A7: シミュ時間 | B7: 700 | C7: 1300 | AG7: =E7 -> 0 | AH7: =I7 -> 0 | AI7: =AC7 -> 0 | AJ7: =M7 -> 0 | AK7: =Q7 -> 0 | AL7: =U7 -> 0 | AM7: =Y7 -> 0
A8: 90s | B8: 800 | C8: 1200 | E8: =ROUND(AVERAGE(seed1!E8,seed2!E8,seed3!E8,seed4!E8,seed5!E8,seed6!E8),4) -> 13.0586 | F8: =ROUND(AVERAGE(seed1!F8,seed2!F8,seed3!F8,seed4!F8,seed5!F8,seed6!F8),4) -> 11.2233 | G8: =ROUND(AVERAGE(seed1!G8,seed2!G8,seed3!G8,seed4!G8,seed5!G8,seed6!G8),4) -> 14.6719 | I8: =ROUND(AVERAGE(seed1!I8,seed2!I8,seed3!I8,seed4!I8,seed5!I8,seed6!I8),4) -> 13.4542 | J8: =ROUND(AVERAGE(seed1!J8,seed2!J8,seed3!J8,seed4!J8,seed5!J8,seed6!J8),4) -> 11.7584 | K8: =ROUND(AVERAGE(seed1!K8,seed2!K8,seed3!K8,seed4!K8,seed5!K8,seed6!K8),4) -> 14.8921 | M8: =ROUND(AVERAGE(seed1!M8,seed2!M8,seed3!M8,seed4!M8,seed5!M8,seed6!M8),4) -> 13.5748 | N8: =ROUND(AVERAGE(seed1!N8,seed2!N8,seed3!N8,seed4!N8,seed5!N8,seed6!N8),4) -> 10.6414 | O8: =ROUND(AVERAGE(seed1!O8,seed2!O8,seed3!O8,seed4!O8,seed5!O8,seed6!O8),4) -> 16.4428 | Q8: =ROUND(AVERAGE(seed1!Q8,seed2!Q8,seed3!Q8,seed4!Q8,seed5!Q8,seed6!Q8),4) -> 12.1052 | R8: =ROUND(AVERAGE(seed1!R8,seed2!R8,seed3!R8,seed4!R8,seed5!R8,seed6!R8),4) -> 12.891 | S8: =ROUND(AVERAGE(seed1!S8,seed2!S8,seed3!S8,seed4!S8,seed5!S8,seed6!S8),4) -> 11.6522 | U8: =ROUND(AVERAGE(seed1!U8,seed2!U8,seed3!U8,seed4!U8,seed5!U8,seed6!U8),4) -> 12.5242 | V8: =ROUND(AVERAGE(seed1!V8,seed2!V8,seed3!V8,seed4!V8,seed5!V8,seed6!V8),4) -> 8.6394 | W8: =ROUND(AVERAGE(seed1!W8,seed2!W8,seed3!W8,seed4!W8,seed5!W8,seed6!W8),4) -> 16.67 | Y8: =ROUND(AVERAGE(seed1!Y8,seed2!Y8,seed3!Y8,seed4!Y8,seed5!Y8,seed6!Y8),4) -> 14.1779 | Z8: =ROUND(AVERAGE(seed1!Z8,seed2!Z8,seed3!Z8,seed4!Z8,seed5!Z8,seed6!Z8),4) -> 12.1532 | AA8: =ROUND(AVERAGE(seed1!AA8,seed2!AA8,seed3!AA8,seed4!AA8,seed5!AA8,seed6!AA8),4) -> 16.0348 | AG8: =E8 -> 13.0586 | AH8: =I8 -> 13.4542 | AI8: =AC8 -> 0 | AJ8: =M8 -> 13.5748 | AK8: =Q8 -> 12.1052 | AL8: =U8 -> 12.5242 | AM8: =Y8 -> 14.1779
B9: 900 | C9: 1100 | AG9: =E9 -> 0 | AH9: =I9 -> 0 | AI9: =AC9 -> 0 | AJ9: =M9 -> 0 | AK9: =Q9 -> 0 | AL9: =U9 -> 0 | AM9: =Y9 -> 0
B10: 1000 | C10: 1000 | E10: =ROUND(AVERAGE(seed1!E10,seed2!E10,seed3!E10,seed4!E10,seed5!E10,seed6!E10),4) -> 12.7801 | F10: =ROUND(AVERAGE(seed1!F10,seed2!F10,seed3!F10,seed4!F10,seed5!F10,seed6!F10),4) -> 11.3682 | G10: =ROUND(AVERAGE(seed1!G10,seed2!G10,seed3!G10,seed4!G10,seed5!G10,seed6!G10),4) -> 14.5567 | I10: =ROUND(AVERAGE(seed1!I10,seed2!I10,seed3!I10,seed4!I10,seed5!I10,seed6!I10),4) -> 12.3514 | J10: =ROUND(AVERAGE(seed1!J10,seed2!J10,seed3!J10,seed4!J10,seed5!J10,seed6!J10),4) -> 11.1153 | K10: =ROUND(AVERAGE(seed1!K10,seed2!K10,seed3!K10,seed4!K10,seed5!K10,seed6!K10),4) -> 13.8864 | M10: =ROUND(AVERAGE(seed1!M10,seed2!M10,seed3!M10,seed4!M10,seed5!M10,seed6!M10),4) -> 13.0327 | N10: =ROUND(AVERAGE(seed1!N10,seed2!N10,seed3!N10,seed4!N10,seed5!N10,seed6!N10),4) -> 10.9726 | O10: =ROUND(AVERAGE(seed1!O10,seed2!O10,seed3!O10,seed4!O10,seed5!O10,seed6!O10),4) -> 15.8287 | Q10: =ROUND(AVERAGE(seed1!Q10,seed2!Q10,seed3!Q10,seed4!Q10,seed5!Q10,seed6!Q10),4) -> 11.0121 | R10: =ROUND(AVERAGE(seed1!R10,seed2!R10,seed3!R10,seed4!R10,seed5!R10,seed6!R10),4) -> 10.891 | S10: =ROUND(AVERAGE(seed1!S10,seed2!S10,seed3!S10,seed4!S10,seed5!S10,seed6!S10),4) -> 11.2081 | U10: =ROUND(AVERAGE(seed1!U10,seed2!U10,seed3!U10,seed4!U10,seed5!U10,seed6!U10),4) -> 11.8048 | V10: =ROUND(AVERAGE(seed1!V10,seed2!V10,seed3!V10,seed4!V10,seed5!V10,seed6!V10),4) -> 8.7368 | W10: =ROUND(AVERAGE(seed1!W10,seed2!W10,seed3!W10,seed4!W10,seed5!W10,seed6!W10),4) -> 16.6643 | Y10: =ROUND(AVERAGE(seed1!Y10,seed2!Y10,seed3!Y10,seed4!Y10,seed5!Y10,seed6!Y10),4) -> 13.3398 | Z10: =ROUND(AVERAGE(seed1!Z10,seed2!Z10,seed3!Z10,seed4!Z10,seed5!Z10,seed6!Z10),4) -> 11.301 | AA10: =ROUND(AVERAGE(seed1!AA10,seed2!AA10,seed3!AA10,seed4!AA10,seed5!AA10,seed6!AA10),4) -> 16.0493 | AG10: =E10 -> 12.7801 | AH10: =I10 -> 12.3514 | AI10: =AC10 -> 0 | AJ10: =M10 -> 13.0327 | AK10: =Q10 -> 11.0121 | AL10: =U10 -> 11.8048 | AM10: =Y10 -> 13.3398
B11: 1100 | C11: 900 | AG11: =E11 -> 0 | AH11: =I11 -> 0 | AI11: =AC11 -> 0 | AJ11: =M11 -> 0 | AK11: =Q11 -> 0 | AL11: =U11 -> 0 | AM11: =Y11 -> 0
B12: 1200 | C12: 800 | E12: =ROUND(AVERAGE(seed1!E12,seed2!E12,seed3!E12,seed4!E12,seed5!E12,seed6!E12),4) -> 12.0024 | F12: =ROUND(AVERAGE(seed1!F12,seed2!F12,seed3!F12,seed4!F12,seed5!F12,seed6!F12),4) -> 10.737 | G12: =ROUND(AVERAGE(seed1!G12,seed2!G12,seed3!G12,seed4!G12,seed5!G12,seed6!G12),4) -> 14.3614 | I12: =ROUND(AVERAGE(seed1!I12,seed2!I12,seed3!I12,seed4!I12,seed5!I12,seed6!I12),4) -> 11.8735 | J12: =ROUND(AVERAGE(seed1!J12,seed2!J12,seed3!J12,seed4!J12,seed5!J12,seed6!J12),4) -> 10.6696 | K12: =ROUND(AVERAGE(seed1!K12,seed2!K12,seed3!K12,seed4!K12,seed5!K12,seed6!K12),4) -> 14.1365 | M12: =ROUND(AVERAGE(seed1!M12,seed2!M12,seed3!M12,seed4!M12,seed5!M12,seed6!M12),4) -> 12.0202 | N12: =ROUND(AVERAGE(seed1!N12,seed2!N12,seed3!N12,seed4!N12,seed5!N12,seed6!N12),4) -> 10.1885 | O12: =ROUND(AVERAGE(seed1!O12,seed2!O12,seed3!O12,seed4!O12,seed5!O12,seed6!O12),4) -> 15.9316 | Q12: =ROUND(AVERAGE(seed1!Q12,seed2!Q12,seed3!Q12,seed4!Q12,seed5!Q12,seed6!Q12),4) -> 10.5696 | R12: =ROUND(AVERAGE(seed1!R12,seed2!R12,seed3!R12,seed4!R12,seed5!R12,seed6!R12),4) -> 10.1982 | S12: =ROUND(AVERAGE(seed1!S12,seed2!S12,seed3!S12,seed4!S12,seed5!S12,seed6!S12),4) -> 11.2264 | U12: =ROUND(AVERAGE(seed1!U12,seed2!U12,seed3!U12,seed4!U12,seed5!U12,seed6!U12),4) -> 11.1777 | V12: =ROUND(AVERAGE(seed1!V12,seed2!V12,seed3!V12,seed4!V12,seed5!V12,seed6!V12),4) -> 8.8486 | W12: =ROUND(AVERAGE(seed1!W12,seed2!W12,seed3!W12,seed4!W12,seed5!W12,seed6!W12),4) -> 16.67 | Y12: =ROUND(AVERAGE(seed1!Y12,seed2!Y12,seed3!Y12,seed4!Y12,seed5!Y12,seed6!Y12),4) -> 12.3267 | Z12: =ROUND(AVERAGE(seed1!Z12,seed2!Z12,seed3!Z12,seed4!Z12,seed5!Z12,seed6!Z12),4) -> 10.578 | AA12: =ROUND(AVERAGE(seed1!AA12,seed2!AA12,seed3!AA12,seed4!AA12,seed5!AA12,seed6!AA12),4) -> 15.9337 | AG12: =E12 -> 12.0024 | AH12: =I12 -> 11.8735 | AI12: =AC12 -> 0 | AJ12: =M12 -> 12.0202 | AK12: =Q12 -> 10.5696 | AL12: =U12 -> 11.1777 | AM12: =Y12 -> 12.3267
B13: 1300 | C13: 700 | AG13: =E13 -> 0 | AH13: =I13 -> 0 | AI13: =AC13 -> 0 | AJ13: =M13 -> 0 | AK13: =Q13 -> 0 | AL13: =U13 -> 0 | AM13: =Y13 -> 0
B14: 1400 | C14: 600 | E14: =ROUND(AVERAGE(seed1!E14,seed2!E14,seed3!E14,seed4!E14,seed5!E14,seed6!E14),4) -> 12.4514 | F14: =ROUND(AVERAGE(seed1!F14,seed2!F14,seed3!F14,seed4!F14,seed5!F14,seed6!F14),4) -> 12.0099 | G14: =ROUND(AVERAGE(seed1!G14,seed2!G14,seed3!G14,seed4!G14,seed5!G14,seed6!G14),4) -> 13.6172 | I14: =ROUND(AVERAGE(seed1!I14,seed2!I14,seed3!I14,seed4!I14,seed5!I14,seed6!I14),4) -> 12.7689 | J14: =ROUND(AVERAGE(seed1!J14,seed2!J14,seed3!J14,seed4!J14,seed5!J14,seed6!J14),4) -> 12.2869 | K14: =ROUND(AVERAGE(seed1!K14,seed2!K14,seed3!K14,seed4!K14,seed5!K14,seed6!K14),4) -> 14.0463 | M14: =ROUND(AVERAGE(seed1!M14,seed2!M14,seed3!M14,seed4!M14,seed5!M14,seed6!M14),4) -> 12.9129 | N14: =ROUND(AVERAGE(seed1!N14,seed2!N14,seed3!N14,seed4!N14,seed5!N14,seed6!N14),4) -> 11.8725 | O14: =ROUND(AVERAGE(seed1!O14,seed2!O14,seed3!O14,seed4!O14,seed5!O14,seed6!O14),4) -> 16.1214 | Q14: =ROUND(AVERAGE(seed1!Q14,seed2!Q14,seed3!Q14,seed4!Q14,seed5!Q14,seed6!Q14),4) -> 11.6526 | R14: =ROUND(AVERAGE(seed1!R14,seed2!R14,seed3!R14,seed4!R14,seed5!R14,seed6!R14),4) -> 12.1456 | S14: =ROUND(AVERAGE(seed1!S14,seed2!S14,seed3!S14,seed4!S14,seed5!S14,seed6!S14),4) -> 10.693 | U14: =ROUND(AVERAGE(seed1!U14,seed2!U14,seed3!U14,seed4!U14,seed5!U14,seed6!U14),4) -> 12.1975 | V14: =ROUND(AVERAGE(seed1!V14,seed2!V14,seed3!V14,seed4!V14,seed5!V14,seed6!V14),4) -> 10.8442 | W14: =ROUND(AVERAGE(seed1!W14,seed2!W14,seed3!W14,seed4!W14,seed5!W14,seed6!W14),4) -> 16.6672 | Y14: =ROUND(AVERAGE(seed1!Y14,seed2!Y14,seed3!Y14,seed4!Y14,seed5!Y14,seed6!Y14),4) -> 12.6039 | Z14: =ROUND(AVERAGE(seed1!Z14,seed2!Z14,seed3!Z14,seed4!Z14,seed5!Z14,seed6!Z14),4) -> 11.6508 | AA14: =ROUND(AVERAGE(seed1!AA14,seed2!AA14,seed3!AA14,seed4!AA14,seed5!AA14,seed6!AA14),4) -> 15.4703 | AG14: =E14 -> 12.4514 | AH14: =I14 -> 12.7689 | AI14: =AC14 -> 0 | AJ14: =M14 -> 12.9129 | AK14: =Q14 -> 11.6526 | AL14: =U14 -> 12.1975 | AM14: =Y14 -> 12.6039
B15: 1500 | C15: 500 | AG15: =E15 -> 0 | AH15: =I15 -> 0 | AI15: =AC15 -> 0 | AJ15: =M15 -> 0 | AK15: =Q15 -> 0 | AL15: =U15 -> 0 | AM15: =Y15 -> 0
AG16: =E16 -> 0 | AH16: =I16 -> 0 | AI16: =AC16 -> 0 | AJ16: =M16 -> 0 | AK16: =Q16 -> 0 | AL16: =U16 -> 0 | AM16: =Y16 -> 0
B17: 1000 | C17: 1400 | E17: =ROUND(AVERAGE(seed1!E17,seed2!E17,seed3!E17,seed4!E17,seed5!E17,seed6!E17),4) -> 11.459 | F17: =ROUND(AVERAGE(seed1!F17,seed2!F17,seed3!F17,seed4!F17,seed5!F17,seed6!F17),4) -> 9.0173 | G17: =ROUND(AVERAGE(seed1!G17,seed2!G17,seed3!G17,seed4!G17,seed5!G17,seed6!G17),4) -> 13.7822 | I17: =ROUND(AVERAGE(seed1!I17,seed2!I17,seed3!I17,seed4!I17,seed5!I17,seed6!I17),4) -> 11.3273 | J17: =ROUND(AVERAGE(seed1!J17,seed2!J17,seed3!J17,seed4!J17,seed5!J17,seed6!J17),4) -> 9.3937 | K17: =ROUND(AVERAGE(seed1!K17,seed2!K17,seed3!K17,seed4!K17,seed5!K17,seed6!K17),4) -> 13.0651 | M17: =ROUND(AVERAGE(seed1!M17,seed2!M17,seed3!M17,seed4!M17,seed5!M17,seed6!M17),4) -> 11.6039 | N17: =ROUND(AVERAGE(seed1!N17,seed2!N17,seed3!N17,seed4!N17,seed5!N17,seed6!N17),4) -> 7.69 | O17: =ROUND(AVERAGE(seed1!O17,seed2!O17,seed3!O17,seed4!O17,seed5!O17,seed6!O17),4) -> 16.2497 | Q17: =ROUND(AVERAGE(seed1!Q17,seed2!Q17,seed3!Q17,seed4!Q17,seed5!Q17,seed6!Q17),4) -> 10.1676 | R17: =ROUND(AVERAGE(seed1!R17,seed2!R17,seed3!R17,seed4!R17,seed5!R17,seed6!R17),4) -> 10.921 | S17: =ROUND(AVERAGE(seed1!S17,seed2!S17,seed3!S17,seed4!S17,seed5!S17,seed6!S17),4) -> 9.681 | U17: =ROUND(AVERAGE(seed1!U17,seed2!U17,seed3!U17,seed4!U17,seed5!U17,seed6!U17),4) -> 10.4942 | V17: =ROUND(AVERAGE(seed1!V17,seed2!V17,seed3!V17,seed4!V17,seed5!V17,seed6!V17),4) -> 5.8284 | W17: =ROUND(AVERAGE(seed1!W17,seed2!W17,seed3!W17,seed4!W17,seed5!W17,seed6!W17),4) -> 16.67 | Y17: =ROUND(AVERAGE(seed1!Y17,seed2!Y17,seed3!Y17,seed4!Y17,seed5!Y17,seed6!Y17),4) -> 12.5274 | Z17: =ROUND(AVERAGE(seed1!Z17,seed2!Z17,seed3!Z17,seed4!Z17,seed5!Z17,seed6!Z17),4) -> 9.2367 | AA17: =ROUND(AVERAGE(seed1!AA17,seed2!AA17,seed3!AA17,seed4!AA17,seed5!AA17,seed6!AA17),4) -> 15.9465 | AG17: =E17 -> 11.459 | AH17: =I17 -> 11.3273 | AI17: =AC17 -> 0 | AJ17: =M17 -> 11.6039 | AK17: =Q17 -> 10.1676 | AL17: =U17 -> 10.4942 | AM17: =Y17 -> 12.5274
B18: 1200 | C18: 1200 | E18: =ROUND(AVERAGE(seed1!E18,seed2!E18,seed3!E18,seed4!E18,seed5!E18,seed6!E18),4) -> 10.838 | F18: =ROUND(AVERAGE(seed1!F18,seed2!F18,seed3!F18,seed4!F18,seed5!F18,seed6!F18),4) -> 9.0973 | G18: =ROUND(AVERAGE(seed1!G18,seed2!G18,seed3!G18,seed4!G18,seed5!G18,seed6!G18),4) -> 13.0965 | I18: =ROUND(AVERAGE(seed1!I18,seed2!I18,seed3!I18,seed4!I18,seed5!I18,seed6!I18),4) -> 10.4733 | J18: =ROUND(AVERAGE(seed1!J18,seed2!J18,seed3!J18,seed4!J18,seed5!J18,seed6!J18),4) -> 8.7159 | K18: =ROUND(AVERAGE(seed1!K18,seed2!K18,seed3!K18,seed4!K18,seed5!K18,seed6!K18),4) -> 12.7791 | M18: =ROUND(AVERAGE(seed1!M18,seed2!M18,seed3!M18,seed4!M18,seed5!M18,seed6!M18),4) -> 10.846 | N18: =ROUND(AVERAGE(seed1!N18,seed2!N18,seed3!N18,seed4!N18,seed5!N18,seed6!N18),4) -> 7.6711 | O18: =ROUND(AVERAGE(seed1!O18,seed2!O18,seed3!O18,seed4!O18,seed5!O18,seed6!O18),4) -> 16.0236 | Q18: =ROUND(AVERAGE(seed1!Q18,seed2!Q18,seed3!Q18,seed4!Q18,seed5!Q18,seed6!Q18),4) -> 9.533 | R18: =ROUND(AVERAGE(seed1!R18,seed2!R18,seed3!R18,seed4!R18,seed5!R18,seed6!R18),4) -> 10.6799 | S18: =ROUND(AVERAGE(seed1!S18,seed2!S18,seed3!S18,seed4!S18,seed5!S18,seed6!S18),4) -> 8.6666 | U18: =ROUND(AVERAGE(seed1!U18,seed2!U18,seed3!U18,seed4!U18,seed5!U18,seed6!U18),4) -> 9.531 | V18: =ROUND(AVERAGE(seed1!V18,seed2!V18,seed3!V18,seed4!V18,seed5!V18,seed6!V18),4) -> 5.6387 | W18: =ROUND(AVERAGE(seed1!W18,seed2!W18,seed3!W18,seed4!W18,seed5!W18,seed6!W18),4) -> 16.6665 | Y18: =ROUND(AVERAGE(seed1!Y18,seed2!Y18,seed3!Y18,seed4!Y18,seed5!Y18,seed6!Y18),4) -> 11.5589 | Z18: =ROUND(AVERAGE(seed1!Z18,seed2!Z18,seed3!Z18,seed4!Z18,seed5!Z18,seed6!Z18),4) -> 8.941 | AA18: =ROUND(AVERAGE(seed1!AA18,seed2!AA18,seed3!AA18,seed4!AA18,seed5!AA18,seed6!AA18),4) -> 15.4973 | AG18: =E18 -> 10.838 | AH18: =I18 -> 10.4733 | AI18: =AC18 -> 0 | AJ18: =M18 -> 10.846 | AK18: =Q18 -> 9.533 | AL18: =U18 -> 9.531 | AM18: =Y18 -> 11.5589
B19: 1400 | C19: 1000 | E19: =ROUND(AVERAGE(seed1!E19,seed2!E19,seed3!E19,seed4!E19,seed5!E19,seed6!E19),4) -> 9.8948 | F19: =ROUND(AVERAGE(seed1!F19,seed2!F19,seed3!F19,seed4!F19,seed5!F19,seed6!F19),4) -> 8.4875 | G19: =ROUND(AVERAGE(seed1!G19,seed2!G19,seed3!G19,seed4!G19,seed5!G19,seed6!G19),4) -> 12.3998 | I19: =ROUND(AVERAGE(seed1!I19,seed2!I19,seed3!I19,seed4!I19,seed5!I19,seed6!I19),4) -> 9.4062 | J19: =ROUND(AVERAGE(seed1!J19,seed2!J19,seed3!J19,seed4!J19,seed5!J19,seed6!J19),4) -> 8.2894 | K19: =ROUND(AVERAGE(seed1!K19,seed2!K19,seed3!K19,seed4!K19,seed5!K19,seed6!K19),4) -> 11.3249 | M19: =ROUND(AVERAGE(seed1!M19,seed2!M19,seed3!M19,seed4!M19,seed5!M19,seed6!M19),4) -> 10.6106 | N19: =ROUND(AVERAGE(seed1!N19,seed2!N19,seed3!N19,seed4!N19,seed5!N19,seed6!N19),4) -> 8.2066 | O19: =ROUND(AVERAGE(seed1!O19,seed2!O19,seed3!O19,seed4!O19,seed5!O19,seed6!O19),4) -> 15.8184 | Q19: =ROUND(AVERAGE(seed1!Q19,seed2!Q19,seed3!Q19,seed4!Q19,seed5!Q19,seed6!Q19),4) -> 8.9669 | R19: =ROUND(AVERAGE(seed1!R19,seed2!R19,seed3!R19,seed4!R19,seed5!R19,seed6!R19),4) -> 9.0152 | S19: =ROUND(AVERAGE(seed1!S19,seed2!S19,seed3!S19,seed4!S19,seed5!S19,seed6!S19),4) -> 9.1862 | U19: =ROUND(AVERAGE(seed1!U19,seed2!U19,seed3!U19,seed4!U19,seed5!U19,seed6!U19),4) -> 9.8913 | V19: =ROUND(AVERAGE(seed1!V19,seed2!V19,seed3!V19,seed4!V19,seed5!V19,seed6!V19),4) -> 7.059 | W19: =ROUND(AVERAGE(seed1!W19,seed2!W19,seed3!W19,seed4!W19,seed5!W19,seed6!W19),4) -> 16.6506 | Y19: =ROUND(AVERAGE(seed1!Y19,seed2!Y19,seed3!Y19,seed4!Y19,seed5!Y19,seed6!Y19),4) -> 10.7733 | Z19: =ROUND(AVERAGE(seed1!Z19,seed2!Z19,seed3!Z19,seed4!Z19,seed5!Z19,seed6!Z19),4) -> 8.676 | AA19: =ROUND(AVERAGE(seed1!AA19,seed2!AA19,seed3!AA19,seed4!AA19,seed5!AA19,seed6!AA19),4) -> 15.0152 | AG19: =E19 -> 9.8948 | AH19: =I19 -> 9.4062 | AI19: =AC19 -> 0 | AJ19: =M19 -> 10.6106 | AK19: =Q19 -> 8.9669 | AL19: =U19 -> 9.8913 | AM19: =Y19 -> 10.7733
B20: 800 | C20: 800 | E20: =ROUND(AVERAGE(seed1!E20,seed2!E20,seed3!E20,seed4!E20,seed5!E20,seed6!E20),4) -> 14.5831 | F20: =ROUND(AVERAGE(seed1!F20,seed2!F20,seed3!F20,seed4!F20,seed5!F20,seed6!F20),4) -> 13.7091 | G20: =ROUND(AVERAGE(seed1!G20,seed2!G20,seed3!G20,seed4!G20,seed5!G20,seed6!G20),4) -> 15.624 | I20: =ROUND(AVERAGE(seed1!I20,seed2!I20,seed3!I20,seed4!I20,seed5!I20,seed6!I20),4) -> 14.4557 | J20: =ROUND(AVERAGE(seed1!J20,seed2!J20,seed3!J20,seed4!J20,seed5!J20,seed6!J20),4) -> 13.7306 | K20: =ROUND(AVERAGE(seed1!K20,seed2!K20,seed3!K20,seed4!K20,seed5!K20,seed6!K20),4) -> 15.3134 | M20: =ROUND(AVERAGE(seed1!M20,seed2!M20,seed3!M20,seed4!M20,seed5!M20,seed6!M20),4) -> 14.704 | N20: =ROUND(AVERAGE(seed1!N20,seed2!N20,seed3!N20,seed4!N20,seed5!N20,seed6!N20),4) -> 13.2741 | O20: =ROUND(AVERAGE(seed1!O20,seed2!O20,seed3!O20,seed4!O20,seed5!O20,seed6!O20),4) -> 16.4808 | Q20: =ROUND(AVERAGE(seed1!Q20,seed2!Q20,seed3!Q20,seed4!Q20,seed5!Q20,seed6!Q20),4) -> 14.3443 | R20: =ROUND(AVERAGE(seed1!R20,seed2!R20,seed3!R20,seed4!R20,seed5!R20,seed6!R20),4) -> 14.0539 | S20: =ROUND(AVERAGE(seed1!S20,seed2!S20,seed3!S20,seed4!S20,seed5!S20,seed6!S20),4) -> 14.6872 | U20: =ROUND(AVERAGE(seed1!U20,seed2!U20,seed3!U20,seed4!U20,seed5!U20,seed6!U20),4) -> 13.7069 | V20: =ROUND(AVERAGE(seed1!V20,seed2!V20,seed3!V20,seed4!V20,seed5!V20,seed6!V20),4) -> 11.5348 | W20: =ROUND(AVERAGE(seed1!W20,seed2!W20,seed3!W20,seed4!W20,seed5!W20,seed6!W20),4) -> 16.67 | Y20: =ROUND(AVERAGE(seed1!Y20,seed2!Y20,seed3!Y20,seed4!Y20,seed5!Y20,seed6!Y20),4) -> 14.8014 | Z20: =ROUND(AVERAGE(seed1!Z20,seed2!Z20,seed3!Z20,seed4!Z20,seed5!Z20,seed6!Z20),4) -> 13.448 | AA20: =ROUND(AVERAGE(seed1!AA20,seed2!AA20,seed3!AA20,seed4!AA20,seed5!AA20,seed6!AA20),4) -> 16.4913 | AG20: =E20 -> 14.5831 | AH20: =I20 -> 14.4557 | AI20: =AC20 -> 0 | AJ20: =M20 -> 14.704 | AK20: =Q20 -> 14.3443 | AL20: =U20 -> 13.7069 | AM20: =Y20 -> 14.8014
AG21: =E21 -> 0 | AH21: =I21 -> 0 | AI21: =AC21 -> 0 | AJ21: =M21 -> 0 | AK21: =Q21 -> 0 | AL21: =U21 -> 0 | AM21: =Y21 -> 0
B22: 500 | C22: 1500 | AG22: =E22 -> 0 | AH22: =I22 -> 0 | AI22: =AC22 -> 0 | AJ22: =M22 -> 0 | AK22: =Q22 -> 0 | AL22: =U22 -> 0 | AM22: =Y22 -> 0
A23: (30s~) | B23: 600 | C23: 1400 | E23: =ROUND(AVERAGE(seed1!E23,seed2!E23,seed3!E23,seed4!E23,seed5!E23,seed6!E23),4) -> 13.3619 | F23: =ROUND(AVERAGE(seed1!F23,seed2!F23,seed3!F23,seed4!F23,seed5!F23,seed6!F23),4) -> 9.6953 | G23: =ROUND(AVERAGE(seed1!G23,seed2!G23,seed3!G23,seed4!G23,seed5!G23,seed6!G23),4) -> 15.6028 | I23: =ROUND(AVERAGE(seed1!I23,seed2!I23,seed3!I23,seed4!I23,seed5!I23,seed6!I23),4) -> 13.426 | J23: =ROUND(AVERAGE(seed1!J23,seed2!J23,seed3!J23,seed4!J23,seed5!J23,seed6!J23),4) -> 10.2152 | K23: =ROUND(AVERAGE(seed1!K23,seed2!K23,seed3!K23,seed4!K23,seed5!K23,seed6!K23),4) -> 15.3305 | M23: =ROUND(AVERAGE(seed1!M23,seed2!M23,seed3!M23,seed4!M23,seed5!M23,seed6!M23),4) -> 12.8144 | N23: =ROUND(AVERAGE(seed1!N23,seed2!N23,seed3!N23,seed4!N23,seed5!N23,seed6!N23),4) -> 7.9501 | O23: =ROUND(AVERAGE(seed1!O23,seed2!O23,seed3!O23,seed4!O23,seed5!O23,seed6!O23),4) -> 16.4674 | Q23: =ROUND(AVERAGE(seed1!Q23,seed2!Q23,seed3!Q23,seed4!Q23,seed5!Q23,seed6!Q23),4) -> 12.1179 | R23: =ROUND(AVERAGE(seed1!R23,seed2!R23,seed3!R23,seed4!R23,seed5!R23,seed6!R23),4) -> 12.1518 | S23: =ROUND(AVERAGE(seed1!S23,seed2!S23,seed3!S23,seed4!S23,seed5!S23,seed6!S23),4) -> 12.398 | U23: =ROUND(AVERAGE(seed1!U23,seed2!U23,seed3!U23,seed4!U23,seed5!U23,seed6!U23),4) -> 11.9443 | V23: =ROUND(AVERAGE(seed1!V23,seed2!V23,seed3!V23,seed4!V23,seed5!V23,seed6!V23),4) -> 6.5375 | W23: =ROUND(AVERAGE(seed1!W23,seed2!W23,seed3!W23,seed4!W23,seed5!W23,seed6!W23),4) -> 16.67 | Y23: =ROUND(AVERAGE(seed1!Y23,seed2!Y23,seed3!Y23,seed4!Y23,seed5!Y23,seed6!Y23),4) -> 13.8566 | Z23: =ROUND(AVERAGE(seed1!Z23,seed2!Z23,seed3!Z23,seed4!Z23,seed5!Z23,seed6!Z23),4) -> 11.3501 | AA23: =ROUND(AVERAGE(seed1!AA23,seed2!AA23,seed3!AA23,seed4!AA23,seed5!AA23,seed6!AA23),4) -> 15.5943 | AG23: =E23 -> 13.3619 | AH23: =I23 -> 13.426 | AI23: =AC23 -> 0 | AJ23: =M23 -> 12.8144 | AK23: =Q23 -> 12.1179 | AL23: =U23 -> 11.9443 | AM23: =Y23 -> 13.8566
B24: 700 | C24: 1300 | AG24: =E24 -> 0 | AH24: =I24 -> 0 | AI24: =AC24 -> 0 | AJ24: =M24 -> 0 | AK24: =Q24 -> 0 | AL24: =U24 -> 0 | AM24: =Y24 -> 0
B25: 800 | C25: 1200 | E25: =ROUND(AVERAGE(seed1!E25,seed2!E25,seed3!E25,seed4!E25,seed5!E25,seed6!E25),4) -> 12.4443 | F25: =ROUND(AVERAGE(seed1!F25,seed2!F25,seed3!F25,seed4!F25,seed5!F25,seed6!F25),4) -> 10.3349 | G25: =ROUND(AVERAGE(seed1!G25,seed2!G25,seed3!G25,seed4!G25,seed5!G25,seed6!G25),4) -> 14.3366 | I25: =ROUND(AVERAGE(seed1!I25,seed2!I25,seed3!I25,seed4!I25,seed5!I25,seed6!I25),4) -> 12.8901 | J25: =ROUND(AVERAGE(seed1!J25,seed2!J25,seed3!J25,seed4!J25,seed5!J25,seed6!J25),4) -> 10.9232 | K25: =ROUND(AVERAGE(seed1!K25,seed2!K25,seed3!K25,seed4!K25,seed5!K25,seed6!K25),4) -> 14.5996 | M25: =ROUND(AVERAGE(seed1!M25,seed2!M25,seed3!M25,seed4!M25,seed5!M25,seed6!M25),4) -> 13.0403 | N25: =ROUND(AVERAGE(seed1!N25,seed2!N25,seed3!N25,seed4!N25,seed5!N25,seed6!N25),4) -> 9.7118 | O25: =ROUND(AVERAGE(seed1!O25,seed2!O25,seed3!O25,seed4!O25,seed5!O25,seed6!O25),4) -> 16.4081 | Q25: =ROUND(AVERAGE(seed1!Q25,seed2!Q25,seed3!Q25,seed4!Q25,seed5!Q25,seed6!Q25),4) -> 11.2967 | R25: =ROUND(AVERAGE(seed1!R25,seed2!R25,seed3!R25,seed4!R25,seed5!R25,seed6!R25),4) -> 12.2939 | S25: =ROUND(AVERAGE(seed1!S25,seed2!S25,seed3!S25,seed4!S25,seed5!S25,seed6!S25),4) -> 10.7411 | U25: =ROUND(AVERAGE(seed1!U25,seed2!U25,seed3!U25,seed4!U25,seed5!U25,seed6!U25),4) -> 11.57 | V25: =ROUND(AVERAGE(seed1!V25,seed2!V25,seed3!V25,seed4!V25,seed5!V25,seed6!V25),4) -> 7.5166 | W25: =ROUND(AVERAGE(seed1!W25,seed2!W25,seed3!W25,seed4!W25,seed5!W25,seed6!W25),4) -> 16.67 | Y25: =ROUND(AVERAGE(seed1!Y25,seed2!Y25,seed3!Y25,seed4!Y25,seed5!Y25,seed6!Y25),4) -> 13.7354 | Z25: =ROUND(AVERAGE(seed1!Z25,seed2!Z25,seed3!Z25,seed4!Z25,seed5!Z25,seed6!Z25),4) -> 11.4611 | AA25: =ROUND(AVERAGE(seed1!AA25,seed2!AA25,seed3!AA25,seed4!AA25,seed5!AA25,seed6!AA25),4) -> 15.9445 | AG25: =E25 -> 12.4443 | AH25: =I25 -> 12.8901 | AI25: =AC25 -> 0 | AJ25: =M25 -> 13.0403 | AK25: =Q25 -> 11.2967 | AL25: =U25 -> 11.57 | AM25: =Y25 -> 13.7354
B26: 900 | C26: 1100 | AG26: =E26 -> 0 | AH26: =I26 -> 0 | AI26: =AC26 -> 0 | AJ26: =M26 -> 0 | AK26: =Q26 -> 0 | AL26: =U26 -> 0 | AM26: =Y26 -> 0
B27: 1000 | C27: 1000 | E27: =ROUND(AVERAGE(seed1!E27,seed2!E27,seed3!E27,seed4!E27,seed5!E27,seed6!E27),4) -> 12.1536 | F27: =ROUND(AVERAGE(seed1!F27,seed2!F27,seed3!F27,seed4!F27,seed5!F27,seed6!F27),4) -> 10.6136 | G27: =ROUND(AVERAGE(seed1!G27,seed2!G27,seed3!G27,seed4!G27,seed5!G27,seed6!G27),4) -> 14.2478 | I27: =ROUND(AVERAGE(seed1!I27,seed2!I27,seed3!I27,seed4!I27,seed5!I27,seed6!I27),4) -> 11.6295 | J27: =ROUND(AVERAGE(seed1!J27,seed2!J27,seed3!J27,seed4!J27,seed5!J27,seed6!J27),4) -> 10.3244 | K27: =ROUND(AVERAGE(seed1!K27,seed2!K27,seed3!K27,seed4!K27,seed5!K27,seed6!K27),4) -> 13.3397 | M27: =ROUND(AVERAGE(seed1!M27,seed2!M27,seed3!M27,seed4!M27,seed5!M27,seed6!M27),4) -> 12.3886 | N27: =ROUND(AVERAGE(seed1!N27,seed2!N27,seed3!N27,seed4!N27,seed5!N27,seed6!N27),4) -> 10.1605 | O27: =ROUND(AVERAGE(seed1!O27,seed2!O27,seed3!O27,seed4!O27,seed5!O27,seed6!O27),4) -> 15.6954 | Q27: =ROUND(AVERAGE(seed1!Q27,seed2!Q27,seed3!Q27,seed4!Q27,seed5!Q27,seed6!Q27),4) -> 10.0823 | R27: =ROUND(AVERAGE(seed1!R27,seed2!R27,seed3!R27,seed4!R27,seed5!R27,seed6!R27),4) -> 10.0902 | S27: =ROUND(AVERAGE(seed1!S27,seed2!S27,seed3!S27,seed4!S27,seed5!S27,seed6!S27),4) -> 10.2115 | U27: =ROUND(AVERAGE(seed1!U27,seed2!U27,seed3!U27,seed4!U27,seed5!U27,seed6!U27),4) -> 10.927 | V27: =ROUND(AVERAGE(seed1!V27,seed2!V27,seed3!V27,seed4!V27,seed5!V27,seed6!V27),4) -> 7.7116 | W27: =ROUND(AVERAGE(seed1!W27,seed2!W27,seed3!W27,seed4!W27,seed5!W27,seed6!W27),4) -> 16.662 | Y27: =ROUND(AVERAGE(seed1!Y27,seed2!Y27,seed3!Y27,seed4!Y27,seed5!Y27,seed6!Y27),4) -> 12.7368 | Z27: =ROUND(AVERAGE(seed1!Z27,seed2!Z27,seed3!Z27,seed4!Z27,seed5!Z27,seed6!Z27),4) -> 10.5125 | AA27: =ROUND(AVERAGE(seed1!AA27,seed2!AA27,seed3!AA27,seed4!AA27,seed5!AA27,seed6!AA27),4) -> 15.9888 | AG27: =E27 -> 12.1536 | AH27: =I27 -> 11.6295 | AI27: =AC27 -> 0 | AJ27: =M27 -> 12.3886 | AK27: =Q27 -> 10.0823 | AL27: =U27 -> 10.927 | AM27: =Y27 -> 12.7368
B28: 1100 | C28: 900 | AG28: =E28 -> 0 | AH28: =I28 -> 0 | AI28: =AC28 -> 0 | AJ28: =M28 -> 0 | AK28: =Q28 -> 0 | AL28: =U28 -> 0 | AM28: =Y28 -> 0
B29: 1200 | C29: 800 | E29: =ROUND(AVERAGE(seed1!E29,seed2!E29,seed3!E29,seed4!E29,seed5!E29,seed6!E29),4) -> 11.1553 | F29: =ROUND(AVERAGE(seed1!F29,seed2!F29,seed3!F29,seed4!F29,seed5!F29,seed6!F29),4) -> 9.7976 | G29: =ROUND(AVERAGE(seed1!G29,seed2!G29,seed3!G29,seed4!G29,seed5!G29,seed6!G29),4) -> 13.996 | I29: =ROUND(AVERAGE(seed1!I29,seed2!I29,seed3!I29,seed4!I29,seed5!I29,seed6!I29),4) -> 10.9983 | J29: =ROUND(AVERAGE(seed1!J29,seed2!J29,seed3!J29,seed4!J29,seed5!J29,seed6!J29),4) -> 9.7056 | K29: =ROUND(AVERAGE(seed1!K29,seed2!K29,seed3!K29,seed4!K29,seed5!K29,seed6!K29),4) -> 13.7222 | M29: =ROUND(AVERAGE(seed1!M29,seed2!M29,seed3!M29,seed4!M29,seed5!M29,seed6!M29),4) -> 11.1234 | N29: =ROUND(AVERAGE(seed1!N29,seed2!N29,seed3!N29,seed4!N29,seed5!N29,seed6!N29),4) -> 9.2669 | O29: =ROUND(AVERAGE(seed1!O29,seed2!O29,seed3!O29,seed4!O29,seed5!O29,seed6!O29),4) -> 15.7304 | Q29: =ROUND(AVERAGE(seed1!Q29,seed2!Q29,seed3!Q29,seed4!Q29,seed5!Q29,seed6!Q29),4) -> 9.5269 | R29: =ROUND(AVERAGE(seed1!R29,seed2!R29,seed3!R29,seed4!R29,seed5!R29,seed6!R29),4) -> 9.1233 | S29: =ROUND(AVERAGE(seed1!S29,seed2!S29,seed3!S29,seed4!S29,seed5!S29,seed6!S29),4) -> 10.2687 | U29: =ROUND(AVERAGE(seed1!U29,seed2!U29,seed3!U29,seed4!U29,seed5!U29,seed6!U29),4) -> 10.141 | V29: =ROUND(AVERAGE(seed1!V29,seed2!V29,seed3!V29,seed4!V29,seed5!V29,seed6!V29),4) -> 7.8123 | W29: =ROUND(AVERAGE(seed1!W29,seed2!W29,seed3!W29,seed4!W29,seed5!W29,seed6!W29),4) -> 16.67 | Y29: =ROUND(AVERAGE(seed1!Y29,seed2!Y29,seed3!Y29,seed4!Y29,seed5!Y29,seed6!Y29),4) -> 11.4909 | Z29: =ROUND(AVERAGE(seed1!Z29,seed2!Z29,seed3!Z29,seed4!Z29,seed5!Z29,seed6!Z29),4) -> 9.6948 | AA29: =ROUND(AVERAGE(seed1!AA29,seed2!AA29,seed3!AA29,seed4!AA29,seed5!AA29,seed6!AA29),4) -> 15.7465 | AG29: =E29 -> 11.1553 | AH29: =I29 -> 10.9983 | AI29: =AC29 -> 0 | AJ29: =M29 -> 11.1234 | AK29: =Q29 -> 9.5269 | AL29: =U29 -> 10.141 | AM29: =Y29 -> 11.4909
B30: 1300 | C30: 700 | AG30: =E30 -> 0 | AH30: =I30 -> 0 | AI30: =AC30 -> 0 | AJ30: =M30 -> 0 | AK30: =Q30 -> 0 | AL30: =U30 -> 0 | AM30: =Y30 -> 0
B31: 1400 | C31: 600 | E31: =ROUND(AVERAGE(seed1!E31,seed2!E31,seed3!E31,seed4!E31,seed5!E31,seed6!E31),4) -> 11.6881 | F31: =ROUND(AVERAGE(seed1!F31,seed2!F31,seed3!F31,seed4!F31,seed5!F31,seed6!F31),4) -> 11.2181 | G31: =ROUND(AVERAGE(seed1!G31,seed2!G31,seed3!G31,seed4!G31,seed5!G31,seed6!G31),4) -> 13.012 | I31: =ROUND(AVERAGE(seed1!I31,seed2!I31,seed3!I31,seed4!I31,seed5!I31,seed6!I31),4) -> 12.0706 | J31: =ROUND(AVERAGE(seed1!J31,seed2!J31,seed3!J31,seed4!J31,seed5!J31,seed6!J31),4) -> 11.5417 | K31: =ROUND(AVERAGE(seed1!K31,seed2!K31,seed3!K31,seed4!K31,seed5!K31,seed6!K31),4) -> 13.5766 | M31: =ROUND(AVERAGE(seed1!M31,seed2!M31,seed3!M31,seed4!M31,seed5!M31,seed6!M31),4) -> 12.203 | N31: =ROUND(AVERAGE(seed1!N31,seed2!N31,seed3!N31,seed4!N31,seed5!N31,seed6!N31),4) -> 11.089 | O31: =ROUND(AVERAGE(seed1!O31,seed2!O31,seed3!O31,seed4!O31,seed5!O31,seed6!O31),4) -> 16.0102 | Q31: =ROUND(AVERAGE(seed1!Q31,seed2!Q31,seed3!Q31,seed4!Q31,seed5!Q31,seed6!Q31),4) -> 10.7783 | R31: =ROUND(AVERAGE(seed1!R31,seed2!R31,seed3!R31,seed4!R31,seed5!R31,seed6!R31),4) -> 11.3394 | S31: =ROUND(AVERAGE(seed1!S31,seed2!S31,seed3!S31,seed4!S31,seed5!S31,seed6!S31),4) -> 9.6932 | U31: =ROUND(AVERAGE(seed1!U31,seed2!U31,seed3!U31,seed4!U31,seed5!U31,seed6!U31),4) -> 11.3891 | V31: =ROUND(AVERAGE(seed1!V31,seed2!V31,seed3!V31,seed4!V31,seed5!V31,seed6!V31),4) -> 9.9485 | W31: =ROUND(AVERAGE(seed1!W31,seed2!W31,seed3!W31,seed4!W31,seed5!W31,seed6!W31),4) -> 16.6659 | Y31: =ROUND(AVERAGE(seed1!Y31,seed2!Y31,seed3!Y31,seed4!Y31,seed5!Y31,seed6!Y31),4) -> 11.8641 | Z31: =ROUND(AVERAGE(seed1!Z31,seed2!Z31,seed3!Z31,seed4!Z31,seed5!Z31,seed6!Z31),4) -> 10.8439 | AA31: =ROUND(AVERAGE(seed1!AA31,seed2!AA31,seed3!AA31,seed4!AA31,seed5!AA31,seed6!AA31),4) -> 15.2351 | AG31: =E31 -> 11.6881 | AH31: =I31 -> 12.0706 | AI31: =AC31 -> 0 | AJ31: =M31 -> 12.203 | AK31: =Q31 -> 10.7783 | AL31: =U31 -> 11.3891 | AM31: =Y31 -> 11.8641
B32: 1500 | C32: 500 | AG32: =E32 -> 0 | AH32: =I32 -> 0 | AI32: =AC32 -> 0 | AJ32: =M32 -> 0 | AK32: =Q32 -> 0 | AL32: =U32 -> 0 | AM32: =Y32 -> 0
AG33: =E33 -> 0 | AH33: =I33 -> 0 | AI33: =AC33 -> 0 | AJ33: =M33 -> 0 | AK33: =Q33 -> 0 | AL33: =U33 -> 0 | AM33: =Y33 -> 0
B34: 1000 | C34: 1400 | E34: =ROUND(AVERAGE(seed1!E34,seed2!E34,seed3!E34,seed4!E34,seed5!E34,seed6!E34),4) -> 10.7143 | F34: =ROUND(AVERAGE(seed1!F34,seed2!F34,seed3!F34,seed4!F34,seed5!F34,seed6!F34),4) -> 7.9668 | G34: =ROUND(AVERAGE(seed1!G34,seed2!G34,seed3!G34,seed4!G34,seed5!G34,seed6!G34),4) -> 13.4875 | I34: =ROUND(AVERAGE(seed1!I34,seed2!I34,seed3!I34,seed4!I34,seed5!I34,seed6!I34),4) -> 10.5887 | J34: =ROUND(AVERAGE(seed1!J34,seed2!J34,seed3!J34,seed4!J34,seed5!J34,seed6!J34),4) -> 8.4018 | K34: =ROUND(AVERAGE(seed1!K34,seed2!K34,seed3!K34,seed4!K34,seed5!K34,seed6!K34),4) -> 12.6554 | M34: =ROUND(AVERAGE(seed1!M34,seed2!M34,seed3!M34,seed4!M34,seed5!M34,seed6!M34),4) -> 10.7828 | N34: =ROUND(AVERAGE(seed1!N34,seed2!N34,seed3!N34,seed4!N34,seed5!N34,seed6!N34),4) -> 6.7526 | O34: =ROUND(AVERAGE(seed1!O34,seed2!O34,seed3!O34,seed4!O34,seed5!O34,seed6!O34),4) -> 16.1231 | Q34: =ROUND(AVERAGE(seed1!Q34,seed2!Q34,seed3!Q34,seed4!Q34,seed5!Q34,seed6!Q34),4) -> 9.2374 | R34: =ROUND(AVERAGE(seed1!R34,seed2!R34,seed3!R34,seed4!R34,seed5!R34,seed6!R34),4) -> 10.1401 | S34: =ROUND(AVERAGE(seed1!S34,seed2!S34,seed3!S34,seed4!S34,seed5!S34,seed6!S34),4) -> 8.6685 | U34: =ROUND(AVERAGE(seed1!U34,seed2!U34,seed3!U34,seed4!U34,seed5!U34,seed6!U34),4) -> 9.4702 | V34: =ROUND(AVERAGE(seed1!V34,seed2!V34,seed3!V34,seed4!V34,seed5!V34,seed6!V34),4) -> 4.6982 | W34: =ROUND(AVERAGE(seed1!W34,seed2!W34,seed3!W34,seed4!W34,seed5!W34,seed6!W34),4) -> 16.67 | Y34: =ROUND(AVERAGE(seed1!Y34,seed2!Y34,seed3!Y34,seed4!Y34,seed5!Y34,seed6!Y34),4) -> 11.8568 | Z34: =ROUND(AVERAGE(seed1!Z34,seed2!Z34,seed3!Z34,seed4!Z34,seed5!Z34,seed6!Z34),4) -> 8.2377 | AA34: =ROUND(AVERAGE(seed1!AA34,seed2!AA34,seed3!AA34,seed4!AA34,seed5!AA34,seed6!AA34),4) -> 15.972 | AG34: =E34 -> 10.7143 | AH34: =I34 -> 10.5887 | AI34: =AC34 -> 0 | AJ34: =M34 -> 10.7828 | AK34: =Q34 -> 9.2374 | AL34: =U34 -> 9.4702 | AM34: =Y34 -> 11.8568
B35: 1200 | C35: 1200 | E35: =ROUND(AVERAGE(seed1!E35,seed2!E35,seed3!E35,seed4!E35,seed5!E35,seed6!E35),4) -> 9.8842 | F35: =ROUND(AVERAGE(seed1!F35,seed2!F35,seed3!F35,seed4!F35,seed5!F35,seed6!F35),4) -> 7.9907 | G35: =ROUND(AVERAGE(seed1!G35,seed2!G35,seed3!G35,seed4!G35,seed5!G35,seed6!G35),4) -> 12.5352 | I35: =ROUND(AVERAGE(seed1!I35,seed2!I35,seed3!I35,seed4!I35,seed5!I35,seed6!I35),4) -> 9.4589 | J35: =ROUND(AVERAGE(seed1!J35,seed2!J35,seed3!J35,seed4!J35,seed5!J35,seed6!J35),4) -> 7.5606 | K35: =ROUND(AVERAGE(seed1!K35,seed2!K35,seed3!K35,seed4!K35,seed5!K35,seed6!K35),4) -> 12.1345 | M35: =ROUND(AVERAGE(seed1!M35,seed2!M35,seed3!M35,seed4!M35,seed5!M35,seed6!M35),4) -> 9.8205 | N35: =ROUND(AVERAGE(seed1!N35,seed2!N35,seed3!N35,seed4!N35,seed5!N35,seed6!N35),4) -> 6.5535 | O35: =ROUND(AVERAGE(seed1!O35,seed2!O35,seed3!O35,seed4!O35,seed5!O35,seed6!O35),4) -> 15.8589 | Q35: =ROUND(AVERAGE(seed1!Q35,seed2!Q35,seed3!Q35,seed4!Q35,seed5!Q35,seed6!Q35),4) -> 8.4916 | R35: =ROUND(AVERAGE(seed1!R35,seed2!R35,seed3!R35,seed4!R35,seed5!R35,seed6!R35),4) -> 9.7459 | S35: =ROUND(AVERAGE(seed1!S35,seed2!S35,seed3!S35,seed4!S35,seed5!S35,seed6!S35),4) -> 7.6071 | U35: =ROUND(AVERAGE(seed1!U35,seed2!U35,seed3!U35,seed4!U35,seed5!U35,seed6!U35),4) -> 8.3234 | V35: =ROUND(AVERAGE(seed1!V35,seed2!V35,seed3!V35,seed4!V35,seed5!V35,seed6!V35),4) -> 4.3902 | W35: =ROUND(AVERAGE(seed1!W35,seed2!W35,seed3!W35,seed4!W35,seed5!W35,seed6!W35),4) -> 16.6654 | Y35: =ROUND(AVERAGE(seed1!Y35,seed2!Y35,seed3!Y35,seed4!Y35,seed5!Y35,seed6!Y35),4) -> 10.6674 | Z35: =ROUND(AVERAGE(seed1!Z35,seed2!Z35,seed3!Z35,seed4!Z35,seed5!Z35,seed6!Z35),4) -> 7.8792 | AA35: =ROUND(AVERAGE(seed1!AA35,seed2!AA35,seed3!AA35,seed4!AA35,seed5!AA35,seed6!AA35),4) -> 15.3207 | AG35: =E35 -> 9.8842 | AH35: =I35 -> 9.4589 | AI35: =AC35 -> 0 | AJ35: =M35 -> 9.8205 | AK35: =Q35 -> 8.4916 | AL35: =U35 -> 8.3234 | AM35: =Y35 -> 10.6674
B36: 1400 | C36: 1000 | E36: =ROUND(AVERAGE(seed1!E36,seed2!E36,seed3!E36,seed4!E36,seed5!E36,seed6!E36),4) -> 8.9311 | F36: =ROUND(AVERAGE(seed1!F36,seed2!F36,seed3!F36,seed4!F36,seed5!F36,seed6!F36),4) -> 7.3995 | G36: =ROUND(AVERAGE(seed1!G36,seed2!G36,seed3!G36,seed4!G36,seed5!G36,seed6!G36),4) -> 11.8189 | I36: =ROUND(AVERAGE(seed1!I36,seed2!I36,seed3!I36,seed4!I36,seed5!I36,seed6!I36),4) -> 8.3478 | J36: =ROUND(AVERAGE(seed1!J36,seed2!J36,seed3!J36,seed4!J36,seed5!J36,seed6!J36),4) -> 7.1475 | K36: =ROUND(AVERAGE(seed1!K36,seed2!K36,seed3!K36,seed4!K36,seed5!K36,seed6!K36),4) -> 10.5271 | M36: =ROUND(AVERAGE(seed1!M36,seed2!M36,seed3!M36,seed4!M36,seed5!M36,seed6!M36),4) -> 9.5821 | N36: =ROUND(AVERAGE(seed1!N36,seed2!N36,seed3!N36,seed4!N36,seed5!N36,seed6!N36),4) -> 7.0677 | O36: =ROUND(AVERAGE(seed1!O36,seed2!O36,seed3!O36,seed4!O36,seed5!O36,seed6!O36),4) -> 15.6955 | Q36: =ROUND(AVERAGE(seed1!Q36,seed2!Q36,seed3!Q36,seed4!Q36,seed5!Q36,seed6!Q36),4) -> 7.9107 | R36: =ROUND(AVERAGE(seed1!R36,seed2!R36,seed3!R36,seed4!R36,seed5!R36,seed6!R36),4) -> 7.9153 | S36: =ROUND(AVERAGE(seed1!S36,seed2!S36,seed3!S36,seed4!S36,seed5!S36,seed6!S36),4) -> 8.2044 | U36: =ROUND(AVERAGE(seed1!U36,seed2!U36,seed3!U36,seed4!U36,seed5!U36,seed6!U36),4) -> 8.7678 | V36: =ROUND(AVERAGE(seed1!V36,seed2!V36,seed3!V36,seed4!V36,seed5!V36,seed6!V36),4) -> 5.8852 | W36: =ROUND(AVERAGE(seed1!W36,seed2!W36,seed3!W36,seed4!W36,seed5!W36,seed6!W36),4) -> 16.6435 | Y36: =ROUND(AVERAGE(seed1!Y36,seed2!Y36,seed3!Y36,seed4!Y36,seed5!Y36,seed6!Y36),4) -> 9.825 | Z36: =ROUND(AVERAGE(seed1!Z36,seed2!Z36,seed3!Z36,seed4!Z36,seed5!Z36,seed6!Z36),4) -> 7.5862 | AA36: =ROUND(AVERAGE(seed1!AA36,seed2!AA36,seed3!AA36,seed4!AA36,seed5!AA36,seed6!AA36),4) -> 14.8104 | AG36: =E36 -> 8.9311 | AH36: =I36 -> 8.3478 | AI36: =AC36 -> 0 | AJ36: =M36 -> 9.5821 | AK36: =Q36 -> 7.9107 | AL36: =U36 -> 8.7678 | AM36: =Y36 -> 9.825
B37: 800 | C37: 800 | E37: =ROUND(AVERAGE(seed1!E37,seed2!E37,seed3!E37,seed4!E37,seed5!E37,seed6!E37),4) -> 14.2336 | F37: =ROUND(AVERAGE(seed1!F37,seed2!F37,seed3!F37,seed4!F37,seed5!F37,seed6!F37),4) -> 13.1945 | G37: =ROUND(AVERAGE(seed1!G37,seed2!G37,seed3!G37,seed4!G37,seed5!G37,seed6!G37),4) -> 15.4747 | I37: =ROUND(AVERAGE(seed1!I37,seed2!I37,seed3!I37,seed4!I37,seed5!I37,seed6!I37),4) -> 14.0811 | J37: =ROUND(AVERAGE(seed1!J37,seed2!J37,seed3!J37,seed4!J37,seed5!J37,seed6!J37),4) -> 13.2207 | K37: =ROUND(AVERAGE(seed1!K37,seed2!K37,seed3!K37,seed4!K37,seed5!K37,seed6!K37),4) -> 15.1123 | M37: =ROUND(AVERAGE(seed1!M37,seed2!M37,seed3!M37,seed4!M37,seed5!M37,seed6!M37),4) -> 14.3621 | N37: =ROUND(AVERAGE(seed1!N37,seed2!N37,seed3!N37,seed4!N37,seed5!N37,seed6!N37),4) -> 12.6592 | O37: =ROUND(AVERAGE(seed1!O37,seed2!O37,seed3!O37,seed4!O37,seed5!O37,seed6!O37),4) -> 16.4559 | Q37: =ROUND(AVERAGE(seed1!Q37,seed2!Q37,seed3!Q37,seed4!Q37,seed5!Q37,seed6!Q37),4) -> 13.967 | R37: =ROUND(AVERAGE(seed1!R37,seed2!R37,seed3!R37,seed4!R37,seed5!R37,seed6!R37),4) -> 13.6154 | S37: =ROUND(AVERAGE(seed1!S37,seed2!S37,seed3!S37,seed4!S37,seed5!S37,seed6!S37),4) -> 14.3785 | U37: =ROUND(AVERAGE(seed1!U37,seed2!U37,seed3!U37,seed4!U37,seed5!U37,seed6!U37),4) -> 13.1373 | V37: =ROUND(AVERAGE(seed1!V37,seed2!V37,seed3!V37,seed4!V37,seed5!V37,seed6!V37),4) -> 10.6025 | W37: =ROUND(AVERAGE(seed1!W37,seed2!W37,seed3!W37,seed4!W37,seed5!W37,seed6!W37),4) -> 16.67 | Y37: =ROUND(AVERAGE(seed1!Y37,seed2!Y37,seed3!Y37,seed4!Y37,seed5!Y37,seed6!Y37),4) -> 14.4665 | Z37: =ROUND(AVERAGE(seed1!Z37,seed2!Z37,seed3!Z37,seed4!Z37,seed5!Z37,seed6!Z37),4) -> 12.8822 | AA37: =ROUND(AVERAGE(seed1!AA37,seed2!AA37,seed3!AA37,seed4!AA37,seed5!AA37,seed6!AA37),4) -> 16.4596 | AG37: =E37 -> 14.2336 | AH37: =I37 -> 14.0811 | AI37: =AC37 -> 0 | AJ37: =M37 -> 14.3621 | AK37: =Q37 -> 13.967 | AL37: =U37 -> 13.1373 | AM37: =Y37 -> 14.4665
AG38: =E38 -> 0 | AH38: =I38 -> 0 | AI38: =AC38 -> 0 | AJ38: =M38 -> 0 | AK38: =Q38 -> 0 | AL38: =U38 -> 0 | AM38: =Y38 -> 0
A39: 合流開始 | B39: 500 | C39: 1500 | AG39: =E39 -> 0 | AH39: =I39 -> 0 | AI39: =AC39 -> 0 | AJ39: =M39 -> 0 | AK39: =Q39 -> 0 | AL39: =U39 -> 0 | AM39: =Y39 -> 0 | AP39: A | AQ39: B | AR39: C | AS39: D | AT39: E | AU39: F | AV39: G
A40: 200m | B40: 600 | C40: 1400 | E40: =ROUND(AVERAGE(seed1!E40,seed2!E40,seed3!E40,seed4!E40,seed5!E40,seed6!E40),4) -> 13.4959 | F40: =ROUND(AVERAGE(seed1!F40,seed2!F40,seed3!F40,seed4!F40,seed5!F40,seed6!F40),4) -> 9.9888 | G40: =ROUND(AVERAGE(seed1!G40,seed2!G40,seed3!G40,seed4!G40,seed5!G40,seed6!G40),4) -> 15.5192 | I40: =ROUND(AVERAGE(seed1!I40,seed2!I40,seed3!I40,seed4!I40,seed5!I40,seed6!I40),4) -> 13.3075 | J40: =ROUND(AVERAGE(seed1!J40,seed2!J40,seed3!J40,seed4!J40,seed5!J40,seed6!J40),4) -> 10.2487 | K40: =ROUND(AVERAGE(seed1!K40,seed2!K40,seed3!K40,seed4!K40,seed5!K40,seed6!K40),4) -> 15.0106 | M40: =ROUND(AVERAGE(seed1!M40,seed2!M40,seed3!M40,seed4!M40,seed5!M40,seed6!M40),4) -> 12.0641 | N40: =ROUND(AVERAGE(seed1!N40,seed2!N40,seed3!N40,seed4!N40,seed5!N40,seed6!N40),4) -> 6.3092 | O40: =ROUND(AVERAGE(seed1!O40,seed2!O40,seed3!O40,seed4!O40,seed5!O40,seed6!O40),4) -> 16.6425 | Q40: =ROUND(AVERAGE(seed1!Q40,seed2!Q40,seed3!Q40,seed4!Q40,seed5!Q40,seed6!Q40),4) -> 12.5297 | R40: =ROUND(AVERAGE(seed1!R40,seed2!R40,seed3!R40,seed4!R40,seed5!R40,seed6!R40),4) -> 13.4409 | S40: =ROUND(AVERAGE(seed1!S40,seed2!S40,seed3!S40,seed4!S40,seed5!S40,seed6!S40),4) -> 12.2111 | U40: =ROUND(AVERAGE(seed1!U40,seed2!U40,seed3!U40,seed4!U40,seed5!U40,seed6!U40),4) -> 11.7267 | V40: =ROUND(AVERAGE(seed1!V40,seed2!V40,seed3!V40,seed4!V40,seed5!V40,seed6!V40),4) -> 5.7794 | W40: =ROUND(AVERAGE(seed1!W40,seed2!W40,seed3!W40,seed4!W40,seed5!W40,seed6!W40),4) -> 16.6679 | Y40: =ROUND(AVERAGE(seed1!Y40,seed2!Y40,seed3!Y40,seed4!Y40,seed5!Y40,seed6!Y40),4) -> 13.4322 | Z40: =ROUND(AVERAGE(seed1!Z40,seed2!Z40,seed3!Z40,seed4!Z40,seed5!Z40,seed6!Z40),4) -> 9.0549 | AA40: =ROUND(AVERAGE(seed1!AA40,seed2!AA40,seed3!AA40,seed4!AA40,seed5!AA40,seed6!AA40),4) -> 16.3779 | AC40: =ROUND(AVERAGE(seed1!AC40,seed2!AC40,seed3!AC40,seed4!AC40,seed5!AC40,seed6!AC40),4) -> 13.3492 | AD40: =ROUND(AVERAGE(seed1!AD40,seed2!AD40,seed3!AD40,seed4!AD40,seed5!AD40,seed6!AD40),4) -> 9.3947 | AE40: =ROUND(AVERAGE(seed1!AE40,seed2!AE40,seed3!AE40,seed4!AE40,seed5!AE40,seed6!AE40),4) -> 15.7217 | AG40: =E40 -> 13.4959 | AH40: =I40 -> 13.3075 | AI40: =AC40 -> 13.3492 | AJ40: =M40 -> 12.0641 | AK40: =Q40 -> 12.5297 | AL40: =U40 -> 11.7267 | AM40: =Y40 -> 13.4322 | AO40: 1 | AP40: =M40 -> 12.0641 | AQ40: =Q40 -> 12.5297 | AR40: =AK40 -> 12.5297 | AS40: =U40 -> 11.7267 | AT40: =Y40 -> 13.4322 | AU40: =AC40 -> 13.3492 | AV40: =AG40 -> 13.4959
A41: シミュ時間 | B41: 700 | C41: 1300 | AG41: =E41 -> 0 | AH41: =I41 -> 0 | AI41: =AC41 -> 0 | AJ41: =M41 -> 0 | AK41: =Q41 -> 0 | AL41: =U41 -> 0 | AM41: =Y41 -> 0 | AO41: 2 | AP41: 12.072 | AQ41: 11.9626 | AR41: 12.0172 | AS41: 11.5561 | AT41: 11.7466 | AU41: 10.013 | AV41: 11.4915
A42: 90s | B42: 800 | C42: 1200 | E42: =ROUND(AVERAGE(seed1!E42,seed2!E42,seed3!E42,seed4!E42,seed5!E42,seed6!E42),4) -> 12.072 | F42: =ROUND(AVERAGE(seed1!F42,seed2!F42,seed3!F42,seed4!F42,seed5!F42,seed6!F42),4) -> 9.3781 | G42: =ROUND(AVERAGE(seed1!G42,seed2!G42,seed3!G42,seed4!G42,seed5!G42,seed6!G42),4) -> 14.5461 | I42: =ROUND(AVERAGE(seed1!I42,seed2!I42,seed3!I42,seed4!I42,seed5!I42,seed6!I42),4) -> 11.9626 | J42: =ROUND(AVERAGE(seed1!J42,seed2!J42,seed3!J42,seed4!J42,seed5!J42,seed6!J42),4) -> 9.4858 | K42: =ROUND(AVERAGE(seed1!K42,seed2!K42,seed3!K42,seed4!K42,seed5!K42,seed6!K42),4) -> 14.3163 | M42: =ROUND(AVERAGE(seed1!M42,seed2!M42,seed3!M42,seed4!M42,seed5!M42,seed6!M42),4) -> 11.5561 | N42: =ROUND(AVERAGE(seed1!N42,seed2!N42,seed3!N42,seed4!N42,seed5!N42,seed6!N42),4) -> 7.2756 | O42: =ROUND(AVERAGE(seed1!O42,seed2!O42,seed3!O42,seed4!O42,seed5!O42,seed6!O42),4) -> 16.5641 | Q42: =ROUND(AVERAGE(seed1!Q42,seed2!Q42,seed3!Q42,seed4!Q42,seed5!Q42,seed6!Q42),4) -> 11.7466 | R42: =ROUND(AVERAGE(seed1!R42,seed2!R42,seed3!R42,seed4!R42,seed5!R42,seed6!R42),4) -> 12.5941 | S42: =ROUND(AVERAGE(seed1!S42,seed2!S42,seed3!S42,seed4!S42,seed5!S42,seed6!S42),4) -> 11.2378 | U42: =ROUND(AVERAGE(seed1!U42,seed2!U42,seed3!U42,seed4!U42,seed5!U42,seed6!U42),4) -> 10.013 | V42: =ROUND(AVERAGE(seed1!V42,seed2!V42,seed3!V42,seed4!V42,seed5!V42,seed6!V42),4) -> 5.1157 | W42: =ROUND(AVERAGE(seed1!W42,seed2!W42,seed3!W42,seed4!W42,seed5!W42,seed6!W42),4) -> 16.6669 | Y42: =ROUND(AVERAGE(seed1!Y42,seed2!Y42,seed3!Y42,seed4!Y42,seed5!Y42,seed6!Y42),4) -> 11.4915 | Z42: =ROUND(AVERAGE(seed1!Z42,seed2!Z42,seed3!Z42,seed4!Z42,seed5!Z42,seed6!Z42),4) -> 7.2128 | AA42: =ROUND(AVERAGE(seed1!AA42,seed2!AA42,seed3!AA42,seed4!AA42,seed5!AA42,seed6!AA42),4) -> 16.3667 | AC42: =ROUND(AVERAGE(seed1!AC42,seed2!AC42,seed3!AC42,seed4!AC42,seed5!AC42,seed6!AC42),4) -> 12.0172 | AD42: =ROUND(AVERAGE(seed1!AD42,seed2!AD42,seed3!AD42,seed4!AD42,seed5!AD42,seed6!AD42),4) -> 9.3253 | AE42: =ROUND(AVERAGE(seed1!AE42,seed2!AE42,seed3!AE42,seed4!AE42,seed5!AE42,seed6!AE42),4) -> 14.4965 | AG42: =E42 -> 12.072 | AH42: =I42 -> 11.9626 | AI42: =AC42 -> 12.0172 | AJ42: =M42 -> 11.5561 | AK42: =Q42 -> 11.7466 | AL42: =U42 -> 10.013 | AM42: =Y42 -> 11.4915 | AO42: 3 | AP42: 11.3432 | AQ42: 11.4078 | AR42: 11.2678 | AS42: 10.0128 | AT42: 10.9485 | AU42: 8.8714 | AV42: 10.4533
B43: 900 | C43: 1100 | AG43: =E43 -> 0 | AH43: =I43 -> 0 | AI43: =AC43 -> 0 | AJ43: =M43 -> 0 | AK43: =Q43 -> 0 | AL43: =U43 -> 0 | AM43: =Y43 -> 0 | AO43: 4 | AP43: 9.2586 | AQ43: 9.3598 | AR43: 9.865 | AS43: 8.6358 | AT43: 9.4964 | AU43: 7.6787 | AV43: 8.8222
B44: 1000 | C44: 1000 | E44: =ROUND(AVERAGE(seed1!E44,seed2!E44,seed3!E44,seed4!E44,seed5!E44,seed6!E44),4) -> 11.3432 | F44: =ROUND(AVERAGE(seed1!F44,seed2!F44,seed3!F44,seed4!F44,seed5!F44,seed6!F44),4) -> 9.4327 | G44: =ROUND(AVERAGE(seed1!G44,seed2!G44,seed3!G44,seed4!G44,seed5!G44,seed6!G44),4) -> 13.8909 | I44: =ROUND(AVERAGE(seed1!I44,seed2!I44,seed3!I44,seed4!I44,seed5!I44,seed6!I44),4) -> 11.4078 | J44: =ROUND(AVERAGE(seed1!J44,seed2!J44,seed3!J44,seed4!J44,seed5!J44,seed6!J44),4) -> 9.3646 | K44: =ROUND(AVERAGE(seed1!K44,seed2!K44,seed3!K44,seed4!K44,seed5!K44,seed6!K44),4) -> 14.0913 | M44: =ROUND(AVERAGE(seed1!M44,seed2!M44,seed3!M44,seed4!M44,seed5!M44,seed6!M44),4) -> 10.0128 | N44: =ROUND(AVERAGE(seed1!N44,seed2!N44,seed3!N44,seed4!N44,seed5!N44,seed6!N44),4) -> 6.3665 | O44: =ROUND(AVERAGE(seed1!O44,seed2!O44,seed3!O44,seed4!O44,seed5!O44,seed6!O44),4) -> 16.4853 | Q44: =ROUND(AVERAGE(seed1!Q44,seed2!Q44,seed3!Q44,seed4!Q44,seed5!Q44,seed6!Q44),4) -> 10.9485 | R44: =ROUND(AVERAGE(seed1!R44,seed2!R44,seed3!R44,seed4!R44,seed5!R44,seed6!R44),4) -> 10.5914 | S44: =ROUND(AVERAGE(seed1!S44,seed2!S44,seed3!S44,seed4!S44,seed5!S44,seed6!S44),4) -> 11.3398 | U44: =ROUND(AVERAGE(seed1!U44,seed2!U44,seed3!U44,seed4!U44,seed5!U44,seed6!U44),4) -> 8.8714 | V44: =ROUND(AVERAGE(seed1!V44,seed2!V44,seed3!V44,seed4!V44,seed5!V44,seed6!V44),4) -> 4.9718 | W44: =ROUND(AVERAGE(seed1!W44,seed2!W44,seed3!W44,seed4!W44,seed5!W44,seed6!W44),4) -> 16.6385 | Y44: =ROUND(AVERAGE(seed1!Y44,seed2!Y44,seed3!Y44,seed4!Y44,seed5!Y44,seed6!Y44),4) -> 10.4533 | Z44: =ROUND(AVERAGE(seed1!Z44,seed2!Z44,seed3!Z44,seed4!Z44,seed5!Z44,seed6!Z44),4) -> 6.948 | AA44: =ROUND(AVERAGE(seed1!AA44,seed2!AA44,seed3!AA44,seed4!AA44,seed5!AA44,seed6!AA44),4) -> 16.2833 | AC44: =ROUND(AVERAGE(seed1!AC44,seed2!AC44,seed3!AC44,seed4!AC44,seed5!AC44,seed6!AC44),4) -> 11.2678 | AD44: =ROUND(AVERAGE(seed1!AD44,seed2!AD44,seed3!AD44,seed4!AD44,seed5!AD44,seed6!AD44),4) -> 9.278 | AE44: =ROUND(AVERAGE(seed1!AE44,seed2!AE44,seed3!AE44,seed4!AE44,seed5!AE44,seed6!AE44),4) -> 13.9478 | AG44: =E44 -> 11.3432 | AH44: =I44 -> 11.4078 | AI44: =AC44 -> 11.2678 | AJ44: =M44 -> 10.0128 | AK44: =Q44 -> 10.9485 | AL44: =U44 -> 8.8714 | AM44: =Y44 -> 10.4533 | AO44: 5 | AP44: 9.5659 | AQ44: 9.3905 | AR44: 9.4822 | AS44: 8.7871 | AT44: 9.4487 | AU44: 7.8413 | AV44: 8.6913
B45: 1100 | C45: 900 | AG45: =E45 -> 0 | AH45: =I45 -> 0 | AI45: =AC45 -> 0 | AJ45: =M45 -> 0 | AK45: =Q45 -> 0 | AL45: =U45 -> 0 | AM45: =Y45 -> 0
B46: 1200 | C46: 800 | E46: =ROUND(AVERAGE(seed1!E46,seed2!E46,seed3!E46,seed4!E46,seed5!E46,seed6!E46),4) -> 9.2586 | F46: =ROUND(AVERAGE(seed1!F46,seed2!F46,seed3!F46,seed4!F46,seed5!F46,seed6!F46),4) -> 7.6512 | G46: =ROUND(AVERAGE(seed1!G46,seed2!G46,seed3!G46,seed4!G46,seed5!G46,seed6!G46),4) -> 12.4554 | I46: =ROUND(AVERAGE(seed1!I46,seed2!I46,seed3!I46,seed4!I46,seed5!I46,seed6!I46),4) -> 9.3598 | J46: =ROUND(AVERAGE(seed1!J46,seed2!J46,seed3!J46,seed4!J46,seed5!J46,seed6!J46),4) -> 7.7597 | K46: =ROUND(AVERAGE(seed1!K46,seed2!K46,seed3!K46,seed4!K46,seed5!K46,seed6!K46),4) -> 12.5394 | M46: =ROUND(AVERAGE(seed1!M46,seed2!M46,seed3!M46,seed4!M46,seed5!M46,seed6!M46),4) -> 8.6358 | N46: =ROUND(AVERAGE(seed1!N46,seed2!N46,seed3!N46,seed4!N46,seed5!N46,seed6!N46),4) -> 5.7192 | O46: =ROUND(AVERAGE(seed1!O46,seed2!O46,seed3!O46,seed4!O46,seed5!O46,seed6!O46),4) -> 16.4151 | Q46: =ROUND(AVERAGE(seed1!Q46,seed2!Q46,seed3!Q46,seed4!Q46,seed5!Q46,seed6!Q46),4) -> 9.4964 | R46: =ROUND(AVERAGE(seed1!R46,seed2!R46,seed3!R46,seed4!R46,seed5!R46,seed6!R46),4) -> 8.5656 | S46: =ROUND(AVERAGE(seed1!S46,seed2!S46,seed3!S46,seed4!S46,seed5!S46,seed6!S46),4) -> 11.2926 | U46: =ROUND(AVERAGE(seed1!U46,seed2!U46,seed3!U46,seed4!U46,seed5!U46,seed6!U46),4) -> 7.6787 | V46: =ROUND(AVERAGE(seed1!V46,seed2!V46,seed3!V46,seed4!V46,seed5!V46,seed6!V46),4) -> 4.6155 | W46: =ROUND(AVERAGE(seed1!W46,seed2!W46,seed3!W46,seed4!W46,seed5!W46,seed6!W46),4) -> 16.6365 | Y46: =ROUND(AVERAGE(seed1!Y46,seed2!Y46,seed3!Y46,seed4!Y46,seed5!Y46,seed6!Y46),4) -> 8.8222 | Z46: =ROUND(AVERAGE(seed1!Z46,seed2!Z46,seed3!Z46,seed4!Z46,seed5!Z46,seed6!Z46),4) -> 5.9402 | AA46: =ROUND(AVERAGE(seed1!AA46,seed2!AA46,seed3!AA46,seed4!AA46,seed5!AA46,seed6!AA46),4) -> 16.2992 | AC46: =ROUND(AVERAGE(seed1!AC46,seed2!AC46,seed3!AC46,seed4!AC46,seed5!AC46,seed6!AC46),4) -> 9.865 | AD46: =ROUND(AVERAGE(seed1!AD46,seed2!AD46,seed3!AD46,seed4!AD46,seed5!AD46,seed6!AD46),4) -> 8.4521 | AE46: =ROUND(AVERAGE(seed1!AE46,seed2!AE46,seed3!AE46,seed4!AE46,seed5!AE46,seed6!AE46),4) -> 12.581 | AG46: =E46 -> 9.2586 | AH46: =I46 -> 9.3598 | AI46: =AC46 -> 9.865 | AJ46: =M46 -> 8.6358 | AK46: =Q46 -> 9.4964 | AL46: =U46 -> 7.6787 | AM46: =Y46 -> 8.8222
B47: 1300 | C47: 700 | AG47: =E47 -> 0 | AH47: =I47 -> 0 | AI47: =AC47 -> 0 | AJ47: =M47 -> 0 | AK47: =Q47 -> 0 | AL47: =U47 -> 0 | AM47: =Y47 -> 0
B48: 1400 | C48: 600 | E48: =ROUND(AVERAGE(seed1!E48,seed2!E48,seed3!E48,seed4!E48,seed5!E48,seed6!E48),4) -> 9.5659 | F48: =ROUND(AVERAGE(seed1!F48,seed2!F48,seed3!F48,seed4!F48,seed5!F48,seed6!F48),4) -> 8.5375 | G48: =ROUND(AVERAGE(seed1!G48,seed2!G48,seed3!G48,seed4!G48,seed5!G48,seed6!G48),4) -> 12.6868 | I48: =ROUND(AVERAGE(seed1!I48,seed2!I48,seed3!I48,seed4!I48,seed5!I48,seed6!I48),4) -> 9.3905 | J48: =ROUND(AVERAGE(seed1!J48,seed2!J48,seed3!J48,seed4!J48,seed5!J48,seed6!J48),4) -> 8.3529 | K48: =ROUND(AVERAGE(seed1!K48,seed2!K48,seed3!K48,seed4!K48,seed5!K48,seed6!K48),4) -> 12.5297 | M48: =ROUND(AVERAGE(seed1!M48,seed2!M48,seed3!M48,seed4!M48,seed5!M48,seed6!M48),4) -> 8.7871 | N48: =ROUND(AVERAGE(seed1!N48,seed2!N48,seed3!N48,seed4!N48,seed5!N48,seed6!N48),4) -> 6.855 | O48: =ROUND(AVERAGE(seed1!O48,seed2!O48,seed3!O48,seed4!O48,seed5!O48,seed6!O48),4) -> 16.2044 | Q48: =ROUND(AVERAGE(seed1!Q48,seed2!Q48,seed3!Q48,seed4!Q48,seed5!Q48,seed6!Q48),4) -> 9.4487 | R48: =ROUND(AVERAGE(seed1!R48,seed2!R48,seed3!R48,seed4!R48,seed5!R48,seed6!R48),4) -> 8.6013 | S48: =ROUND(AVERAGE(seed1!S48,seed2!S48,seed3!S48,seed4!S48,seed5!S48,seed6!S48),4) -> 12.0154 | U48: =ROUND(AVERAGE(seed1!U48,seed2!U48,seed3!U48,seed4!U48,seed5!U48,seed6!U48),4) -> 7.8413 | V48: =ROUND(AVERAGE(seed1!V48,seed2!V48,seed3!V48,seed4!V48,seed5!V48,seed6!V48),4) -> 5.758 | W48: =ROUND(AVERAGE(seed1!W48,seed2!W48,seed3!W48,seed4!W48,seed5!W48,seed6!W48),4) -> 16.613 | Y48: =ROUND(AVERAGE(seed1!Y48,seed2!Y48,seed3!Y48,seed4!Y48,seed5!Y48,seed6!Y48),4) -> 8.6913 | Z48: =ROUND(AVERAGE(seed1!Z48,seed2!Z48,seed3!Z48,seed4!Z48,seed5!Z48,seed6!Z48),4) -> 6.6994 | AA48: =ROUND(AVERAGE(seed1!AA48,seed2!AA48,seed3!AA48,seed4!AA48,seed5!AA48,seed6!AA48),4) -> 16.4155 | AC48: =ROUND(AVERAGE(seed1!AC48,seed2!AC48,seed3!AC48,seed4!AC48,seed5!AC48,seed6!AC48),4) -> 9.4822 | AD48: =ROUND(AVERAGE(seed1!AD48,seed2!AD48,seed3!AD48,seed4!AD48,seed5!AD48,seed6!AD48),4) -> 8.5297 | AE48: =ROUND(AVERAGE(seed1!AE48,seed2!AE48,seed3!AE48,seed4!AE48,seed5!AE48,seed6!AE48),4) -> 12.3052 | AG48: =E48 -> 9.5659 | AH48: =I48 -> 9.3905 | AI48: =AC48 -> 9.4822 | AJ48: =M48 -> 8.7871 | AK48: =Q48 -> 9.4487 | AL48: =U48 -> 7.8413 | AM48: =Y48 -> 8.6913
B49: 1500 | C49: 500 | AG49: =E49 -> 0 | AH49: =I49 -> 0 | AI49: =AC49 -> 0 | AJ49: =M49 -> 0 | AK49: =Q49 -> 0 | AL49: =U49 -> 0 | AM49: =Y49 -> 0
AG50: =E50 -> 0 | AH50: =I50 -> 0 | AI50: =AC50 -> 0 | AJ50: =M50 -> 0 | AK50: =Q50 -> 0 | AL50: =U50 -> 0 | AM50: =Y50 -> 0
B51: 1000 | C51: 1400 | E51: =ROUND(AVERAGE(seed1!E51,seed2!E51,seed3!E51,seed4!E51,seed5!E51,seed6!E51),4) -> 10.5918 | F51: =ROUND(AVERAGE(seed1!F51,seed2!F51,seed3!F51,seed4!F51,seed5!F51,seed6!F51),4) -> 7.6499 | G51: =ROUND(AVERAGE(seed1!G51,seed2!G51,seed3!G51,seed4!G51,seed5!G51,seed6!G51),4) -> 13.6394 | I51: =ROUND(AVERAGE(seed1!I51,seed2!I51,seed3!I51,seed4!I51,seed5!I51,seed6!I51),4) -> 10.7311 | J51: =ROUND(AVERAGE(seed1!J51,seed2!J51,seed3!J51,seed4!J51,seed5!J51,seed6!J51),4) -> 8.0281 | K51: =ROUND(AVERAGE(seed1!K51,seed2!K51,seed3!K51,seed4!K51,seed5!K51,seed6!K51),4) -> 13.4541 | M51: =ROUND(AVERAGE(seed1!M51,seed2!M51,seed3!M51,seed4!M51,seed5!M51,seed6!M51),4) -> 9.5099 | N51: =ROUND(AVERAGE(seed1!N51,seed2!N51,seed3!N51,seed4!N51,seed5!N51,seed6!N51),4) -> 4.5167 | O51: =ROUND(AVERAGE(seed1!O51,seed2!O51,seed3!O51,seed4!O51,seed5!O51,seed6!O51),4) -> 16.6176 | Q51: =ROUND(AVERAGE(seed1!Q51,seed2!Q51,seed3!Q51,seed4!Q51,seed5!Q51,seed6!Q51),4) -> 8.8283 | R51: =ROUND(AVERAGE(seed1!R51,seed2!R51,seed3!R51,seed4!R51,seed5!R51,seed6!R51),4) -> 8.9568 | S51: =ROUND(AVERAGE(seed1!S51,seed2!S51,seed3!S51,seed4!S51,seed5!S51,seed6!S51),4) -> 8.7507 | U51: =ROUND(AVERAGE(seed1!U51,seed2!U51,seed3!U51,seed4!U51,seed5!U51,seed6!U51),4) -> 9.0226 | V51: =ROUND(AVERAGE(seed1!V51,seed2!V51,seed3!V51,seed4!V51,seed5!V51,seed6!V51),4) -> 3.9554 | W51: =ROUND(AVERAGE(seed1!W51,seed2!W51,seed3!W51,seed4!W51,seed5!W51,seed6!W51),4) -> 16.6469 | Y51: =ROUND(AVERAGE(seed1!Y51,seed2!Y51,seed3!Y51,seed4!Y51,seed5!Y51,seed6!Y51),4) -> 10.1916 | Z51: =ROUND(AVERAGE(seed1!Z51,seed2!Z51,seed3!Z51,seed4!Z51,seed5!Z51,seed6!Z51),4) -> 5.5188 | AA51: =ROUND(AVERAGE(seed1!AA51,seed2!AA51,seed3!AA51,seed4!AA51,seed5!AA51,seed6!AA51),4) -> 16.0791 | AC51: =ROUND(AVERAGE(seed1!AC51,seed2!AC51,seed3!AC51,seed4!AC51,seed5!AC51,seed6!AC51),4) -> 10.0137 | AD51: =ROUND(AVERAGE(seed1!AD51,seed2!AD51,seed3!AD51,seed4!AD51,seed5!AD51,seed6!AD51),4) -> 6.9984 | AE51: =ROUND(AVERAGE(seed1!AE51,seed2!AE51,seed3!AE51,seed4!AE51,seed5!AE51,seed6!AE51),4) -> 13.1547 | AG51: =E51 -> 10.5918 | AH51: =I51 -> 10.7311 | AI51: =AC51 -> 10.0137 | AJ51: =M51 -> 9.5099 | AK51: =Q51 -> 8.8283 | AL51: =U51 -> 9.0226 | AM51: =Y51 -> 10.1916
B52: 1200 | C52: 1200 | E52: =ROUND(AVERAGE(seed1!E52,seed2!E52,seed3!E52,seed4!E52,seed5!E52,seed6!E52),4) -> 9.3405 | F52: =ROUND(AVERAGE(seed1!F52,seed2!F52,seed3!F52,seed4!F52,seed5!F52,seed6!F52),4) -> 7.0418 | G52: =ROUND(AVERAGE(seed1!G52,seed2!G52,seed3!G52,seed4!G52,seed5!G52,seed6!G52),4) -> 12.6367 | I52: =ROUND(AVERAGE(seed1!I52,seed2!I52,seed3!I52,seed4!I52,seed5!I52,seed6!I52),4) -> 9.2634 | J52: =ROUND(AVERAGE(seed1!J52,seed2!J52,seed3!J52,seed4!J52,seed5!J52,seed6!J52),4) -> 7.227 | K52: =ROUND(AVERAGE(seed1!K52,seed2!K52,seed3!K52,seed4!K52,seed5!K52,seed6!K52),4) -> 12.0031 | M52: =ROUND(AVERAGE(seed1!M52,seed2!M52,seed3!M52,seed4!M52,seed5!M52,seed6!M52),4) -> 8.6789 | N52: =ROUND(AVERAGE(seed1!N52,seed2!N52,seed3!N52,seed4!N52,seed5!N52,seed6!N52),4) -> 4.5677 | O52: =ROUND(AVERAGE(seed1!O52,seed2!O52,seed3!O52,seed4!O52,seed5!O52,seed6!O52),4) -> 16.5638 | Q52: =ROUND(AVERAGE(seed1!Q52,seed2!Q52,seed3!Q52,seed4!Q52,seed5!Q52,seed6!Q52),4) -> 9.2915 | R52: =ROUND(AVERAGE(seed1!R52,seed2!R52,seed3!R52,seed4!R52,seed5!R52,seed6!R52),4) -> 8.7833 | S52: =ROUND(AVERAGE(seed1!S52,seed2!S52,seed3!S52,seed4!S52,seed5!S52,seed6!S52),4) -> 9.9633 | U52: =ROUND(AVERAGE(seed1!U52,seed2!U52,seed3!U52,seed4!U52,seed5!U52,seed6!U52),4) -> 8.1256 | V52: =ROUND(AVERAGE(seed1!V52,seed2!V52,seed3!V52,seed4!V52,seed5!V52,seed6!V52),4) -> 3.9037 | W52: =ROUND(AVERAGE(seed1!W52,seed2!W52,seed3!W52,seed4!W52,seed5!W52,seed6!W52),4) -> 16.6461 | Y52: =ROUND(AVERAGE(seed1!Y52,seed2!Y52,seed3!Y52,seed4!Y52,seed5!Y52,seed6!Y52),4) -> 8.8717 | Z52: =ROUND(AVERAGE(seed1!Z52,seed2!Z52,seed3!Z52,seed4!Z52,seed5!Z52,seed6!Z52),4) -> 4.8028 | AA52: =ROUND(AVERAGE(seed1!AA52,seed2!AA52,seed3!AA52,seed4!AA52,seed5!AA52,seed6!AA52),4) -> 16.4568 | AC52: =ROUND(AVERAGE(seed1!AC52,seed2!AC52,seed3!AC52,seed4!AC52,seed5!AC52,seed6!AC52),4) -> 9.3502 | AD52: =ROUND(AVERAGE(seed1!AD52,seed2!AD52,seed3!AD52,seed4!AD52,seed5!AD52,seed6!AD52),4) -> 6.9911 | AE52: =ROUND(AVERAGE(seed1!AE52,seed2!AE52,seed3!AE52,seed4!AE52,seed5!AE52,seed6!AE52),4) -> 12.7819 | AG52: =E52 -> 9.3405 | AH52: =I52 -> 9.2634 | AI52: =AC52 -> 9.3502 | AJ52: =M52 -> 8.6789 | AK52: =Q52 -> 9.2915 | AL52: =U52 -> 8.1256 | AM52: =Y52 -> 8.8717
B53: 1400 | C53: 1000 | E53: =ROUND(AVERAGE(seed1!E53,seed2!E53,seed3!E53,seed4!E53,seed5!E53,seed6!E53),4) -> 8.9059 | F53: =ROUND(AVERAGE(seed1!F53,seed2!F53,seed3!F53,seed4!F53,seed5!F53,seed6!F53),4) -> 7.0531 | G53: =ROUND(AVERAGE(seed1!G53,seed2!G53,seed3!G53,seed4!G53,seed5!G53,seed6!G53),4) -> 12.3684 | I53: =ROUND(AVERAGE(seed1!I53,seed2!I53,seed3!I53,seed4!I53,seed5!I53,seed6!I53),4) -> 8.9443 | J53: =ROUND(AVERAGE(seed1!J53,seed2!J53,seed3!J53,seed4!J53,seed5!J53,seed6!J53),4) -> 7.0846 | K53: =ROUND(AVERAGE(seed1!K53,seed2!K53,seed3!K53,seed4!K53,seed5!K53,seed6!K53),4) -> 12.5671 | M53: =ROUND(AVERAGE(seed1!M53,seed2!M53,seed3!M53,seed4!M53,seed5!M53,seed6!M53),4) -> 7.7209 | N53: =ROUND(AVERAGE(seed1!N53,seed2!N53,seed3!N53,seed4!N53,seed5!N53,seed6!N53),4) -> 4.4509 | O53: =ROUND(AVERAGE(seed1!O53,seed2!O53,seed3!O53,seed4!O53,seed5!O53,seed6!O53),4) -> 16.5156 | Q53: =ROUND(AVERAGE(seed1!Q53,seed2!Q53,seed3!Q53,seed4!Q53,seed5!Q53,seed6!Q53),4) -> 8.6452 | R53: =ROUND(AVERAGE(seed1!R53,seed2!R53,seed3!R53,seed4!R53,seed5!R53,seed6!R53),4) -> 7.3081 | S53: =ROUND(AVERAGE(seed1!S53,seed2!S53,seed3!S53,seed4!S53,seed5!S53,seed6!S53),4) -> 11.0418 | U53: =ROUND(AVERAGE(seed1!U53,seed2!U53,seed3!U53,seed4!U53,seed5!U53,seed6!U53),4) -> 7.1738 | V53: =ROUND(AVERAGE(seed1!V53,seed2!V53,seed3!V53,seed4!V53,seed5!V53,seed6!V53),4) -> 3.7245 | W53: =ROUND(AVERAGE(seed1!W53,seed2!W53,seed3!W53,seed4!W53,seed5!W53,seed6!W53),4) -> 16.641 | Y53: =ROUND(AVERAGE(seed1!Y53,seed2!Y53,seed3!Y53,seed4!Y53,seed5!Y53,seed6!Y53),4) -> 7.9494 | Z53: =ROUND(AVERAGE(seed1!Z53,seed2!Z53,seed3!Z53,seed4!Z53,seed5!Z53,seed6!Z53),4) -> 4.7398 | AA53: =ROUND(AVERAGE(seed1!AA53,seed2!AA53,seed3!AA53,seed4!AA53,seed5!AA53,seed6!AA53),4) -> 16.1677 | AC53: =ROUND(AVERAGE(seed1!AC53,seed2!AC53,seed3!AC53,seed4!AC53,seed5!AC53,seed6!AC53),4) -> 8.9143 | AD53: =ROUND(AVERAGE(seed1!AD53,seed2!AD53,seed3!AD53,seed4!AD53,seed5!AD53,seed6!AD53),4) -> 7.1306 | AE53: =ROUND(AVERAGE(seed1!AE53,seed2!AE53,seed3!AE53,seed4!AE53,seed5!AE53,seed6!AE53),4) -> 12.2476 | AG53: =E53 -> 8.9059 | AH53: =I53 -> 8.9443 | AI53: =AC53 -> 8.9143 | AJ53: =M53 -> 7.7209 | AK53: =Q53 -> 8.6452 | AL53: =U53 -> 7.1738 | AM53: =Y53 -> 7.9494
B54: 800 | C54: 800 | E54: =ROUND(AVERAGE(seed1!E54,seed2!E54,seed3!E54,seed4!E54,seed5!E54,seed6!E54),4) -> 13.2661 | F54: =ROUND(AVERAGE(seed1!F54,seed2!F54,seed3!F54,seed4!F54,seed5!F54,seed6!F54),4) -> 11.7669 | G54: =ROUND(AVERAGE(seed1!G54,seed2!G54,seed3!G54,seed4!G54,seed5!G54,seed6!G54),4) -> 15.2849 | I54: =ROUND(AVERAGE(seed1!I54,seed2!I54,seed3!I54,seed4!I54,seed5!I54,seed6!I54),4) -> 13.3672 | J54: =ROUND(AVERAGE(seed1!J54,seed2!J54,seed3!J54,seed4!J54,seed5!J54,seed6!J54),4) -> 11.8923 | K54: =ROUND(AVERAGE(seed1!K54,seed2!K54,seed3!K54,seed4!K54,seed5!K54,seed6!K54),4) -> 15.1731 | M54: =ROUND(AVERAGE(seed1!M54,seed2!M54,seed3!M54,seed4!M54,seed5!M54,seed6!M54),4) -> 12.7432 | N54: =ROUND(AVERAGE(seed1!N54,seed2!N54,seed3!N54,seed4!N54,seed5!N54,seed6!N54),4) -> 10.2599 | O54: =ROUND(AVERAGE(seed1!O54,seed2!O54,seed3!O54,seed4!O54,seed5!O54,seed6!O54),4) -> 16.3736 | Q54: =ROUND(AVERAGE(seed1!Q54,seed2!Q54,seed3!Q54,seed4!Q54,seed5!Q54,seed6!Q54),4) -> 13.2919 | R54: =ROUND(AVERAGE(seed1!R54,seed2!R54,seed3!R54,seed4!R54,seed5!R54,seed6!R54),4) -> 13.3313 | S54: =ROUND(AVERAGE(seed1!S54,seed2!S54,seed3!S54,seed4!S54,seed5!S54,seed6!S54),4) -> 13.3099 | U54: =ROUND(AVERAGE(seed1!U54,seed2!U54,seed3!U54,seed4!U54,seed5!U54,seed6!U54),4) -> 10.2279 | V54: =ROUND(AVERAGE(seed1!V54,seed2!V54,seed3!V54,seed4!V54,seed5!V54,seed6!V54),4) -> 6.7405 | W54: =ROUND(AVERAGE(seed1!W54,seed2!W54,seed3!W54,seed4!W54,seed5!W54,seed6!W54),4) -> 16.5765 | Y54: =ROUND(AVERAGE(seed1!Y54,seed2!Y54,seed3!Y54,seed4!Y54,seed5!Y54,seed6!Y54),4) -> 13.5106 | Z54: =ROUND(AVERAGE(seed1!Z54,seed2!Z54,seed3!Z54,seed4!Z54,seed5!Z54,seed6!Z54),4) -> 11.4881 | AA54: =ROUND(AVERAGE(seed1!AA54,seed2!AA54,seed3!AA54,seed4!AA54,seed5!AA54,seed6!AA54),4) -> 16.3682 | AC54: =ROUND(AVERAGE(seed1!AC54,seed2!AC54,seed3!AC54,seed4!AC54,seed5!AC54,seed6!AC54),4) -> 13.3212 | AD54: =ROUND(AVERAGE(seed1!AD54,seed2!AD54,seed3!AD54,seed4!AD54,seed5!AD54,seed6!AD54),4) -> 11.7333 | AE54: =ROUND(AVERAGE(seed1!AE54,seed2!AE54,seed3!AE54,seed4!AE54,seed5!AE54,seed6!AE54),4) -> 15.3805 | AG54: =E54 -> 13.2661 | AH54: =I54 -> 13.3672 | AI54: =AC54 -> 13.3212 | AJ54: =M54 -> 12.7432 | AK54: =Q54 -> 13.2919 | AL54: =U54 -> 10.2279 | AM54: =Y54 -> 13.5106
AG55: =E55 -> 0 | AH55: =I55 -> 0 | AI55: =AC55 -> 0 | AJ55: =M55 -> 0 | AK55: =Q55 -> 0 | AL55: =U55 -> 0 | AM55: =Y55 -> 0
B56: 500 | C56: 1500 | AG56: =E56 -> 0 | AH56: =I56 -> 0 | AI56: =AC56 -> 0 | AJ56: =M56 -> 0 | AK56: =Q56 -> 0 | AL56: =U56 -> 0 | AM56: =Y56 -> 0
A57: (30s~) | B57: 600 | C57: 1400 | E57: =ROUND(AVERAGE(seed1!E57,seed2!E57,seed3!E57,seed4!E57,seed5!E57,seed6!E57),4) -> 12.9128 | F57: =ROUND(AVERAGE(seed1!F57,seed2!F57,seed3!F57,seed4!F57,seed5!F57,seed6!F57),4) -> 8.9591 | G57: =ROUND(AVERAGE(seed1!G57,seed2!G57,seed3!G57,seed4!G57,seed5!G57,seed6!G57),4) -> 15.3644 | I57: =ROUND(AVERAGE(seed1!I57,seed2!I57,seed3!I57,seed4!I57,seed5!I57,seed6!I57),4) -> 12.7244 | J57: =ROUND(AVERAGE(seed1!J57,seed2!J57,seed3!J57,seed4!J57,seed5!J57,seed6!J57),4) -> 9.2187 | K57: =ROUND(AVERAGE(seed1!K57,seed2!K57,seed3!K57,seed4!K57,seed5!K57,seed6!K57),4) -> 14.797 | M57: =ROUND(AVERAGE(seed1!M57,seed2!M57,seed3!M57,seed4!M57,seed5!M57,seed6!M57),4) -> 11.1819 | N57: =ROUND(AVERAGE(seed1!N57,seed2!N57,seed3!N57,seed4!N57,seed5!N57,seed6!N57),4) -> 5.1349 | O57: =ROUND(AVERAGE(seed1!O57,seed2!O57,seed3!O57,seed4!O57,seed5!O57,seed6!O57),4) -> 16.6631 | Q57: =ROUND(AVERAGE(seed1!Q57,seed2!Q57,seed3!Q57,seed4!Q57,seed5!Q57,seed6!Q57),4) -> 11.8209 | R57: =ROUND(AVERAGE(seed1!R57,seed2!R57,seed3!R57,seed4!R57,seed5!R57,seed6!R57),4) -> 12.9728 | S57: =ROUND(AVERAGE(seed1!S57,seed2!S57,seed3!S57,seed4!S57,seed5!S57,seed6!S57),4) -> 11.4388 | U57: =ROUND(AVERAGE(seed1!U57,seed2!U57,seed3!U57,seed4!U57,seed5!U57,seed6!U57),4) -> 10.8089 | V57: =ROUND(AVERAGE(seed1!V57,seed2!V57,seed3!V57,seed4!V57,seed5!V57,seed6!V57),4) -> 4.672 | W57: =ROUND(AVERAGE(seed1!W57,seed2!W57,seed3!W57,seed4!W57,seed5!W57,seed6!W57),4) -> 16.6671 | Y57: =ROUND(AVERAGE(seed1!Y57,seed2!Y57,seed3!Y57,seed4!Y57,seed5!Y57,seed6!Y57),4) -> 12.7998 | Z57: =ROUND(AVERAGE(seed1!Z57,seed2!Z57,seed3!Z57,seed4!Z57,seed5!Z57,seed6!Z57),4) -> 7.9664 | AA57: =ROUND(AVERAGE(seed1!AA57,seed2!AA57,seed3!AA57,seed4!AA57,seed5!AA57,seed6!AA57),4) -> 16.3902 | AC57: =ROUND(AVERAGE(seed1!AC57,seed2!AC57,seed3!AC57,seed4!AC57,seed5!AC57,seed6!AC57),4) -> 12.7337 | AD57: =ROUND(AVERAGE(seed1!AD57,seed2!AD57,seed3!AD57,seed4!AD57,seed5!AD57,seed6!AD57),4) -> 8.3116 | AE57: =ROUND(AVERAGE(seed1!AE57,seed2!AE57,seed3!AE57,seed4!AE57,seed5!AE57,seed6!AE57),4) -> 15.6103 | AG57: =E57 -> 12.9128 | AH57: =I57 -> 12.7244 | AI57: =AC57 -> 12.7337 | AJ57: =M57 -> 11.1819 | AK57: =Q57 -> 11.8209 | AL57: =U57 -> 10.8089 | AM57: =Y57 -> 12.7998
B58: 700 | C58: 1300 | AG58: =E58 -> 0 | AH58: =I58 -> 0 | AI58: =AC58 -> 0 | AJ58: =M58 -> 0 | AK58: =Q58 -> 0 | AL58: =U58 -> 0 | AM58: =Y58 -> 0
B59: 800 | C59: 1200 | E59: =ROUND(AVERAGE(seed1!E59,seed2!E59,seed3!E59,seed4!E59,seed5!E59,seed6!E59),4) -> 11.3585 | F59: =ROUND(AVERAGE(seed1!F59,seed2!F59,seed3!F59,seed4!F59,seed5!F59,seed6!F59),4) -> 8.2716 | G59: =ROUND(AVERAGE(seed1!G59,seed2!G59,seed3!G59,seed4!G59,seed5!G59,seed6!G59),4) -> 14.3119 | I59: =ROUND(AVERAGE(seed1!I59,seed2!I59,seed3!I59,seed4!I59,seed5!I59,seed6!I59),4) -> 11.2269 | J59: =ROUND(AVERAGE(seed1!J59,seed2!J59,seed3!J59,seed4!J59,seed5!J59,seed6!J59),4) -> 8.2348 | K59: =ROUND(AVERAGE(seed1!K59,seed2!K59,seed3!K59,seed4!K59,seed5!K59,seed6!K59),4) -> 14.033 | M59: =ROUND(AVERAGE(seed1!M59,seed2!M59,seed3!M59,seed4!M59,seed5!M59,seed6!M59),4) -> 10.7149 | N59: =ROUND(AVERAGE(seed1!N59,seed2!N59,seed3!N59,seed4!N59,seed5!N59,seed6!N59),4) -> 6.1111 | O59: =ROUND(AVERAGE(seed1!O59,seed2!O59,seed3!O59,seed4!O59,seed5!O59,seed6!O59),4) -> 16.6014 | Q59: =ROUND(AVERAGE(seed1!Q59,seed2!Q59,seed3!Q59,seed4!Q59,seed5!Q59,seed6!Q59),4) -> 11.0211 | R59: =ROUND(AVERAGE(seed1!R59,seed2!R59,seed3!R59,seed4!R59,seed5!R59,seed6!R59),4) -> 11.9838 | S59: =ROUND(AVERAGE(seed1!S59,seed2!S59,seed3!S59,seed4!S59,seed5!S59,seed6!S59),4) -> 10.4928 | U59: =ROUND(AVERAGE(seed1!U59,seed2!U59,seed3!U59,seed4!U59,seed5!U59,seed6!U59),4) -> 9.0216 | V59: =ROUND(AVERAGE(seed1!V59,seed2!V59,seed3!V59,seed4!V59,seed5!V59,seed6!V59),4) -> 3.9694 | W59: =ROUND(AVERAGE(seed1!W59,seed2!W59,seed3!W59,seed4!W59,seed5!W59,seed6!W59),4) -> 16.6664 | Y59: =ROUND(AVERAGE(seed1!Y59,seed2!Y59,seed3!Y59,seed4!Y59,seed5!Y59,seed6!Y59),4) -> 10.6028 | Z59: =ROUND(AVERAGE(seed1!Z59,seed2!Z59,seed3!Z59,seed4!Z59,seed5!Z59,seed6!Z59),4) -> 5.948 | AA59: =ROUND(AVERAGE(seed1!AA59,seed2!AA59,seed3!AA59,seed4!AA59,seed5!AA59,seed6!AA59),4) -> 16.3794 | AC59: =ROUND(AVERAGE(seed1!AC59,seed2!AC59,seed3!AC59,seed4!AC59,seed5!AC59,seed6!AC59),4) -> 11.2896 | AD59: =ROUND(AVERAGE(seed1!AD59,seed2!AD59,seed3!AD59,seed4!AD59,seed5!AD59,seed6!AD59),4) -> 8.2136 | AE59: =ROUND(AVERAGE(seed1!AE59,seed2!AE59,seed3!AE59,seed4!AE59,seed5!AE59,seed6!AE59),4) -> 14.2272 | AG59: =E59 -> 11.3585 | AH59: =I59 -> 11.2269 | AI59: =AC59 -> 11.2896 | AJ59: =M59 -> 10.7149 | AK59: =Q59 -> 11.0211 | AL59: =U59 -> 9.0216 | AM59: =Y59 -> 10.6028
B60: 900 | C60: 1100 | AG60: =E60 -> 0 | AH60: =I60 -> 0 | AI60: =AC60 -> 0 | AJ60: =M60 -> 0 | AK60: =Q60 -> 0 | AL60: =U60 -> 0 | AM60: =Y60 -> 0
B61: 1000 | C61: 1000 | E61: =ROUND(AVERAGE(seed1!E61,seed2!E61,seed3!E61,seed4!E61,seed5!E61,seed6!E61),4) -> 10.5452 | F61: =ROUND(AVERAGE(seed1!F61,seed2!F61,seed3!F61,seed4!F61,seed5!F61,seed6!F61),4) -> 8.4848 | G61: =ROUND(AVERAGE(seed1!G61,seed2!G61,seed3!G61,seed4!G61,seed5!G61,seed6!G61),4) -> 13.484 | I61: =ROUND(AVERAGE(seed1!I61,seed2!I61,seed3!I61,seed4!I61,seed5!I61,seed6!I61),4) -> 10.587 | J61: =ROUND(AVERAGE(seed1!J61,seed2!J61,seed3!J61,seed4!J61,seed5!J61,seed6!J61),4) -> 8.3995 | K61: =ROUND(AVERAGE(seed1!K61,seed2!K61,seed3!K61,seed4!K61,seed5!K61,seed6!K61),4) -> 13.698 | M61: =ROUND(AVERAGE(seed1!M61,seed2!M61,seed3!M61,seed4!M61,seed5!M61,seed6!M61),4) -> 8.9238 | N61: =ROUND(AVERAGE(seed1!N61,seed2!N61,seed3!N61,seed4!N61,seed5!N61,seed6!N61),4) -> 5.2066 | O61: =ROUND(AVERAGE(seed1!O61,seed2!O61,seed3!O61,seed4!O61,seed5!O61,seed6!O61),4) -> 16.4997 | Q61: =ROUND(AVERAGE(seed1!Q61,seed2!Q61,seed3!Q61,seed4!Q61,seed5!Q61,seed6!Q61),4) -> 10.0997 | R61: =ROUND(AVERAGE(seed1!R61,seed2!R61,seed3!R61,seed4!R61,seed5!R61,seed6!R61),4) -> 9.7615 | S61: =ROUND(AVERAGE(seed1!S61,seed2!S61,seed3!S61,seed4!S61,seed5!S61,seed6!S61),4) -> 10.4904 | U61: =ROUND(AVERAGE(seed1!U61,seed2!U61,seed3!U61,seed4!U61,seed5!U61,seed6!U61),4) -> 7.7158 | V61: =ROUND(AVERAGE(seed1!V61,seed2!V61,seed3!V61,seed4!V61,seed5!V61,seed6!V61),4) -> 3.8865 | W61: =ROUND(AVERAGE(seed1!W61,seed2!W61,seed3!W61,seed4!W61,seed5!W61,seed6!W61),4) -> 16.6286 | Y61: =ROUND(AVERAGE(seed1!Y61,seed2!Y61,seed3!Y61,seed4!Y61,seed5!Y61,seed6!Y61),4) -> 9.3974 | Z61: =ROUND(AVERAGE(seed1!Z61,seed2!Z61,seed3!Z61,seed4!Z61,seed5!Z61,seed6!Z61),4) -> 5.7684 | AA61: =ROUND(AVERAGE(seed1!AA61,seed2!AA61,seed3!AA61,seed4!AA61,seed5!AA61,seed6!AA61),4) -> 16.2772 | AC61: =ROUND(AVERAGE(seed1!AC61,seed2!AC61,seed3!AC61,seed4!AC61,seed5!AC61,seed6!AC61),4) -> 10.4581 | AD61: =ROUND(AVERAGE(seed1!AD61,seed2!AD61,seed3!AD61,seed4!AD61,seed5!AD61,seed6!AD61),4) -> 8.3156 | AE61: =ROUND(AVERAGE(seed1!AE61,seed2!AE61,seed3!AE61,seed4!AE61,seed5!AE61,seed6!AE61),4) -> 13.5543 | AG61: =E61 -> 10.5452 | AH61: =I61 -> 10.587 | AI61: =AC61 -> 10.4581 | AJ61: =M61 -> 8.9238 | AK61: =Q61 -> 10.0997 | AL61: =U61 -> 7.7158 | AM61: =Y61 -> 9.3974
B62: 1100 | C62: 900 | AG62: =E62 -> 0 | AH62: =I62 -> 0 | AI62: =AC62 -> 0 | AJ62: =M62 -> 0 | AK62: =Q62 -> 0 | AL62: =U62 -> 0 | AM62: =Y62 -> 0
B63: 1200 | C63: 800 | E63: =ROUND(AVERAGE(seed1!E63,seed2!E63,seed3!E63,seed4!E63,seed5!E63,seed6!E63),4) -> 8.1353 | F63: =ROUND(AVERAGE(seed1!F63,seed2!F63,seed3!F63,seed4!F63,seed5!F63,seed6!F63),4) -> 6.5928 | G63: =ROUND(AVERAGE(seed1!G63,seed2!G63,seed3!G63,seed4!G63,seed5!G63,seed6!G63),4) -> 11.5651 | I63: =ROUND(AVERAGE(seed1!I63,seed2!I63,seed3!I63,seed4!I63,seed5!I63,seed6!I63),4) -> 8.2609 | J63: =ROUND(AVERAGE(seed1!J63,seed2!J63,seed3!J63,seed4!J63,seed5!J63,seed6!J63),4) -> 6.7268 | K63: =ROUND(AVERAGE(seed1!K63,seed2!K63,seed3!K63,seed4!K63,seed5!K63,seed6!K63),4) -> 11.6751 | M63: =ROUND(AVERAGE(seed1!M63,seed2!M63,seed3!M63,seed4!M63,seed5!M63,seed6!M63),4) -> 7.3046 | N63: =ROUND(AVERAGE(seed1!N63,seed2!N63,seed3!N63,seed4!N63,seed5!N63,seed6!N63),4) -> 4.4874 | O63: =ROUND(AVERAGE(seed1!O63,seed2!O63,seed3!O63,seed4!O63,seed5!O63,seed6!O63),4) -> 16.4419 | Q63: =ROUND(AVERAGE(seed1!Q63,seed2!Q63,seed3!Q63,seed4!Q63,seed5!Q63,seed6!Q63),4) -> 8.4211 | R63: =ROUND(AVERAGE(seed1!R63,seed2!R63,seed3!R63,seed4!R63,seed5!R63,seed6!R63),4) -> 7.6221 | S63: =ROUND(AVERAGE(seed1!S63,seed2!S63,seed3!S63,seed4!S63,seed5!S63,seed6!S63),4) -> 10.1637 | U63: =ROUND(AVERAGE(seed1!U63,seed2!U63,seed3!U63,seed4!U63,seed5!U63,seed6!U63),4) -> 6.3233 | V63: =ROUND(AVERAGE(seed1!V63,seed2!V63,seed3!V63,seed4!V63,seed5!V63,seed6!V63),4) -> 3.4563 | W63: =ROUND(AVERAGE(seed1!W63,seed2!W63,seed3!W63,seed4!W63,seed5!W63,seed6!W63),4) -> 16.625 | Y63: =ROUND(AVERAGE(seed1!Y63,seed2!Y63,seed3!Y63,seed4!Y63,seed5!Y63,seed6!Y63),4) -> 7.5075 | Z63: =ROUND(AVERAGE(seed1!Z63,seed2!Z63,seed3!Z63,seed4!Z63,seed5!Z63,seed6!Z63),4) -> 4.6901 | AA63: =ROUND(AVERAGE(seed1!AA63,seed2!AA63,seed3!AA63,seed4!AA63,seed5!AA63,seed6!AA63),4) -> 16.3397 | AC63: =ROUND(AVERAGE(seed1!AC63,seed2!AC63,seed3!AC63,seed4!AC63,seed5!AC63,seed6!AC63),4) -> 8.8178 | AD63: =ROUND(AVERAGE(seed1!AD63,seed2!AD63,seed3!AD63,seed4!AD63,seed5!AD63,seed6!AD63),4) -> 7.4618 | AE63: =ROUND(AVERAGE(seed1!AE63,seed2!AE63,seed3!AE63,seed4!AE63,seed5!AE63,seed6!AE63),4) -> 11.7069 | AG63: =E63 -> 8.1353 | AH63: =I63 -> 8.2609 | AI63: =AC63 -> 8.8178 | AJ63: =M63 -> 7.3046 | AK63: =Q63 -> 8.4211 | AL63: =U63 -> 6.3233 | AM63: =Y63 -> 7.5075
B64: 1300 | C64: 700 | AG64: =E64 -> 0 | AH64: =I64 -> 0 | AI64: =AC64 -> 0 | AJ64: =M64 -> 0 | AK64: =Q64 -> 0 | AL64: =U64 -> 0 | AM64: =Y64 -> 0
B65: 1400 | C65: 600 | E65: =ROUND(AVERAGE(seed1!E65,seed2!E65,seed3!E65,seed4!E65,seed5!E65,seed6!E65),4) -> 8.6292 | F65: =ROUND(AVERAGE(seed1!F65,seed2!F65,seed3!F65,seed4!F65,seed5!F65,seed6!F65),4) -> 7.5398 | G65: =ROUND(AVERAGE(seed1!G65,seed2!G65,seed3!G65,seed4!G65,seed5!G65,seed6!G65),4) -> 12.0821 | I65: =ROUND(AVERAGE(seed1!I65,seed2!I65,seed3!I65,seed4!I65,seed5!I65,seed6!I65),4) -> 8.4262 | J65: =ROUND(AVERAGE(seed1!J65,seed2!J65,seed3!J65,seed4!J65,seed5!J65,seed6!J65),4) -> 7.3287 | K65: =ROUND(AVERAGE(seed1!K65,seed2!K65,seed3!K65,seed4!K65,seed5!K65,seed6!K65),4) -> 11.8806 | M65: =ROUND(AVERAGE(seed1!M65,seed2!M65,seed3!M65,seed4!M65,seed5!M65,seed6!M65),4) -> 7.6439 | N65: =ROUND(AVERAGE(seed1!N65,seed2!N65,seed3!N65,seed4!N65,seed5!N65,seed6!N65),4) -> 5.684 | O65: =ROUND(AVERAGE(seed1!O65,seed2!O65,seed3!O65,seed4!O65,seed5!O65,seed6!O65),4) -> 16.212 | Q65: =ROUND(AVERAGE(seed1!Q65,seed2!Q65,seed3!Q65,seed4!Q65,seed5!Q65,seed6!Q65),4) -> 8.5115 | R65: =ROUND(AVERAGE(seed1!R65,seed2!R65,seed3!R65,seed4!R65,seed5!R65,seed6!R65),4) -> 7.6251 | S65: =ROUND(AVERAGE(seed1!S65,seed2!S65,seed3!S65,seed4!S65,seed5!S65,seed6!S65),4) -> 11.2778 | U65: =ROUND(AVERAGE(seed1!U65,seed2!U65,seed3!U65,seed4!U65,seed5!U65,seed6!U65),4) -> 6.6434 | V65: =ROUND(AVERAGE(seed1!V65,seed2!V65,seed3!V65,seed4!V65,seed5!V65,seed6!V65),4) -> 4.5949 | W65: =ROUND(AVERAGE(seed1!W65,seed2!W65,seed3!W65,seed4!W65,seed5!W65,seed6!W65),4) -> 16.5912 | Y65: =ROUND(AVERAGE(seed1!Y65,seed2!Y65,seed3!Y65,seed4!Y65,seed5!Y65,seed6!Y65),4) -> 7.5193 | Z65: =ROUND(AVERAGE(seed1!Z65,seed2!Z65,seed3!Z65,seed4!Z65,seed5!Z65,seed6!Z65),4) -> 5.5015 | AA65: =ROUND(AVERAGE(seed1!AA65,seed2!AA65,seed3!AA65,seed4!AA65,seed5!AA65,seed6!AA65),4) -> 16.43 | AC65: =ROUND(AVERAGE(seed1!AC65,seed2!AC65,seed3!AC65,seed4!AC65,seed5!AC65,seed6!AC65),4) -> 8.5377 | AD65: =ROUND(AVERAGE(seed1!AD65,seed2!AD65,seed3!AD65,seed4!AD65,seed5!AD65,seed6!AD65),4) -> 7.5339 | AE65: =ROUND(AVERAGE(seed1!AE65,seed2!AE65,seed3!AE65,seed4!AE65,seed5!AE65,seed6!AE65),4) -> 11.6151 | AG65: =E65 -> 8.6292 | AH65: =I65 -> 8.4262 | AI65: =AC65 -> 8.5377 | AJ65: =M65 -> 7.6439 | AK65: =Q65 -> 8.5115 | AL65: =U65 -> 6.6434 | AM65: =Y65 -> 7.5193
B66: 1500 | C66: 500 | AG66: =E66 -> 0 | AH66: =I66 -> 0 | AI66: =AC66 -> 0 | AJ66: =M66 -> 0 | AK66: =Q66 -> 0 | AL66: =U66 -> 0 | AM66: =Y66 -> 0
AG67: =E67 -> 0 | AH67: =I67 -> 0 | AI67: =AC67 -> 0 | AJ67: =M67 -> 0 | AK67: =Q67 -> 0 | AL67: =U67 -> 0 | AM67: =Y67 -> 0
B68: 1000 | C68: 1400 | E68: =ROUND(AVERAGE(seed1!E68,seed2!E68,seed3!E68,seed4!E68,seed5!E68,seed6!E68),4) -> 9.7014 | F68: =ROUND(AVERAGE(seed1!F68,seed2!F68,seed3!F68,seed4!F68,seed5!F68,seed6!F68),4) -> 6.5306 | G68: =ROUND(AVERAGE(seed1!G68,seed2!G68,seed3!G68,seed4!G68,seed5!G68,seed6!G68),4) -> 13.2945 | I68: =ROUND(AVERAGE(seed1!I68,seed2!I68,seed3!I68,seed4!I68,seed5!I68,seed6!I68),4) -> 9.8622 | J68: =ROUND(AVERAGE(seed1!J68,seed2!J68,seed3!J68,seed4!J68,seed5!J68,seed6!J68),4) -> 6.9523 | K68: =ROUND(AVERAGE(seed1!K68,seed2!K68,seed3!K68,seed4!K68,seed5!K68,seed6!K68),4) -> 13.0609 | M68: =ROUND(AVERAGE(seed1!M68,seed2!M68,seed3!M68,seed4!M68,seed5!M68,seed6!M68),4) -> 8.3788 | N68: =ROUND(AVERAGE(seed1!N68,seed2!N68,seed3!N68,seed4!N68,seed5!N68,seed6!N68),4) -> 3.3458 | O68: =ROUND(AVERAGE(seed1!O68,seed2!O68,seed3!O68,seed4!O68,seed5!O68,seed6!O68),4) -> 16.6318 | Q68: =ROUND(AVERAGE(seed1!Q68,seed2!Q68,seed3!Q68,seed4!Q68,seed5!Q68,seed6!Q68),4) -> 7.7169 | R68: =ROUND(AVERAGE(seed1!R68,seed2!R68,seed3!R68,seed4!R68,seed5!R68,seed6!R68),4) -> 7.938 | S68: =ROUND(AVERAGE(seed1!S68,seed2!S68,seed3!S68,seed4!S68,seed5!S68,seed6!S68),4) -> 7.5799 | U68: =ROUND(AVERAGE(seed1!U68,seed2!U68,seed3!U68,seed4!U68,seed5!U68,seed6!U68),4) -> 7.8988 | V68: =ROUND(AVERAGE(seed1!V68,seed2!V68,seed3!V68,seed4!V68,seed5!V68,seed6!V68),4) -> 2.8871 | W68: =ROUND(AVERAGE(seed1!W68,seed2!W68,seed3!W68,seed4!W68,seed5!W68,seed6!W68),4) -> 16.6395 | Y68: =ROUND(AVERAGE(seed1!Y68,seed2!Y68,seed3!Y68,seed4!Y68,seed5!Y68,seed6!Y68),4) -> 9.1674 | Z68: =ROUND(AVERAGE(seed1!Z68,seed2!Z68,seed3!Z68,seed4!Z68,seed5!Z68,seed6!Z68),4) -> 4.2395 | AA68: =ROUND(AVERAGE(seed1!AA68,seed2!AA68,seed3!AA68,seed4!AA68,seed5!AA68,seed6!AA68),4) -> 16.1621 | AC68: =ROUND(AVERAGE(seed1!AC68,seed2!AC68,seed3!AC68,seed4!AC68,seed5!AC68,seed6!AC68),4) -> 9.0169 | AD68: =ROUND(AVERAGE(seed1!AD68,seed2!AD68,seed3!AD68,seed4!AD68,seed5!AD68,seed6!AD68),4) -> 5.8176 | AE68: =ROUND(AVERAGE(seed1!AE68,seed2!AE68,seed3!AE68,seed4!AE68,seed5!AE68,seed6!AE68),4) -> 12.6659 | AG68: =E68 -> 9.7014 | AH68: =I68 -> 9.8622 | AI68: =AC68 -> 9.0169 | AJ68: =M68 -> 8.3788 | AK68: =Q68 -> 7.7169 | AL68: =U68 -> 7.8988 | AM68: =Y68 -> 9.1674
B69: 1200 | C69: 1200 | E69: =ROUND(AVERAGE(seed1!E69,seed2!E69,seed3!E69,seed4!E69,seed5!E69,seed6!E69),4) -> 8.2983 | F69: =ROUND(AVERAGE(seed1!F69,seed2!F69,seed3!F69,seed4!F69,seed5!F69,seed6!F69),4) -> 5.9267 | G69: =ROUND(AVERAGE(seed1!G69,seed2!G69,seed3!G69,seed4!G69,seed5!G69,seed6!G69),4) -> 11.9678 | I69: =ROUND(AVERAGE(seed1!I69,seed2!I69,seed3!I69,seed4!I69,seed5!I69,seed6!I69),4) -> 8.2183 | J69: =ROUND(AVERAGE(seed1!J69,seed2!J69,seed3!J69,seed4!J69,seed5!J69,seed6!J69),4) -> 6.1236 | K69: =ROUND(AVERAGE(seed1!K69,seed2!K69,seed3!K69,seed4!K69,seed5!K69,seed6!K69),4) -> 11.2446 | M69: =ROUND(AVERAGE(seed1!M69,seed2!M69,seed3!M69,seed4!M69,seed5!M69,seed6!M69),4) -> 7.4181 | N69: =ROUND(AVERAGE(seed1!N69,seed2!N69,seed3!N69,seed4!N69,seed5!N69,seed6!N69),4) -> 3.3141 | O69: =ROUND(AVERAGE(seed1!O69,seed2!O69,seed3!O69,seed4!O69,seed5!O69,seed6!O69),4) -> 16.5823 | Q69: =ROUND(AVERAGE(seed1!Q69,seed2!Q69,seed3!Q69,seed4!Q69,seed5!Q69,seed6!Q69),4) -> 8.2624 | R69: =ROUND(AVERAGE(seed1!R69,seed2!R69,seed3!R69,seed4!R69,seed5!R69,seed6!R69),4) -> 7.8479 | S69: =ROUND(AVERAGE(seed1!S69,seed2!S69,seed3!S69,seed4!S69,seed5!S69,seed6!S69),4) -> 8.8756 | U69: =ROUND(AVERAGE(seed1!U69,seed2!U69,seed3!U69,seed4!U69,seed5!U69,seed6!U69),4) -> 6.8538 | V69: =ROUND(AVERAGE(seed1!V69,seed2!V69,seed3!V69,seed4!V69,seed5!V69,seed6!V69),4) -> 2.7141 | W69: =ROUND(AVERAGE(seed1!W69,seed2!W69,seed3!W69,seed4!W69,seed5!W69,seed6!W69),4) -> 16.6374 | Y69: =ROUND(AVERAGE(seed1!Y69,seed2!Y69,seed3!Y69,seed4!Y69,seed5!Y69,seed6!Y69),4) -> 7.6138 | Z69: =ROUND(AVERAGE(seed1!Z69,seed2!Z69,seed3!Z69,seed4!Z69,seed5!Z69,seed6!Z69),4) -> 3.5004 | AA69: =ROUND(AVERAGE(seed1!AA69,seed2!AA69,seed3!AA69,seed4!AA69,seed5!AA69,seed6!AA69),4) -> 16.5222 | AC69: =ROUND(AVERAGE(seed1!AC69,seed2!AC69,seed3!AC69,seed4!AC69,seed5!AC69,seed6!AC69),4) -> 8.3038 | AD69: =ROUND(AVERAGE(seed1!AD69,seed2!AD69,seed3!AD69,seed4!AD69,seed5!AD69,seed6!AD69),4) -> 5.8655 | AE69: =ROUND(AVERAGE(seed1!AE69,seed2!AE69,seed3!AE69,seed4!AE69,seed5!AE69,seed6!AE69),4) -> 12.1308 | AG69: =E69 -> 8.2983 | AH69: =I69 -> 8.2183 | AI69: =AC69 -> 8.3038 | AJ69: =M69 -> 7.4181 | AK69: =Q69 -> 8.2624 | AL69: =U69 -> 6.8538 | AM69: =Y69 -> 7.6138
B70: 1400 | C70: 1000 | E70: =ROUND(AVERAGE(seed1!E70,seed2!E70,seed3!E70,seed4!E70,seed5!E70,seed6!E70),4) -> 7.8244 | F70: =ROUND(AVERAGE(seed1!F70,seed2!F70,seed3!F70,seed4!F70,seed5!F70,seed6!F70),4) -> 5.8725 | G70: =ROUND(AVERAGE(seed1!G70,seed2!G70,seed3!G70,seed4!G70,seed5!G70,seed6!G70),4) -> 11.7145 | I70: =ROUND(AVERAGE(seed1!I70,seed2!I70,seed3!I70,seed4!I70,seed5!I70,seed6!I70),4) -> 7.8614 | J70: =ROUND(AVERAGE(seed1!J70,seed2!J70,seed3!J70,seed4!J70,seed5!J70,seed6!J70),4) -> 5.9169 | K70: =ROUND(AVERAGE(seed1!K70,seed2!K70,seed3!K70,seed4!K70,seed5!K70,seed6!K70),4) -> 11.9267 | M70: =ROUND(AVERAGE(seed1!M70,seed2!M70,seed3!M70,seed4!M70,seed5!M70,seed6!M70),4) -> 6.4029 | N70: =ROUND(AVERAGE(seed1!N70,seed2!N70,seed3!N70,seed4!N70,seed5!N70,seed6!N70),4) -> 3.0547 | O70: =ROUND(AVERAGE(seed1!O70,seed2!O70,seed3!O70,seed4!O70,seed5!O70,seed6!O70),4) -> 16.5612 | Q70: =ROUND(AVERAGE(seed1!Q70,seed2!Q70,seed3!Q70,seed4!Q70,seed5!Q70,seed6!Q70),4) -> 7.5239 | R70: =ROUND(AVERAGE(seed1!R70,seed2!R70,seed3!R70,seed4!R70,seed5!R70,seed6!R70),4) -> 6.1419 | S70: =ROUND(AVERAGE(seed1!S70,seed2!S70,seed3!S70,seed4!S70,seed5!S70,seed6!S70),4) -> 10.119 | U70: =ROUND(AVERAGE(seed1!U70,seed2!U70,seed3!U70,seed4!U70,seed5!U70,seed6!U70),4) -> 5.7747 | V70: =ROUND(AVERAGE(seed1!V70,seed2!V70,seed3!V70,seed4!V70,seed5!V70,seed6!V70),4) -> 2.3951 | W70: =ROUND(AVERAGE(seed1!W70,seed2!W70,seed3!W70,seed4!W70,seed5!W70,seed6!W70),4) -> 16.6303 | Y70: =ROUND(AVERAGE(seed1!Y70,seed2!Y70,seed3!Y70,seed4!Y70,seed5!Y70,seed6!Y70),4) -> 6.5836 | Z70: =ROUND(AVERAGE(seed1!Z70,seed2!Z70,seed3!Z70,seed4!Z70,seed5!Z70,seed6!Z70),4) -> 3.3653 | AA70: =ROUND(AVERAGE(seed1!AA70,seed2!AA70,seed3!AA70,seed4!AA70,seed5!AA70,seed6!AA70),4) -> 16.1461 | AC70: =ROUND(AVERAGE(seed1!AC70,seed2!AC70,seed3!AC70,seed4!AC70,seed5!AC70,seed6!AC70),4) -> 7.8321 | AD70: =ROUND(AVERAGE(seed1!AD70,seed2!AD70,seed3!AD70,seed4!AD70,seed5!AD70,seed6!AD70),4) -> 5.9653 | AE70: =ROUND(AVERAGE(seed1!AE70,seed2!AE70,seed3!AE70,seed4!AE70,seed5!AE70,seed6!AE70),4) -> 11.5384 | AG70: =E70 -> 7.8244 | AH70: =I70 -> 7.8614 | AI70: =AC70 -> 7.8321 | AJ70: =M70 -> 6.4029 | AK70: =Q70 -> 7.5239 | AL70: =U70 -> 5.7747 | AM70: =Y70 -> 6.5836
B71: 800 | C71: 800 | E71: =ROUND(AVERAGE(seed1!E71,seed2!E71,seed3!E71,seed4!E71,seed5!E71,seed6!E71),4) -> 12.771 | F71: =ROUND(AVERAGE(seed1!F71,seed2!F71,seed3!F71,seed4!F71,seed5!F71,seed6!F71),4) -> 11.0175 | G71: =ROUND(AVERAGE(seed1!G71,seed2!G71,seed3!G71,seed4!G71,seed5!G71,seed6!G71),4) -> 15.0395 | I71: =ROUND(AVERAGE(seed1!I71,seed2!I71,seed3!I71,seed4!I71,seed5!I71,seed6!I71),4) -> 12.9005 | J71: =ROUND(AVERAGE(seed1!J71,seed2!J71,seed3!J71,seed4!J71,seed5!J71,seed6!J71),4) -> 11.1681 | K71: =ROUND(AVERAGE(seed1!K71,seed2!K71,seed3!K71,seed4!K71,seed5!K71,seed6!K71),4) -> 15.0248 | M71: =ROUND(AVERAGE(seed1!M71,seed2!M71,seed3!M71,seed4!M71,seed5!M71,seed6!M71),4) -> 12.1412 | N71: =ROUND(AVERAGE(seed1!N71,seed2!N71,seed3!N71,seed4!N71,seed5!N71,seed6!N71),4) -> 9.2796 | O71: =ROUND(AVERAGE(seed1!O71,seed2!O71,seed3!O71,seed4!O71,seed5!O71,seed6!O71),4) -> 16.4469 | Q71: =ROUND(AVERAGE(seed1!Q71,seed2!Q71,seed3!Q71,seed4!Q71,seed5!Q71,seed6!Q71),4) -> 12.7976 | R71: =ROUND(AVERAGE(seed1!R71,seed2!R71,seed3!R71,seed4!R71,seed5!R71,seed6!R71),4) -> 12.901 | S71: =ROUND(AVERAGE(seed1!S71,seed2!S71,seed3!S71,seed4!S71,seed5!S71,seed6!S71),4) -> 12.7751 | U71: =ROUND(AVERAGE(seed1!U71,seed2!U71,seed3!U71,seed4!U71,seed5!U71,seed6!U71),4) -> 9.308 | V71: =ROUND(AVERAGE(seed1!V71,seed2!V71,seed3!V71,seed4!V71,seed5!V71,seed6!V71),4) -> 5.5888 | W71: =ROUND(AVERAGE(seed1!W71,seed2!W71,seed3!W71,seed4!W71,seed5!W71,seed6!W71),4) -> 16.5499 | Y71: =ROUND(AVERAGE(seed1!Y71,seed2!Y71,seed3!Y71,seed4!Y71,seed5!Y71,seed6!Y71),4) -> 13.0279 | Z71: =ROUND(AVERAGE(seed1!Z71,seed2!Z71,seed3!Z71,seed4!Z71,seed5!Z71,seed6!Z71),4) -> 10.7035 | AA71: =ROUND(AVERAGE(seed1!AA71,seed2!AA71,seed3!AA71,seed4!AA71,seed5!AA71,seed6!AA71),4) -> 16.3617 | AC71: =ROUND(AVERAGE(seed1!AC71,seed2!AC71,seed3!AC71,seed4!AC71,seed5!AC71,seed6!AC71),4) -> 12.8304 | AD71: =ROUND(AVERAGE(seed1!AD71,seed2!AD71,seed3!AD71,seed4!AD71,seed5!AD71,seed6!AD71),4) -> 10.9723 | AE71: =ROUND(AVERAGE(seed1!AE71,seed2!AE71,seed3!AE71,seed4!AE71,seed5!AE71,seed6!AE71),4) -> 15.2662 | AG71: =E71 -> 12.771 | AH71: =I71 -> 12.9005 | AI71: =AC71 -> 12.8304 | AJ71: =M71 -> 12.1412 | AK71: =Q71 -> 12.7976 | AL71: =U71 -> 9.308 | AM71: =Y71 -> 13.0279
AG72: =E72 -> 0 | AH72: =I72 -> 0 | AI72: =AC72 -> 0 | AJ72: =M72 -> 0 | AK72: =Q72 -> 0 | AL72: =U72 -> 0 | AM72: =Y72 -> 0
B73: 500 | C73: 1500 | AG73: =E73 -> 0 | AH73: =I73 -> 0 | AI73: =AC73 -> 0 | AJ73: =M73 -> 0 | AK73: =Q73 -> 0 | AL73: =U73 -> 0 | AM73: =Y73 -> 0
A74: (60s~) | B74: 600 | C74: 1400 | E74: =ROUND(AVERAGE(seed1!E74,seed2!E74,seed3!E74,seed4!E74,seed5!E74,seed6!E74),4) -> 11.7981 | F74: =ROUND(AVERAGE(seed1!F74,seed2!F74,seed3!F74,seed4!F74,seed5!F74,seed6!F74),4) -> 7.0384 | G74: =ROUND(AVERAGE(seed1!G74,seed2!G74,seed3!G74,seed4!G74,seed5!G74,seed6!G74),4) -> 15.2687 | I74: =ROUND(AVERAGE(seed1!I74,seed2!I74,seed3!I74,seed4!I74,seed5!I74,seed6!I74),4) -> 11.8064 | J74: =ROUND(AVERAGE(seed1!J74,seed2!J74,seed3!J74,seed4!J74,seed5!J74,seed6!J74),4) -> 7.4497 | K74: =ROUND(AVERAGE(seed1!K74,seed2!K74,seed3!K74,seed4!K74,seed5!K74,seed6!K74),4) -> 14.8174 | M74: =ROUND(AVERAGE(seed1!M74,seed2!M74,seed3!M74,seed4!M74,seed5!M74,seed6!M74),4) -> 9.9109 | N74: =ROUND(AVERAGE(seed1!N74,seed2!N74,seed3!N74,seed4!N74,seed5!N74,seed6!N74),4) -> 3.8872 | O74: =ROUND(AVERAGE(seed1!O74,seed2!O74,seed3!O74,seed4!O74,seed5!O74,seed6!O74),4) -> 16.6637 | Q74: =ROUND(AVERAGE(seed1!Q74,seed2!Q74,seed3!Q74,seed4!Q74,seed5!Q74,seed6!Q74),4) -> 10.8485 | R74: =ROUND(AVERAGE(seed1!R74,seed2!R74,seed3!R74,seed4!R74,seed5!R74,seed6!R74),4) -> 12.2078 | S74: =ROUND(AVERAGE(seed1!S74,seed2!S74,seed3!S74,seed4!S74,seed5!S74,seed6!S74),4) -> 10.4326 | U74: =ROUND(AVERAGE(seed1!U74,seed2!U74,seed3!U74,seed4!U74,seed5!U74,seed6!U74),4) -> 9.6134 | V74: =ROUND(AVERAGE(seed1!V74,seed2!V74,seed3!V74,seed4!V74,seed5!V74,seed6!V74),4) -> 3.6105 | W74: =ROUND(AVERAGE(seed1!W74,seed2!W74,seed3!W74,seed4!W74,seed5!W74,seed6!W74),4) -> 16.6637 | Y74: =ROUND(AVERAGE(seed1!Y74,seed2!Y74,seed3!Y74,seed4!Y74,seed5!Y74,seed6!Y74),4) -> 11.6912 | Z74: =ROUND(AVERAGE(seed1!Z74,seed2!Z74,seed3!Z74,seed4!Z74,seed5!Z74,seed6!Z74),4) -> 6.205 | AA74: =ROUND(AVERAGE(seed1!AA74,seed2!AA74,seed3!AA74,seed4!AA74,seed5!AA74,seed6!AA74),4) -> 16.4526 | AC74: =ROUND(AVERAGE(seed1!AC74,seed2!AC74,seed3!AC74,seed4!AC74,seed5!AC74,seed6!AC74),4) -> 11.6872 | AD74: =ROUND(AVERAGE(seed1!AD74,seed2!AD74,seed3!AD74,seed4!AD74,seed5!AD74,seed6!AD74),4) -> 6.4103 | AE74: =ROUND(AVERAGE(seed1!AE74,seed2!AE74,seed3!AE74,seed4!AE74,seed5!AE74,seed6!AE74),4) -> 15.8151 | AG74: =E74 -> 11.7981 | AH74: =I74 -> 11.8064 | AI74: =AC74 -> 11.6872 | AJ74: =M74 -> 9.9109 | AK74: =Q74 -> 10.8485 | AL74: =U74 -> 9.6134 | AM74: =Y74 -> 11.6912
B75: 700 | C75: 1300 | AG75: =E75 -> 0 | AH75: =I75 -> 0 | AI75: =AC75 -> 0 | AJ75: =M75 -> 0 | AK75: =Q75 -> 0 | AL75: =U75 -> 0 | AM75: =Y75 -> 0
B76: 800 | C76: 1200 | E76: =ROUND(AVERAGE(seed1!E76,seed2!E76,seed3!E76,seed4!E76,seed5!E76,seed6!E76),4) -> 10.0714 | F76: =ROUND(AVERAGE(seed1!F76,seed2!F76,seed3!F76,seed4!F76,seed5!F76,seed6!F76),4) -> 6.5765 | G76: =ROUND(AVERAGE(seed1!G76,seed2!G76,seed3!G76,seed4!G76,seed5!G76,seed6!G76),4) -> 14.0398 | I76: =ROUND(AVERAGE(seed1!I76,seed2!I76,seed3!I76,seed4!I76,seed5!I76,seed6!I76),4) -> 9.9791 | J76: =ROUND(AVERAGE(seed1!J76,seed2!J76,seed3!J76,seed4!J76,seed5!J76,seed6!J76),4) -> 6.4565 | K76: =ROUND(AVERAGE(seed1!K76,seed2!K76,seed3!K76,seed4!K76,seed5!K76,seed6!K76),4) -> 13.9728 | M76: =ROUND(AVERAGE(seed1!M76,seed2!M76,seed3!M76,seed4!M76,seed5!M76,seed6!M76),4) -> 9.041 | N76: =ROUND(AVERAGE(seed1!N76,seed2!N76,seed3!N76,seed4!N76,seed5!N76,seed6!N76),4) -> 4.0909 | O76: =ROUND(AVERAGE(seed1!O76,seed2!O76,seed3!O76,seed4!O76,seed5!O76,seed6!O76),4) -> 16.6696 | Q76: =ROUND(AVERAGE(seed1!Q76,seed2!Q76,seed3!Q76,seed4!Q76,seed5!Q76,seed6!Q76),4) -> 9.8294 | R76: =ROUND(AVERAGE(seed1!R76,seed2!R76,seed3!R76,seed4!R76,seed5!R76,seed6!R76),4) -> 10.6501 | S76: =ROUND(AVERAGE(seed1!S76,seed2!S76,seed3!S76,seed4!S76,seed5!S76,seed6!S76),4) -> 9.4463 | U76: =ROUND(AVERAGE(seed1!U76,seed2!U76,seed3!U76,seed4!U76,seed5!U76,seed6!U76),4) -> 7.5566 | V76: =ROUND(AVERAGE(seed1!V76,seed2!V76,seed3!V76,seed4!V76,seed5!V76,seed6!V76),4) -> 2.6958 | W76: =ROUND(AVERAGE(seed1!W76,seed2!W76,seed3!W76,seed4!W76,seed5!W76,seed6!W76),4) -> 16.67 | Y76: =ROUND(AVERAGE(seed1!Y76,seed2!Y76,seed3!Y76,seed4!Y76,seed5!Y76,seed6!Y76),4) -> 9.0336 | Z76: =ROUND(AVERAGE(seed1!Z76,seed2!Z76,seed3!Z76,seed4!Z76,seed5!Z76,seed6!Z76),4) -> 4.0818 | AA76: =ROUND(AVERAGE(seed1!AA76,seed2!AA76,seed3!AA76,seed4!AA76,seed5!AA76,seed6!AA76),4) -> 16.6692 | AC76: =ROUND(AVERAGE(seed1!AC76,seed2!AC76,seed3!AC76,seed4!AC76,seed5!AC76,seed6!AC76),4) -> 9.9824 | AD76: =ROUND(AVERAGE(seed1!AD76,seed2!AD76,seed3!AD76,seed4!AD76,seed5!AD76,seed6!AD76),4) -> 6.5067 | AE76: =ROUND(AVERAGE(seed1!AE76,seed2!AE76,seed3!AE76,seed4!AE76,seed5!AE76,seed6!AE76),4) -> 13.846 | AG76: =E76 -> 10.0714 | AH76: =I76 -> 9.9791 | AI76: =AC76 -> 9.9824 | AJ76: =M76 -> 9.041 | AK76: =Q76 -> 9.8294 | AL76: =U76 -> 7.5566 | AM76: =Y76 -> 9.0336
B77: 900 | C77: 1100 | AG77: =E77 -> 0 | AH77: =I77 -> 0 | AI77: =AC77 -> 0 | AJ77: =M77 -> 0 | AK77: =Q77 -> 0 | AL77: =U77 -> 0 | AM77: =Y77 -> 0
B78: 1000 | C78: 1000 | E78: =ROUND(AVERAGE(seed1!E78,seed2!E78,seed3!E78,seed4!E78,seed5!E78,seed6!E78),4) -> 9.2556 | F78: =ROUND(AVERAGE(seed1!F78,seed2!F78,seed3!F78,seed4!F78,seed5!F78,seed6!F78),4) -> 7.4076 | G78: =ROUND(AVERAGE(seed1!G78,seed2!G78,seed3!G78,seed4!G78,seed5!G78,seed6!G78),4) -> 12.1498 | I78: =ROUND(AVERAGE(seed1!I78,seed2!I78,seed3!I78,seed4!I78,seed5!I78,seed6!I78),4) -> 9.1689 | J78: =ROUND(AVERAGE(seed1!J78,seed2!J78,seed3!J78,seed4!J78,seed5!J78,seed6!J78),4) -> 6.8365 | K78: =ROUND(AVERAGE(seed1!K78,seed2!K78,seed3!K78,seed4!K78,seed5!K78,seed6!K78),4) -> 13.0479 | M78: =ROUND(AVERAGE(seed1!M78,seed2!M78,seed3!M78,seed4!M78,seed5!M78,seed6!M78),4) -> 7.2128 | N78: =ROUND(AVERAGE(seed1!N78,seed2!N78,seed3!N78,seed4!N78,seed5!N78,seed6!N78),4) -> 3.4078 | O78: =ROUND(AVERAGE(seed1!O78,seed2!O78,seed3!O78,seed4!O78,seed5!O78,seed6!O78),4) -> 16.6278 | Q78: =ROUND(AVERAGE(seed1!Q78,seed2!Q78,seed3!Q78,seed4!Q78,seed5!Q78,seed6!Q78),4) -> 8.8856 | R78: =ROUND(AVERAGE(seed1!R78,seed2!R78,seed3!R78,seed4!R78,seed5!R78,seed6!R78),4) -> 8.2383 | S78: =ROUND(AVERAGE(seed1!S78,seed2!S78,seed3!S78,seed4!S78,seed5!S78,seed6!S78),4) -> 9.684 | U78: =ROUND(AVERAGE(seed1!U78,seed2!U78,seed3!U78,seed4!U78,seed5!U78,seed6!U78),4) -> 6.2531 | V78: =ROUND(AVERAGE(seed1!V78,seed2!V78,seed3!V78,seed4!V78,seed5!V78,seed6!V78),4) -> 2.5626 | W78: =ROUND(AVERAGE(seed1!W78,seed2!W78,seed3!W78,seed4!W78,seed5!W78,seed6!W78),4) -> 16.6138 | Y78: =ROUND(AVERAGE(seed1!Y78,seed2!Y78,seed3!Y78,seed4!Y78,seed5!Y78,seed6!Y78),4) -> 7.6408 | Z78: =ROUND(AVERAGE(seed1!Z78,seed2!Z78,seed3!Z78,seed4!Z78,seed5!Z78,seed6!Z78),4) -> 3.7837 | AA78: =ROUND(AVERAGE(seed1!AA78,seed2!AA78,seed3!AA78,seed4!AA78,seed5!AA78,seed6!AA78),4) -> 16.6379 | AC78: =ROUND(AVERAGE(seed1!AC78,seed2!AC78,seed3!AC78,seed4!AC78,seed5!AC78,seed6!AC78),4) -> 9.183 | AD78: =ROUND(AVERAGE(seed1!AD78,seed2!AD78,seed3!AD78,seed4!AD78,seed5!AD78,seed6!AD78),4) -> 7.2043 | AE78: =ROUND(AVERAGE(seed1!AE78,seed2!AE78,seed3!AE78,seed4!AE78,seed5!AE78,seed6!AE78),4) -> 12.3837 | AG78: =E78 -> 9.2556 | AH78: =I78 -> 9.1689 | AI78: =AC78 -> 9.183 | AJ78: =M78 -> 7.2128 | AK78: =Q78 -> 8.8856 | AL78: =U78 -> 6.2531 | AM78: =Y78 -> 7.6408
B79: 1100 | C79: 900 | AG79: =E79 -> 0 | AH79: =I79 -> 0 | AI79: =AC79 -> 0 | AJ79: =M79 -> 0 | AK79: =Q79 -> 0 | AL79: =U79 -> 0 | AM79: =Y79 -> 0
B80: 1200 | C80: 800 | E80: =ROUND(AVERAGE(seed1!E80,seed2!E80,seed3!E80,seed4!E80,seed5!E80,seed6!E80),4) -> 6.6065 | F80: =ROUND(AVERAGE(seed1!F80,seed2!F80,seed3!F80,seed4!F80,seed5!F80,seed6!F80),4) -> 5.0341 | G80: =ROUND(AVERAGE(seed1!G80,seed2!G80,seed3!G80,seed4!G80,seed5!G80,seed6!G80),4) -> 10.9052 | I80: =ROUND(AVERAGE(seed1!I80,seed2!I80,seed3!I80,seed4!I80,seed5!I80,seed6!I80),4) -> 6.8272 | J80: =ROUND(AVERAGE(seed1!J80,seed2!J80,seed3!J80,seed4!J80,seed5!J80,seed6!J80),4) -> 5.3426 | K80: =ROUND(AVERAGE(seed1!K80,seed2!K80,seed3!K80,seed4!K80,seed5!K80,seed6!K80),4) -> 10.938 | M80: =ROUND(AVERAGE(seed1!M80,seed2!M80,seed3!M80,seed4!M80,seed5!M80,seed6!M80),4) -> 5.3005 | N80: =ROUND(AVERAGE(seed1!N80,seed2!N80,seed3!N80,seed4!N80,seed5!N80,seed6!N80),4) -> 2.73 | O80: =ROUND(AVERAGE(seed1!O80,seed2!O80,seed3!O80,seed4!O80,seed5!O80,seed6!O80),4) -> 16.612 | Q80: =ROUND(AVERAGE(seed1!Q80,seed2!Q80,seed3!Q80,seed4!Q80,seed5!Q80,seed6!Q80),4) -> 7.2426 | R80: =ROUND(AVERAGE(seed1!R80,seed2!R80,seed3!R80,seed4!R80,seed5!R80,seed6!R80),4) -> 6.1075 | S80: =ROUND(AVERAGE(seed1!S80,seed2!S80,seed3!S80,seed4!S80,seed5!S80,seed6!S80),4) -> 9.8685 | U80: =ROUND(AVERAGE(seed1!U80,seed2!U80,seed3!U80,seed4!U80,seed5!U80,seed6!U80),4) -> 4.4958 | V80: =ROUND(AVERAGE(seed1!V80,seed2!V80,seed3!V80,seed4!V80,seed5!V80,seed6!V80),4) -> 1.949 | W80: =ROUND(AVERAGE(seed1!W80,seed2!W80,seed3!W80,seed4!W80,seed5!W80,seed6!W80),4) -> 16.6374 | Y80: =ROUND(AVERAGE(seed1!Y80,seed2!Y80,seed3!Y80,seed4!Y80,seed5!Y80,seed6!Y80),4) -> 5.4169 | Z80: =ROUND(AVERAGE(seed1!Z80,seed2!Z80,seed3!Z80,seed4!Z80,seed5!Z80,seed6!Z80),4) -> 2.8375 | AA80: =ROUND(AVERAGE(seed1!AA80,seed2!AA80,seed3!AA80,seed4!AA80,seed5!AA80,seed6!AA80),4) -> 16.635 | AC80: =ROUND(AVERAGE(seed1!AC80,seed2!AC80,seed3!AC80,seed4!AC80,seed5!AC80,seed6!AC80),4) -> 7.4108 | AD80: =ROUND(AVERAGE(seed1!AD80,seed2!AD80,seed3!AD80,seed4!AD80,seed5!AD80,seed6!AD80),4) -> 6.0502 | AE80: =ROUND(AVERAGE(seed1!AE80,seed2!AE80,seed3!AE80,seed4!AE80,seed5!AE80,seed6!AE80),4) -> 10.9807 | AG80: =E80 -> 6.6065 | AH80: =I80 -> 6.8272 | AI80: =AC80 -> 7.4108 | AJ80: =M80 -> 5.3005 | AK80: =Q80 -> 7.2426 | AL80: =U80 -> 4.4958 | AM80: =Y80 -> 5.4169
B81: 1300 | C81: 700 | AG81: =E81 -> 0 | AH81: =I81 -> 0 | AI81: =AC81 -> 0 | AJ81: =M81 -> 0 | AK81: =Q81 -> 0 | AL81: =U81 -> 0 | AM81: =Y81 -> 0
